[DEBUG] 2026-09-28 13:28:12.836 [http-nio-8080-exec-2] IntegratorServiceImpl - Adding Integrator [org.hibernate.boot.beanvalidation.BeanValidationIntegrator].
[DEBUG] 2026-09-28 13:28:12.878 [http-nio-8080-exec-2] IntegratorServiceImpl - Adding Integrator [org.hibernate.cache.internal.CollectionCacheInvalidator].
[INFO ] 2026-09-28 13:28:13.067 [http-nio-8080-exec-2] Version - HHH000412: Hibernate ORM core version 6.4.3.Final
[DEBUG] 2026-09-28 13:28:13.072 [http-nio-8080-exec-2] Environment - HHH000206: 'hibernate.properties' not found
[DEBUG] 2026-09-28 13:28:13.313 [http-nio-8080-exec-2] LocalXmlResourceResolver - Checking public/system identifiers `-//Hibernate/Hibernate Configuration DTD//EN`/`http://www.hibernate.org/dtd/hibernate-configuration-3.0.dtd` as DTD references
[DEBUG] 2026-09-28 13:28:13.334 [http-nio-8080-exec-2] JaxbCfgProcessor - cfg.xml document did not define namespaces; wrapping in custom event reader to introduce namespace information
[DEBUG] 2026-09-28 13:28:14.502 [http-nio-8080-exec-2] factory - Ignoring CDI for resolving IdentifierGenerator instances as extended or delayed CDI support was enabled
[DEBUG] 2026-09-28 13:28:14.538 [http-nio-8080-exec-2] factory - Registering IdentifierGenerator strategy [uuid2] -> [org.hibernate.id.UUIDGenerator]
[DEBUG] 2026-09-28 13:28:14.541 [http-nio-8080-exec-2] factory - Registering IdentifierGenerator strategy [guid] -> [org.hibernate.id.GUIDGenerator]
[DEBUG] 2026-09-28 13:28:14.545 [http-nio-8080-exec-2] factory - Registering IdentifierGenerator strategy [uuid] -> [org.hibernate.id.UUIDHexGenerator]
[DEBUG] 2026-09-28 13:28:14.545 [http-nio-8080-exec-2] factory - Registering IdentifierGenerator strategy [uuid.hex] -> [org.hibernate.id.UUIDHexGenerator]
[DEBUG] 2026-09-28 13:28:14.547 [http-nio-8080-exec-2] factory - Registering IdentifierGenerator strategy [assigned] -> [org.hibernate.id.Assigned]
[DEBUG] 2026-09-28 13:28:14.556 [http-nio-8080-exec-2] factory - Registering IdentifierGenerator strategy [identity] -> [org.hibernate.id.IdentityGenerator]
[DEBUG] 2026-09-28 13:28:14.559 [http-nio-8080-exec-2] factory - Registering IdentifierGenerator strategy [select] -> [org.hibernate.id.SelectGenerator]
[DEBUG] 2026-09-28 13:28:14.567 [http-nio-8080-exec-2] factory - Registering IdentifierGenerator strategy [sequence] -> [org.hibernate.id.enhanced.SequenceStyleGenerator]
[DEBUG] 2026-09-28 13:28:14.570 [http-nio-8080-exec-2] factory - Registering IdentifierGenerator strategy [increment] -> [org.hibernate.id.IncrementGenerator]
[DEBUG] 2026-09-28 13:28:14.575 [http-nio-8080-exec-2] factory - Registering IdentifierGenerator strategy [foreign] -> [org.hibernate.id.ForeignGenerator]
[DEBUG] 2026-09-28 13:28:14.575 [http-nio-8080-exec-2] factory - Registering IdentifierGenerator strategy [enhanced-sequence] -> [org.hibernate.id.enhanced.SequenceStyleGenerator]
[DEBUG] 2026-09-28 13:28:14.579 [http-nio-8080-exec-2] factory - Registering IdentifierGenerator strategy [enhanced-table] -> [org.hibernate.id.enhanced.TableGenerator]
[DEBUG] 2026-09-28 13:28:14.632 [http-nio-8080-exec-2] RegionFactoryInitiator - Cannot default RegionFactory based on registered strategies as `[]` RegionFactory strategies were registered
[INFO ] 2026-09-28 13:28:14.636 [http-nio-8080-exec-2] RegionFactoryInitiator - HHH000026: Second-level cache disabled
[DEBUG] 2026-09-28 13:28:15.214 [http-nio-8080-exec-2] BasicTypeRegistry - Adding type registration boolean -> org.hibernate.type.BasicTypeReference@8783e02
[DEBUG] 2026-09-28 13:28:15.215 [http-nio-8080-exec-2] BasicTypeRegistry - Adding type registration boolean -> org.hibernate.type.BasicTypeReference@8783e02
[DEBUG] 2026-09-28 13:28:15.215 [http-nio-8080-exec-2] BasicTypeRegistry - Adding type registration java.lang.Boolean -> org.hibernate.type.BasicTypeReference@8783e02
[DEBUG] 2026-09-28 13:28:15.215 [http-nio-8080-exec-2] BasicTypeRegistry - Adding type registration numeric_boolean -> org.hibernate.type.BasicTypeReference@3029b7f6
[DEBUG] 2026-09-28 13:28:15.215 [http-nio-8080-exec-2] BasicTypeRegistry - Adding type registration org.hibernate.type.NumericBooleanConverter -> org.hibernate.type.BasicTypeReference@3029b7f6
[DEBUG] 2026-09-28 13:28:15.216 [http-nio-8080-exec-2] BasicTypeRegistry - Adding type registration true_false -> org.hibernate.type.BasicTypeReference@2f72cf4f
[DEBUG] 2026-09-28 13:28:15.216 [http-nio-8080-exec-2] BasicTypeRegistry - Adding type registration org.hibernate.type.TrueFalseConverter -> org.hibernate.type.BasicTypeReference@2f72cf4f
[DEBUG] 2026-09-28 13:28:15.216 [http-nio-8080-exec-2] BasicTypeRegistry - Adding type registration yes_no -> org.hibernate.type.BasicTypeReference@3ce75b73
[DEBUG] 2026-09-28 13:28:15.217 [http-nio-8080-exec-2] BasicTypeRegistry - Adding type registration org.hibernate.type.YesNoConverter -> org.hibernate.type.BasicTypeReference@3ce75b73
[DEBUG] 2026-09-28 13:28:15.217 [http-nio-8080-exec-2] BasicTypeRegistry - Adding type registration byte -> org.hibernate.type.BasicTypeReference@75a6fac3
[DEBUG] 2026-09-28 13:28:15.217 [http-nio-8080-exec-2] BasicTypeRegistry - Adding type registration byte -> org.hibernate.type.BasicTypeReference@75a6fac3
[DEBUG] 2026-09-28 13:28:15.217 [http-nio-8080-exec-2] BasicTypeRegistry - Adding type registration java.lang.Byte -> org.hibernate.type.BasicTypeReference@75a6fac3
[DEBUG] 2026-09-28 13:28:15.218 [http-nio-8080-exec-2] BasicTypeRegistry - Adding type registration binary -> org.hibernate.type.BasicTypeReference@8cd7586
[DEBUG] 2026-09-28 13:28:15.218 [http-nio-8080-exec-2] BasicTypeRegistry - Adding type registration byte[] -> org.hibernate.type.BasicTypeReference@8cd7586
[DEBUG] 2026-09-28 13:28:15.219 [http-nio-8080-exec-2] BasicTypeRegistry - Adding type registration [B -> org.hibernate.type.BasicTypeReference@8cd7586
[DEBUG] 2026-09-28 13:28:15.219 [http-nio-8080-exec-2] BasicTypeRegistry - Adding type registration binary_wrapper -> org.hibernate.type.BasicTypeReference@317ccb67
[DEBUG] 2026-09-28 13:28:15.220 [http-nio-8080-exec-2] BasicTypeRegistry - Adding type registration wrapper-binary -> org.hibernate.type.BasicTypeReference@317ccb67
[DEBUG] 2026-09-28 13:28:15.220 [http-nio-8080-exec-2] BasicTypeRegistry - Adding type registration image -> org.hibernate.type.BasicTypeReference@374622f8
[DEBUG] 2026-09-28 13:28:15.220 [http-nio-8080-exec-2] BasicTypeRegistry - Adding type registration blob -> org.hibernate.type.BasicTypeReference@75f4a631
[DEBUG] 2026-09-28 13:28:15.220 [http-nio-8080-exec-2] BasicTypeRegistry - Adding type registration java.sql.Blob -> org.hibernate.type.BasicTypeReference@75f4a631
[DEBUG] 2026-09-28 13:28:15.220 [http-nio-8080-exec-2] BasicTypeRegistry - Adding type registration materialized_blob -> org.hibernate.type.BasicTypeReference@16f68c4c
[DEBUG] 2026-09-28 13:28:15.220 [http-nio-8080-exec-2] BasicTypeRegistry - Adding type registration materialized_blob_wrapper -> org.hibernate.type.BasicTypeReference@41865a06
[DEBUG] 2026-09-28 13:28:15.220 [http-nio-8080-exec-2] BasicTypeRegistry - Adding type registration short -> org.hibernate.type.BasicTypeReference@4751e12c
[DEBUG] 2026-09-28 13:28:15.220 [http-nio-8080-exec-2] BasicTypeRegistry - Adding type registration short -> org.hibernate.type.BasicTypeReference@4751e12c
[DEBUG] 2026-09-28 13:28:15.221 [http-nio-8080-exec-2] BasicTypeRegistry - Adding type registration java.lang.Short -> org.hibernate.type.BasicTypeReference@4751e12c
[DEBUG] 2026-09-28 13:28:15.221 [http-nio-8080-exec-2] BasicTypeRegistry - Adding type registration integer -> org.hibernate.type.BasicTypeReference@174412d9
[DEBUG] 2026-09-28 13:28:15.221 [http-nio-8080-exec-2] BasicTypeRegistry - Adding type registration int -> org.hibernate.type.BasicTypeReference@174412d9
[DEBUG] 2026-09-28 13:28:15.222 [http-nio-8080-exec-2] BasicTypeRegistry - Adding type registration java.lang.Integer -> org.hibernate.type.BasicTypeReference@174412d9
[DEBUG] 2026-09-28 13:28:15.222 [http-nio-8080-exec-2] BasicTypeRegistry - Adding type registration long -> org.hibernate.type.BasicTypeReference@35726891
[DEBUG] 2026-09-28 13:28:15.222 [http-nio-8080-exec-2] BasicTypeRegistry - Adding type registration long -> org.hibernate.type.BasicTypeReference@35726891
[DEBUG] 2026-09-28 13:28:15.223 [http-nio-8080-exec-2] BasicTypeRegistry - Adding type registration java.lang.Long -> org.hibernate.type.BasicTypeReference@35726891
[DEBUG] 2026-09-28 13:28:15.223 [http-nio-8080-exec-2] BasicTypeRegistry - Adding type registration float -> org.hibernate.type.BasicTypeReference@46574253
[DEBUG] 2026-09-28 13:28:15.223 [http-nio-8080-exec-2] BasicTypeRegistry - Adding type registration float -> org.hibernate.type.BasicTypeReference@46574253
[DEBUG] 2026-09-28 13:28:15.223 [http-nio-8080-exec-2] BasicTypeRegistry - Adding type registration java.lang.Float -> org.hibernate.type.BasicTypeReference@46574253
[DEBUG] 2026-09-28 13:28:15.223 [http-nio-8080-exec-2] BasicTypeRegistry - Adding type registration double -> org.hibernate.type.BasicTypeReference@e478334
[DEBUG] 2026-09-28 13:28:15.223 [http-nio-8080-exec-2] BasicTypeRegistry - Adding type registration double -> org.hibernate.type.BasicTypeReference@e478334
[DEBUG] 2026-09-28 13:28:15.223 [http-nio-8080-exec-2] BasicTypeRegistry - Adding type registration java.lang.Double -> org.hibernate.type.BasicTypeReference@e478334
[DEBUG] 2026-09-28 13:28:15.223 [http-nio-8080-exec-2] BasicTypeRegistry - Adding type registration big_integer -> org.hibernate.type.BasicTypeReference@39a29aff
[DEBUG] 2026-09-28 13:28:15.223 [http-nio-8080-exec-2] BasicTypeRegistry - Adding type registration java.math.BigInteger -> org.hibernate.type.BasicTypeReference@39a29aff
[DEBUG] 2026-09-28 13:28:15.224 [http-nio-8080-exec-2] BasicTypeRegistry - Adding type registration big_decimal -> org.hibernate.type.BasicTypeReference@1fb25bba
[DEBUG] 2026-09-28 13:28:15.224 [http-nio-8080-exec-2] BasicTypeRegistry - Adding type registration java.math.BigDecimal -> org.hibernate.type.BasicTypeReference@1fb25bba
[DEBUG] 2026-09-28 13:28:15.224 [http-nio-8080-exec-2] BasicTypeRegistry - Adding type registration character -> org.hibernate.type.BasicTypeReference@638bd7c5
[DEBUG] 2026-09-28 13:28:15.225 [http-nio-8080-exec-2] BasicTypeRegistry - Adding type registration char -> org.hibernate.type.BasicTypeReference@638bd7c5
[DEBUG] 2026-09-28 13:28:15.225 [http-nio-8080-exec-2] BasicTypeRegistry - Adding type registration java.lang.Character -> org.hibernate.type.BasicTypeReference@638bd7c5
[DEBUG] 2026-09-28 13:28:15.225 [http-nio-8080-exec-2] BasicTypeRegistry - Adding type registration character_nchar -> org.hibernate.type.BasicTypeReference@5167b6a3
[DEBUG] 2026-09-28 13:28:15.225 [http-nio-8080-exec-2] BasicTypeRegistry - Adding type registration string -> org.hibernate.type.BasicTypeReference@7cbfab12
[DEBUG] 2026-09-28 13:28:15.226 [http-nio-8080-exec-2] BasicTypeRegistry - Adding type registration java.lang.String -> org.hibernate.type.BasicTypeReference@7cbfab12
[DEBUG] 2026-09-28 13:28:15.226 [http-nio-8080-exec-2] BasicTypeRegistry - Adding type registration nstring -> org.hibernate.type.BasicTypeReference@71dd50b4
[DEBUG] 2026-09-28 13:28:15.226 [http-nio-8080-exec-2] BasicTypeRegistry - Adding type registration characters -> org.hibernate.type.BasicTypeReference@4c5584b5
[DEBUG] 2026-09-28 13:28:15.226 [http-nio-8080-exec-2] BasicTypeRegistry - Adding type registration char[] -> org.hibernate.type.BasicTypeReference@4c5584b5
[DEBUG] 2026-09-28 13:28:15.226 [http-nio-8080-exec-2] BasicTypeRegistry - Adding type registration [C -> org.hibernate.type.BasicTypeReference@4c5584b5
[DEBUG] 2026-09-28 13:28:15.226 [http-nio-8080-exec-2] BasicTypeRegistry - Adding type registration wrapper-characters -> org.hibernate.type.BasicTypeReference@20ebf132
[DEBUG] 2026-09-28 13:28:15.226 [http-nio-8080-exec-2] BasicTypeRegistry - Adding type registration text -> org.hibernate.type.BasicTypeReference@210d2906
[DEBUG] 2026-09-28 13:28:15.226 [http-nio-8080-exec-2] BasicTypeRegistry - Adding type registration ntext -> org.hibernate.type.BasicTypeReference@3a4e8563
[DEBUG] 2026-09-28 13:28:15.227 [http-nio-8080-exec-2] BasicTypeRegistry - Adding type registration clob -> org.hibernate.type.BasicTypeReference@5adedeb3
[DEBUG] 2026-09-28 13:28:15.227 [http-nio-8080-exec-2] BasicTypeRegistry - Adding type registration java.sql.Clob -> org.hibernate.type.BasicTypeReference@5adedeb3
[DEBUG] 2026-09-28 13:28:15.227 [http-nio-8080-exec-2] BasicTypeRegistry - Adding type registration nclob -> org.hibernate.type.BasicTypeReference@25c3c6bb
[DEBUG] 2026-09-28 13:28:15.227 [http-nio-8080-exec-2] BasicTypeRegistry - Adding type registration java.sql.NClob -> org.hibernate.type.BasicTypeReference@25c3c6bb
[DEBUG] 2026-09-28 13:28:15.227 [http-nio-8080-exec-2] BasicTypeRegistry - Adding type registration materialized_clob -> org.hibernate.type.BasicTypeReference@6dce8e1c
[DEBUG] 2026-09-28 13:28:15.228 [http-nio-8080-exec-2] BasicTypeRegistry - Adding type registration materialized_clob_char_array -> org.hibernate.type.BasicTypeReference@23e56b5b
[DEBUG] 2026-09-28 13:28:15.228 [http-nio-8080-exec-2] BasicTypeRegistry - Adding type registration materialized_clob_character_array -> org.hibernate.type.BasicTypeReference@fe212d2
[DEBUG] 2026-09-28 13:28:15.228 [http-nio-8080-exec-2] BasicTypeRegistry - Adding type registration materialized_nclob -> org.hibernate.type.BasicTypeReference@34afeb8b
[DEBUG] 2026-09-28 13:28:15.228 [http-nio-8080-exec-2] BasicTypeRegistry - Adding type registration materialized_nclob_character_array -> org.hibernate.type.BasicTypeReference@2d883d6c
[DEBUG] 2026-09-28 13:28:15.228 [http-nio-8080-exec-2] BasicTypeRegistry - Adding type registration materialized_nclob_char_array -> org.hibernate.type.BasicTypeReference@25bf2435
[DEBUG] 2026-09-28 13:28:15.229 [http-nio-8080-exec-2] BasicTypeRegistry - Adding type registration Duration -> org.hibernate.type.BasicTypeReference@3a54d6d2
[DEBUG] 2026-09-28 13:28:15.229 [http-nio-8080-exec-2] BasicTypeRegistry - Adding type registration java.time.Duration -> org.hibernate.type.BasicTypeReference@3a54d6d2
[DEBUG] 2026-09-28 13:28:15.229 [http-nio-8080-exec-2] BasicTypeRegistry - Adding type registration LocalDateTime -> org.hibernate.type.BasicTypeReference@71ec81a0
[DEBUG] 2026-09-28 13:28:15.229 [http-nio-8080-exec-2] BasicTypeRegistry - Adding type registration java.time.LocalDateTime -> org.hibernate.type.BasicTypeReference@71ec81a0
[DEBUG] 2026-09-28 13:28:15.229 [http-nio-8080-exec-2] BasicTypeRegistry - Adding type registration LocalDate -> org.hibernate.type.BasicTypeReference@1d63a1ac
[DEBUG] 2026-09-28 13:28:15.229 [http-nio-8080-exec-2] BasicTypeRegistry - Adding type registration java.time.LocalDate -> org.hibernate.type.BasicTypeReference@1d63a1ac
[DEBUG] 2026-09-28 13:28:15.229 [http-nio-8080-exec-2] BasicTypeRegistry - Adding type registration LocalTime -> org.hibernate.type.BasicTypeReference@4121b0b9
[DEBUG] 2026-09-28 13:28:15.229 [http-nio-8080-exec-2] BasicTypeRegistry - Adding type registration java.time.LocalTime -> org.hibernate.type.BasicTypeReference@4121b0b9
[DEBUG] 2026-09-28 13:28:15.229 [http-nio-8080-exec-2] BasicTypeRegistry - Adding type registration OffsetDateTime -> org.hibernate.type.BasicTypeReference@5ddf0c09
[DEBUG] 2026-09-28 13:28:15.229 [http-nio-8080-exec-2] BasicTypeRegistry - Adding type registration java.time.OffsetDateTime -> org.hibernate.type.BasicTypeReference@5ddf0c09
[DEBUG] 2026-09-28 13:28:15.229 [http-nio-8080-exec-2] BasicTypeRegistry - Adding type registration OffsetDateTimeWithTimezone -> org.hibernate.type.BasicTypeReference@48ab7793
[DEBUG] 2026-09-28 13:28:15.229 [http-nio-8080-exec-2] BasicTypeRegistry - Adding type registration OffsetDateTimeWithoutTimezone -> org.hibernate.type.BasicTypeReference@48c5d1eb
[DEBUG] 2026-09-28 13:28:15.229 [http-nio-8080-exec-2] BasicTypeRegistry - Adding type registration OffsetTime -> org.hibernate.type.BasicTypeReference@4ad0432
[DEBUG] 2026-09-28 13:28:15.229 [http-nio-8080-exec-2] BasicTypeRegistry - Adding type registration java.time.OffsetTime -> org.hibernate.type.BasicTypeReference@4ad0432
[DEBUG] 2026-09-28 13:28:15.229 [http-nio-8080-exec-2] BasicTypeRegistry - Adding type registration OffsetTimeUtc -> org.hibernate.type.BasicTypeReference@2137efea
[DEBUG] 2026-09-28 13:28:15.229 [http-nio-8080-exec-2] BasicTypeRegistry - Adding type registration OffsetTimeWithTimezone -> org.hibernate.type.BasicTypeReference@323303b0
[DEBUG] 2026-09-28 13:28:15.229 [http-nio-8080-exec-2] BasicTypeRegistry - Adding type registration OffsetTimeWithoutTimezone -> org.hibernate.type.BasicTypeReference@541fd694
[DEBUG] 2026-09-28 13:28:15.229 [http-nio-8080-exec-2] BasicTypeRegistry - Adding type registration ZonedDateTime -> org.hibernate.type.BasicTypeReference@387fd4b1
[DEBUG] 2026-09-28 13:28:15.229 [http-nio-8080-exec-2] BasicTypeRegistry - Adding type registration java.time.ZonedDateTime -> org.hibernate.type.BasicTypeReference@387fd4b1
[DEBUG] 2026-09-28 13:28:15.229 [http-nio-8080-exec-2] BasicTypeRegistry - Adding type registration ZonedDateTimeWithTimezone -> org.hibernate.type.BasicTypeReference@262924eb
[DEBUG] 2026-09-28 13:28:15.229 [http-nio-8080-exec-2] BasicTypeRegistry - Adding type registration ZonedDateTimeWithoutTimezone -> org.hibernate.type.BasicTypeReference@c2d8d1d
[DEBUG] 2026-09-28 13:28:15.229 [http-nio-8080-exec-2] BasicTypeRegistry - Adding type registration date -> org.hibernate.type.BasicTypeReference@26ac517a
[DEBUG] 2026-09-28 13:28:15.229 [http-nio-8080-exec-2] BasicTypeRegistry - Adding type registration java.sql.Date -> org.hibernate.type.BasicTypeReference@26ac517a
[DEBUG] 2026-09-28 13:28:15.229 [http-nio-8080-exec-2] BasicTypeRegistry - Adding type registration time -> org.hibernate.type.BasicTypeReference@60b0d342
[DEBUG] 2026-09-28 13:28:15.229 [http-nio-8080-exec-2] BasicTypeRegistry - Adding type registration java.sql.Time -> org.hibernate.type.BasicTypeReference@60b0d342
[DEBUG] 2026-09-28 13:28:15.229 [http-nio-8080-exec-2] BasicTypeRegistry - Adding type registration timestamp -> org.hibernate.type.BasicTypeReference@fd1bdc3
[DEBUG] 2026-09-28 13:28:15.229 [http-nio-8080-exec-2] BasicTypeRegistry - Adding type registration java.sql.Timestamp -> org.hibernate.type.BasicTypeReference@fd1bdc3
[DEBUG] 2026-09-28 13:28:15.234 [http-nio-8080-exec-2] BasicTypeRegistry - Adding type registration java.util.Date -> org.hibernate.type.BasicTypeReference@fd1bdc3
[DEBUG] 2026-09-28 13:28:15.234 [http-nio-8080-exec-2] BasicTypeRegistry - Adding type registration calendar -> org.hibernate.type.BasicTypeReference@6ff48c41
[DEBUG] 2026-09-28 13:28:15.234 [http-nio-8080-exec-2] BasicTypeRegistry - Adding type registration java.util.Calendar -> org.hibernate.type.BasicTypeReference@6ff48c41
[DEBUG] 2026-09-28 13:28:15.234 [http-nio-8080-exec-2] BasicTypeRegistry - Adding type registration java.util.GregorianCalendar -> org.hibernate.type.BasicTypeReference@6ff48c41
[DEBUG] 2026-09-28 13:28:15.234 [http-nio-8080-exec-2] BasicTypeRegistry - Adding type registration calendar_date -> org.hibernate.type.BasicTypeReference@2b973744
[DEBUG] 2026-09-28 13:28:15.234 [http-nio-8080-exec-2] BasicTypeRegistry - Adding type registration calendar_time -> org.hibernate.type.BasicTypeReference@4ddbcbb7
[DEBUG] 2026-09-28 13:28:15.235 [http-nio-8080-exec-2] BasicTypeRegistry - Adding type registration instant -> org.hibernate.type.BasicTypeReference@4fe6486a
[DEBUG] 2026-09-28 13:28:15.237 [http-nio-8080-exec-2] BasicTypeRegistry - Adding type registration java.time.Instant -> org.hibernate.type.BasicTypeReference@4fe6486a
[DEBUG] 2026-09-28 13:28:15.238 [http-nio-8080-exec-2] BasicTypeRegistry - Adding type registration uuid -> org.hibernate.type.BasicTypeReference@43b4353
[DEBUG] 2026-09-28 13:28:15.238 [http-nio-8080-exec-2] BasicTypeRegistry - Adding type registration java.util.UUID -> org.hibernate.type.BasicTypeReference@43b4353
[DEBUG] 2026-09-28 13:28:15.238 [http-nio-8080-exec-2] BasicTypeRegistry - Adding type registration pg-uuid -> org.hibernate.type.BasicTypeReference@43b4353
[DEBUG] 2026-09-28 13:28:15.238 [http-nio-8080-exec-2] BasicTypeRegistry - Adding type registration uuid-binary -> org.hibernate.type.BasicTypeReference@16046987
[DEBUG] 2026-09-28 13:28:15.238 [http-nio-8080-exec-2] BasicTypeRegistry - Adding type registration uuid-char -> org.hibernate.type.BasicTypeReference@5918e83
[DEBUG] 2026-09-28 13:28:15.239 [http-nio-8080-exec-2] BasicTypeRegistry - Adding type registration class -> org.hibernate.type.BasicTypeReference@78c92343
[DEBUG] 2026-09-28 13:28:15.239 [http-nio-8080-exec-2] BasicTypeRegistry - Adding type registration java.lang.Class -> org.hibernate.type.BasicTypeReference@78c92343
[DEBUG] 2026-09-28 13:28:15.239 [http-nio-8080-exec-2] BasicTypeRegistry - Adding type registration currency -> org.hibernate.type.BasicTypeReference@26b6d6d2
[DEBUG] 2026-09-28 13:28:15.239 [http-nio-8080-exec-2] BasicTypeRegistry - Adding type registration Currency -> org.hibernate.type.BasicTypeReference@26b6d6d2
[DEBUG] 2026-09-28 13:28:15.240 [http-nio-8080-exec-2] BasicTypeRegistry - Adding type registration java.util.Currency -> org.hibernate.type.BasicTypeReference@26b6d6d2
[DEBUG] 2026-09-28 13:28:15.240 [http-nio-8080-exec-2] BasicTypeRegistry - Adding type registration locale -> org.hibernate.type.BasicTypeReference@134bcbd2
[DEBUG] 2026-09-28 13:28:15.240 [http-nio-8080-exec-2] BasicTypeRegistry - Adding type registration java.util.Locale -> org.hibernate.type.BasicTypeReference@134bcbd2
[DEBUG] 2026-09-28 13:28:15.240 [http-nio-8080-exec-2] BasicTypeRegistry - Adding type registration serializable -> org.hibernate.type.BasicTypeReference@1aa7aaae
[DEBUG] 2026-09-28 13:28:15.240 [http-nio-8080-exec-2] BasicTypeRegistry - Adding type registration java.io.Serializable -> org.hibernate.type.BasicTypeReference@1aa7aaae
[DEBUG] 2026-09-28 13:28:15.240 [http-nio-8080-exec-2] BasicTypeRegistry - Adding type registration timezone -> org.hibernate.type.BasicTypeReference@2b455182
[DEBUG] 2026-09-28 13:28:15.240 [http-nio-8080-exec-2] BasicTypeRegistry - Adding type registration java.util.TimeZone -> org.hibernate.type.BasicTypeReference@2b455182
[DEBUG] 2026-09-28 13:28:15.241 [http-nio-8080-exec-2] BasicTypeRegistry - Adding type registration ZoneOffset -> org.hibernate.type.BasicTypeReference@3bd5027e
[DEBUG] 2026-09-28 13:28:15.241 [http-nio-8080-exec-2] BasicTypeRegistry - Adding type registration java.time.ZoneOffset -> org.hibernate.type.BasicTypeReference@3bd5027e
[DEBUG] 2026-09-28 13:28:15.241 [http-nio-8080-exec-2] BasicTypeRegistry - Adding type registration url -> org.hibernate.type.BasicTypeReference@760d4b8d
[DEBUG] 2026-09-28 13:28:15.241 [http-nio-8080-exec-2] BasicTypeRegistry - Adding type registration java.net.URL -> org.hibernate.type.BasicTypeReference@760d4b8d
[DEBUG] 2026-09-28 13:28:15.241 [http-nio-8080-exec-2] BasicTypeRegistry - Adding type registration vector -> org.hibernate.type.BasicTypeReference@51587d38
[DEBUG] 2026-09-28 13:28:15.242 [http-nio-8080-exec-2] BasicTypeRegistry - Adding type registration row_version -> org.hibernate.type.BasicTypeReference@5010ffd0
[DEBUG] 2026-09-28 13:28:15.262 [http-nio-8080-exec-2] BasicTypeRegistry - Adding type registration object -> org.hibernate.type.JavaObjectType@71ecc6f4
[DEBUG] 2026-09-28 13:28:15.262 [http-nio-8080-exec-2] BasicTypeRegistry - Adding type registration java.lang.Object -> org.hibernate.type.JavaObjectType@71ecc6f4
[DEBUG] 2026-09-28 13:28:15.266 [http-nio-8080-exec-2] BasicTypeRegistry - Adding type registration null -> org.hibernate.type.NullType@7b4bdd36
[DEBUG] 2026-09-28 13:28:15.266 [http-nio-8080-exec-2] BasicTypeRegistry - Adding type registration imm_date -> org.hibernate.type.BasicTypeReference@1cfffe1e
[DEBUG] 2026-09-28 13:28:15.266 [http-nio-8080-exec-2] BasicTypeRegistry - Adding type registration imm_time -> org.hibernate.type.BasicTypeReference@6434f56f
[DEBUG] 2026-09-28 13:28:15.266 [http-nio-8080-exec-2] BasicTypeRegistry - Adding type registration imm_timestamp -> org.hibernate.type.BasicTypeReference@41266515
[DEBUG] 2026-09-28 13:28:15.266 [http-nio-8080-exec-2] BasicTypeRegistry - Adding type registration imm_calendar -> org.hibernate.type.BasicTypeReference@64a1b26a
[DEBUG] 2026-09-28 13:28:15.266 [http-nio-8080-exec-2] BasicTypeRegistry - Adding type registration imm_calendar_date -> org.hibernate.type.BasicTypeReference@74dafee
[DEBUG] 2026-09-28 13:28:15.266 [http-nio-8080-exec-2] BasicTypeRegistry - Adding type registration imm_calendar_time -> org.hibernate.type.BasicTypeReference@4411bde5
[DEBUG] 2026-09-28 13:28:15.266 [http-nio-8080-exec-2] BasicTypeRegistry - Adding type registration imm_binary -> org.hibernate.type.BasicTypeReference@36ed66bf
[DEBUG] 2026-09-28 13:28:15.266 [http-nio-8080-exec-2] BasicTypeRegistry - Adding type registration imm_serializable -> org.hibernate.type.BasicTypeReference@5f36b0ea
[INFO ] 2026-09-28 13:28:15.451 [http-nio-8080-exec-2] c3p0 - HHH010002: C3P0 using driver: com.mysql.cj.jdbc.Driver at URL: jdbc:mysql://localhost:3306/mtg_manager
[INFO ] 2026-09-28 13:28:15.452 [http-nio-8080-exec-2] c3p0 - HHH10001001: Connection properties: {password=****, user=root}
[INFO ] 2026-09-28 13:28:15.452 [http-nio-8080-exec-2] c3p0 - HHH10001003: Autocommit mode: false
[INFO ] 2026-09-28 13:28:15.801 [http-nio-8080-exec-2] c3p0 - HHH10001007: JDBC isolation level: <unknown>
[DEBUG] 2026-09-28 13:28:16.887 [http-nio-8080-exec-2] JdbcEnvironmentInitiator - Database ->
       name : MySQL
    version : 8.4.8
      major : 8
      minor : 4
[DEBUG] 2026-09-28 13:28:16.887 [http-nio-8080-exec-2] JdbcEnvironmentInitiator - Driver ->
       name : MySQL Connector/J
    version : mysql-connector-j-8.4.0 (Revision: 1c3f5c149e0bfe31c7fbeb24e2d260cd890972c4)
      major : 8
      minor : 4
[DEBUG] 2026-09-28 13:28:16.887 [http-nio-8080-exec-2] JdbcEnvironmentInitiator - JDBC version : 4.2
[DEBUG] 2026-09-28 13:28:17.185 [http-nio-8080-exec-2] dialect - HHH035001: Using dialect: org.hibernate.dialect.MySQLDialect, version: 8.4.8
[DEBUG] 2026-09-28 13:28:17.236 [http-nio-8080-exec-2] IdentifierHelperBuilder - JDBC driver metadata reported database stores quoted identifiers in more than one case
[DEBUG] 2026-09-28 13:28:17.236 [http-nio-8080-exec-2] IdentifierHelperBuilder - IdentifierCaseStrategy for both quoted and unquoted identifiers was set to the same strategy [LOWER]; that will likely lead to problems in schema update and validation if using quoted identifiers
[DEBUG] 2026-09-28 13:28:17.349 [http-nio-8080-exec-2] DdlTypeRegistry - addDescriptor(12, org.hibernate.type.descriptor.sql.internal.CapacityDependentDdlType@67499fe3) replaced previous registration(org.hibernate.type.descriptor.sql.internal.CapacityDependentDdlType@37714886)
[DEBUG] 2026-09-28 13:28:17.350 [http-nio-8080-exec-2] DdlTypeRegistry - addDescriptor(-9, org.hibernate.type.descriptor.sql.internal.CapacityDependentDdlType@22cadfbd) replaced previous registration(org.hibernate.type.descriptor.sql.internal.CapacityDependentDdlType@4cd1ba45)
[DEBUG] 2026-09-28 13:28:17.350 [http-nio-8080-exec-2] DdlTypeRegistry - addDescriptor(-3, org.hibernate.type.descriptor.sql.internal.CapacityDependentDdlType@67cc92bb) replaced previous registration(org.hibernate.type.descriptor.sql.internal.CapacityDependentDdlType@5ac4d3bc)
[DEBUG] 2026-09-28 13:28:17.350 [http-nio-8080-exec-2] DdlTypeRegistry - addDescriptor(4003, org.hibernate.type.descriptor.sql.internal.DdlTypeImpl@2e07d86e) replaced previous registration(org.hibernate.type.descriptor.sql.internal.DdlTypeImpl@6f455c79)
[DEBUG] 2026-09-28 13:28:17.350 [http-nio-8080-exec-2] DdlTypeRegistry - addDescriptor(4001, org.hibernate.type.descriptor.sql.internal.DdlTypeImpl@6c1f5260) replaced previous registration(org.hibernate.type.descriptor.sql.internal.DdlTypeImpl@103a256c)
[DEBUG] 2026-09-28 13:28:17.350 [http-nio-8080-exec-2] DdlTypeRegistry - addDescriptor(4002, org.hibernate.type.descriptor.sql.internal.DdlTypeImpl@6e5bad) replaced previous registration(org.hibernate.type.descriptor.sql.internal.DdlTypeImpl@450d694d)
[DEBUG] 2026-09-28 13:28:17.351 [http-nio-8080-exec-2] DdlTypeRegistry - addDescriptor(2004, org.hibernate.type.descriptor.sql.internal.CapacityDependentDdlType@5397afde) replaced previous registration(org.hibernate.type.descriptor.sql.internal.DdlTypeImpl@12c7e185)
[DEBUG] 2026-09-28 13:28:17.351 [http-nio-8080-exec-2] DdlTypeRegistry - addDescriptor(2005, org.hibernate.type.descriptor.sql.internal.CapacityDependentDdlType@60067343) replaced previous registration(org.hibernate.type.descriptor.sql.internal.DdlTypeImpl@4eef290f)
[DEBUG] 2026-09-28 13:28:17.351 [http-nio-8080-exec-2] DdlTypeRegistry - addDescriptor(2011, org.hibernate.type.descriptor.sql.internal.CapacityDependentDdlType@20689653) replaced previous registration(org.hibernate.type.descriptor.sql.internal.DdlTypeImpl@d0e9012)
[DEBUG] 2026-09-28 13:28:17.361 [http-nio-8080-exec-2] JdbcTypeRegistry - addDescriptor(NCharTypeDescriptor) replaced previous registration(CharTypeDescriptor)
[DEBUG] 2026-09-28 13:28:17.362 [http-nio-8080-exec-2] JdbcTypeRegistry - addDescriptor(NVarcharTypeDescriptor) replaced previous registration(VarcharTypeDescriptor)
[DEBUG] 2026-09-28 13:28:17.364 [http-nio-8080-exec-2] JdbcTypeRegistry - addDescriptor(LongNVarcharTypeDescriptor) replaced previous registration(LongVarcharTypeDescriptor)
[DEBUG] 2026-09-28 13:28:17.389 [http-nio-8080-exec-2] JdbcTypeRegistry - addDescriptor(NClobTypeDescriptor(DEFAULT)) replaced previous registration(ClobTypeDescriptor(DEFAULT))
[DEBUG] 2026-09-28 13:28:17.390 [http-nio-8080-exec-2] JdbcTypeRegistry - addDescriptor(2005, ClobTypeDescriptor(STREAM_BINDING)) replaced previous registration(ClobTypeDescriptor(DEFAULT))
[DEBUG] 2026-09-28 13:28:17.412 [http-nio-8080-exec-2] BasicTypeRegistry - Adding type registration null -> org.hibernate.type.NullType@6a9f2e93
[DEBUG] 2026-09-28 13:28:17.414 [http-nio-8080-exec-2] BasicTypeRegistry - Type registration key [null] overrode previous entry : `org.hibernate.type.NullType@7b4bdd36`
[DEBUG] 2026-09-28 13:28:17.449 [http-nio-8080-exec-2] BasicTypeRegistry - Adding type registration org.hibernate.type.DurationType -> basicType@1(java.time.Duration,2)
[DEBUG] 2026-09-28 13:28:17.449 [http-nio-8080-exec-2] BasicTypeRegistry - Adding type registration Duration -> basicType@1(java.time.Duration,2)
[DEBUG] 2026-09-28 13:28:17.449 [http-nio-8080-exec-2] BasicTypeRegistry - Adding type registration java.time.Duration -> basicType@1(java.time.Duration,2)
[DEBUG] 2026-09-28 13:28:17.473 [http-nio-8080-exec-2] BasicTypeRegistry - Adding type registration org.hibernate.type.OffsetDateTimeType -> basicType@2(java.time.OffsetDateTime,3003)
[DEBUG] 2026-09-28 13:28:17.473 [http-nio-8080-exec-2] BasicTypeRegistry - Adding type registration OffsetDateTime -> basicType@2(java.time.OffsetDateTime,3003)
[DEBUG] 2026-09-28 13:28:17.473 [http-nio-8080-exec-2] BasicTypeRegistry - Adding type registration java.time.OffsetDateTime -> basicType@2(java.time.OffsetDateTime,3003)
[DEBUG] 2026-09-28 13:28:17.473 [http-nio-8080-exec-2] BasicTypeRegistry - Adding type registration org.hibernate.type.ZonedDateTimeType -> basicType@3(java.time.ZonedDateTime,3003)
[DEBUG] 2026-09-28 13:28:17.473 [http-nio-8080-exec-2] BasicTypeRegistry - Adding type registration ZonedDateTime -> basicType@3(java.time.ZonedDateTime,3003)
[DEBUG] 2026-09-28 13:28:17.474 [http-nio-8080-exec-2] BasicTypeRegistry - Adding type registration java.time.ZonedDateTime -> basicType@3(java.time.ZonedDateTime,3003)
[DEBUG] 2026-09-28 13:28:17.481 [http-nio-8080-exec-2] BasicTypeRegistry - Adding type registration org.hibernate.type.OffsetTimeType -> basicType@4(java.time.OffsetTime,3007)
[DEBUG] 2026-09-28 13:28:17.481 [http-nio-8080-exec-2] BasicTypeRegistry - Adding type registration OffsetTime -> basicType@4(java.time.OffsetTime,3007)
[DEBUG] 2026-09-28 13:28:17.481 [http-nio-8080-exec-2] BasicTypeRegistry - Adding type registration java.time.OffsetTime -> basicType@4(java.time.OffsetTime,3007)
[DEBUG] 2026-09-28 13:28:17.489 [http-nio-8080-exec-2] TypeConfiguration$Scope - Scoping TypeConfiguration [org.hibernate.type.spi.TypeConfiguration@68029cf2] to MetadataBuildingContext [org.hibernate.boot.internal.MetadataBuildingContextRootImpl@3e535db0]
[DEBUG] 2026-09-28 13:28:17.726 [http-nio-8080-exec-2] Namespace - Created database namespace [logicalName=Name{catalog=null, schema=null}, physicalName=Name{catalog=null, schema=null}]
[DEBUG] 2026-09-28 13:28:17.893 [http-nio-8080-exec-2] EntityBinder - Binding entity from annotated class: com.magMan.entity.Card
[DEBUG] 2026-09-28 13:28:17.985 [http-nio-8080-exec-2] EntityBinder - Import with entity name Card
[DEBUG] 2026-09-28 13:28:18.036 [http-nio-8080-exec-2] EntityBinder - Bind entity com.magMan.entity.Card on table cards
[DEBUG] 2026-09-28 13:28:18.098 [http-nio-8080-exec-2] AnnotatedColumn - Binding column: AnnotatedDiscriminatorColumn(column='DTYPE')
[DEBUG] 2026-09-28 13:28:18.207 [http-nio-8080-exec-2] AnnotatedColumn - Binding column: AnnotatedColumn()
[DEBUG] 2026-09-28 13:28:18.211 [http-nio-8080-exec-2] ClassLoaderAccessImpl - Not known whether passed class name [com.magMan.entity.Card] is safe
[DEBUG] 2026-09-28 13:28:18.211 [http-nio-8080-exec-2] ClassLoaderAccessImpl - No temp ClassLoader provided; using live ClassLoader for loading potentially unsafe class : com.magMan.entity.Card
[DEBUG] 2026-09-28 13:28:18.220 [http-nio-8080-exec-2] PropertyBinder - MetadataSourceProcessor property id with lazy=false
[DEBUG] 2026-09-28 13:28:18.237 [http-nio-8080-exec-2] AbstractPropertyHolder - Attempting to locate auto-apply AttributeConverter for property [com.magMan.entity.Card:id]
[DEBUG] 2026-09-28 13:28:18.265 [http-nio-8080-exec-2] BasicValueBinder - building BasicValue for id
[DEBUG] 2026-09-28 13:28:18.279 [http-nio-8080-exec-2] BasicValue - Skipping column re-registration: cards.id
[DEBUG] 2026-09-28 13:28:18.288 [http-nio-8080-exec-2] PropertyBinder - Building property id
[DEBUG] 2026-09-28 13:28:18.326 [http-nio-8080-exec-2] BinderHelper - #makeIdGenerator(BasicValue([Column(id)]), id, org.hibernate.id.enhanced.SequenceStyleGenerator, native, ...)
[DEBUG] 2026-09-28 13:28:18.347 [http-nio-8080-exec-2] AnnotatedColumn - Binding column: AnnotatedColumn(column='cardCmc')
[DEBUG] 2026-09-28 13:28:18.351 [http-nio-8080-exec-2] PropertyBinder - MetadataSourceProcessor property cardCmc with lazy=false
[DEBUG] 2026-09-28 13:28:18.351 [http-nio-8080-exec-2] AbstractPropertyHolder - Attempting to locate auto-apply AttributeConverter for property [com.magMan.entity.Card:cardCmc]
[DEBUG] 2026-09-28 13:28:18.351 [http-nio-8080-exec-2] BasicValueBinder - building BasicValue for cardCmc
[DEBUG] 2026-09-28 13:28:18.351 [http-nio-8080-exec-2] BasicValue - Skipping column re-registration: cards.cardCmc
[DEBUG] 2026-09-28 13:28:18.351 [http-nio-8080-exec-2] PropertyBinder - Building property cardCmc
[DEBUG] 2026-09-28 13:28:18.355 [http-nio-8080-exec-2] AnnotatedColumn - Binding column: AnnotatedColumn(column='cardName')
[DEBUG] 2026-09-28 13:28:18.355 [http-nio-8080-exec-2] PropertyBinder - MetadataSourceProcessor property cardName with lazy=false
[DEBUG] 2026-09-28 13:28:18.355 [http-nio-8080-exec-2] AbstractPropertyHolder - Attempting to locate auto-apply AttributeConverter for property [com.magMan.entity.Card:cardName]
[DEBUG] 2026-09-28 13:28:18.355 [http-nio-8080-exec-2] BasicValueBinder - building BasicValue for cardName
[DEBUG] 2026-09-28 13:28:18.355 [http-nio-8080-exec-2] BasicValue - Skipping column re-registration: cards.cardName
[DEBUG] 2026-09-28 13:28:18.355 [http-nio-8080-exec-2] PropertyBinder - Building property cardName
[DEBUG] 2026-09-28 13:28:18.356 [http-nio-8080-exec-2] AnnotatedColumn - Binding column: AnnotatedColumn(column='cardQuantity')
[DEBUG] 2026-09-28 13:28:18.356 [http-nio-8080-exec-2] PropertyBinder - MetadataSourceProcessor property cardQuantity with lazy=false
[DEBUG] 2026-09-28 13:28:18.356 [http-nio-8080-exec-2] AbstractPropertyHolder - Attempting to locate auto-apply AttributeConverter for property [com.magMan.entity.Card:cardQuantity]
[DEBUG] 2026-09-28 13:28:18.356 [http-nio-8080-exec-2] BasicValueBinder - building BasicValue for cardQuantity
[DEBUG] 2026-09-28 13:28:18.356 [http-nio-8080-exec-2] BasicValue - Skipping column re-registration: cards.cardQuantity
[DEBUG] 2026-09-28 13:28:18.356 [http-nio-8080-exec-2] PropertyBinder - Building property cardQuantity
[DEBUG] 2026-09-28 13:28:18.357 [http-nio-8080-exec-2] AnnotatedColumn - Binding column: AnnotatedColumn(column='cardType')
[DEBUG] 2026-09-28 13:28:18.357 [http-nio-8080-exec-2] PropertyBinder - MetadataSourceProcessor property cardType with lazy=false
[DEBUG] 2026-09-28 13:28:18.357 [http-nio-8080-exec-2] AbstractPropertyHolder - Attempting to locate auto-apply AttributeConverter for property [com.magMan.entity.Card:cardType]
[DEBUG] 2026-09-28 13:28:18.357 [http-nio-8080-exec-2] BasicValueBinder - building BasicValue for cardType
[DEBUG] 2026-09-28 13:28:18.357 [http-nio-8080-exec-2] BasicValue - Skipping column re-registration: cards.cardType
[DEBUG] 2026-09-28 13:28:18.358 [http-nio-8080-exec-2] PropertyBinder - Building property cardType
[DEBUG] 2026-09-28 13:28:18.363 [http-nio-8080-exec-2] ClassLoaderServiceImpl - HHH000194: Package not found or wo package-info.java: com.magMan.entity
[DEBUG] 2026-09-28 13:28:18.401 [http-nio-8080-exec-2] BasicValueBinder - Starting `BasicValueBinder#fillSimpleValue` for id
[DEBUG] 2026-09-28 13:28:18.403 [http-nio-8080-exec-2] BasicValueBinder - Starting `BasicValueBinder#fillSimpleValue` for cardCmc
[DEBUG] 2026-09-28 13:28:18.408 [http-nio-8080-exec-2] BasicValueBinder - Starting `BasicValueBinder#fillSimpleValue` for cardName
[DEBUG] 2026-09-28 13:28:18.408 [http-nio-8080-exec-2] BasicValueBinder - Starting `BasicValueBinder#fillSimpleValue` for cardQuantity
[DEBUG] 2026-09-28 13:28:18.408 [http-nio-8080-exec-2] BasicValueBinder - Starting `BasicValueBinder#fillSimpleValue` for cardType
[DEBUG] 2026-09-28 13:28:18.417 [http-nio-8080-exec-2] PrimaryKey - Forcing column [id] to be non-null as it is part of the primary key for table [cards]
[DEBUG] 2026-09-28 13:28:19.861 [http-nio-8080-exec-2] SessionFactoryImpl - Building session factory
[DEBUG] 2026-09-28 13:28:20.186 [http-nio-8080-exec-2] SessionFactoryServiceRegistryImpl - EventListenerRegistry access via ServiceRegistry is deprecated.  Use `sessionFactory.getEventEngine().getListenerRegistry()` instead
[DEBUG] 2026-09-28 13:28:20.187 [http-nio-8080-exec-2] SessionFactoryImpl - Instantiating SessionFactory with settings: {awt.toolkit=sun.awt.windows.WToolkit, java.specification.version=11, sun.cpu.isalist=amd64, hibernate.c3p0.idle_test_period=3000, sun.jnu.encoding=Cp1252, hibernate.c3p0.min_size=5, sun.arch.data.model=64, java.vendor.url=https://adoptium.net/, catalina.useNaming=true, org.apache.el.GET_CLASSLOADER_USE_PRIVILEGED=false, sun.io.useCanonCaches=false, sun.boot.library.path=C:\Program Files\Eclipse Adoptium\jdk-11.0.24.8-hotspot\bin, com.sun.management.jmxremote.ssl=false, sun.java.command=org.apache.catalina.startup.Bootstrap start, jdk.debug=release, java.specification.vendor=Oracle Corporation, java.naming.factory.url.pkgs=org.apache.naming, java.version.date=2024-07-16, java.home=C:\Program Files\Eclipse Adoptium\jdk-11.0.24.8-hotspot, ignore.endorsed.dirs=, file.separator=\, java.vm.compressedOopsMode=32-bit, line.separator=
, hibernate.c3p0.timeout=300, java.specification.name=Java Platform API Specification, java.vm.specification.vendor=Oracle Corporation, com.sun.management.jmxremote.password.file=C:\Users\tinyt\AppData\Local\JetBrains\IntelliJIdea2026.2\tomcat\d05dcdfb-8697-433f-a554-cbfcdcf7cd36\jmxremote.password, package.definition=sun.,java.,org.apache.catalina.,org.apache.coyote.,org.apache.jasper.,org.apache.naming.,org.apache.tomcat., jdk.tls.ephemeralDHKeySize=2048, user.script=, java.util.logging.config.file=C:\Users\tinyt\AppData\Local\JetBrains\IntelliJIdea2026.2\tomcat\d05dcdfb-8697-433f-a554-cbfcdcf7cd36\conf\logging.properties, java.protocol.handler.pkgs=org.apache.catalina.webresources, connection.password=student, sun.management.compiler=HotSpot 64-Bit Tiered Compilers, java.runtime.version=11.0.24+8, user.name=tinyt, file.encoding=Cp1252, java.vendor.version=Temurin-11.0.24+8, hibernate.connection.driver_class=com.mysql.cj.jdbc.Driver, java.io.tmpdir=C:\Users\tinyt\Documents\00MATC\00Courses\07Spring2026\EnterpriseJava\tomcat\temp, tomcat.util.scan.StandardJarScanFilter.jarsToScan=log4j-taglib*.jar,log4j-web*.jar,log4javascript*.jar,slf4j-taglib*.jar, com.sun.management.jmxremote.port=1099, java.version=11.0.24, tomcat.util.scan.StandardJarScanFilter.jarsToSkip=annotations-api.jar,ant-junit*.jar,ant-launcher*.jar,ant*.jar,asm-*.jar,aspectj*.jar,bcel*.jar,biz.aQute.bnd*.jar,bootstrap.jar,catalina-ant.jar,catalina-ha.jar,catalina-ssi.jar,catalina-storeconfig.jar,catalina-tribes.jar,catalina.jar,cglib-*.jar,cobertura-*.jar,commons-beanutils*.jar,commons-codec*.jar,commons-collections*.jar,commons-compress*.jar,commons-daemon.jar,commons-dbcp*.jar,commons-digester*.jar,commons-fileupload*.jar,commons-httpclient*.jar,commons-io*.jar,commons-lang*.jar,commons-logging*.jar,commons-math*.jar,commons-pool*.jar,derby-*.jar,dom4j-*.jar,easymock-*.jar,ecj-*.jar,el-api.jar,geronimo-spec-jaxrpc*.jar,h2*.jar,ha-api-*.jar,hamcrest-*.jar,hibernate*.jar,httpclient*.jar,icu4j-*.jar,jasper-el.jar,jasper.jar,jaspic-api.jar,jaxb-*.jar,jaxen-*.jar,jaxws-rt-*.jar,jdom-*.jar,jetty-*.jar,jmx-tools.jar,jmx.jar,jsp-api.jar,jstl.jar,jta*.jar,junit-*.jar,junit.jar,log4j*.jar,mail*.jar,objenesis-*.jar,oraclepki.jar,org.hamcrest.core_*.jar,org.junit_*.jar,oro-*.jar,servlet-api-*.jar,servlet-api.jar,slf4j*.jar,taglibs-standard-spec-*.jar,tagsoup-*.jar,tomcat-api.jar,tomcat-coyote.jar,tomcat-coyote-ffm.jar,tomcat-dbcp.jar,tomcat-i18n-*.jar,tomcat-jdbc.jar,tomcat-jni.jar,tomcat-juli-adapters.jar,tomcat-juli.jar,tomcat-util-scan.jar,tomcat-util.jar,tomcat-websocket.jar,tools.jar,unboundid-ldapsdk-*.jar,websocket-api.jar,wsdl4j*.jar,xercesImpl.jar,xml-apis.jar,xmlParserAPIs-*.jar,xmlParserAPIs.jar,xom-*.jar, connection.username=root, java.vm.specification.name=Java Virtual Machine Specification, java.awt.printerjob=sun.awt.windows.WPrinterJob, sun.os.patch.level=, connection.driver_class=com.mysql.cj.jdbc.Driver, java.library.path=C:\Program Files\Eclipse Adoptium\jdk-11.0.24.8-hotspot\bin;C:\WINDOWS\Sun\Java\bin;C:\WINDOWS\system32;C:\WINDOWS;C:\Program Files\Eclipse Adoptium\jdk-11.0.24.8-hotspot\bin;C:\WINDOWS\system32;C:\WINDOWS;C:\WINDOWS\System32\Wbem;C:\WINDOWS\System32\WindowsPowerShell\v1.0\;C:\WINDOWS\System32\OpenSSH\;C:\Program Files\dotnet\;C:\Program Files\Amazon\AWSCLIV2\;C:\Program Files\Git\cmd;C:\Program Files\nodejs\;C:\Users\tinyt\AppData\Local\Microsoft\WindowsApps;C:\Users\tinyt\AppData\Local\Programs\Microsoft VS Code\bin;C:\Users\tinyt\AppData\Roaming\npm;C:\Users\tinyt\AppData\Local\GitHubDesktop\bin;., java.vendor=Eclipse Adoptium, java.specification.maintenance.version=2, java.rmi.server.randomIDs=true, sun.io.unicode.encoding=UnicodeLittle, tomcat.util.buf.StringCache.byte.enabled=true, sun.desktop=windows, java.class.path=C:\Users\tinyt\Documents\00MATC\00Courses\07Spring2026\EnterpriseJava\tomcat\bin\bootstrap.jar;C:\Users\tinyt\Documents\00MATC\00Courses\07Spring2026\EnterpriseJava\tomcat\bin\tomcat-juli.jar, java.vm.vendor=Eclipse Adoptium, user.variant=, user.timezone=America/Chicago, os.name=Windows 11, java.vm.specification.version=11, sun.java.launcher=SUN_STANDARD, user.country=US, com.sun.management.jmxremote=, sun.cpu.endian=little, user.home=C:\Users\tinyt, hibernate.c3p0.max_statements=50, user.language=en, java.awt.graphicsenv=sun.awt.Win32GraphicsEnvironment, package.access=sun.,org.apache.catalina.,org.apache.coyote.,org.apache.jasper.,org.apache.tomcat., server.loader=, com.sun.management.jmxremote.access.file=C:\Users\tinyt\AppData\Local\JetBrains\IntelliJIdea2026.2\tomcat\d05dcdfb-8697-433f-a554-cbfcdcf7cd36\jmxremote.access, hibernate.c3p0.max_size=20, java.naming.factory.initial=org.apache.naming.java.javaURLContextFactory, path.separator=;, common.loader="C:/Users/tinyt/Documents/00MATC/00Courses/07Spring2026/EnterpriseJava/tomcat/lib","C:/Users/tinyt/Documents/00MATC/00Courses/07Spring2026/EnterpriseJava/tomcat/lib/*.jar","C:\Users\tinyt\Documents\00MATC\00Courses\07Spring2026\EnterpriseJava\tomcat/lib","C:\Users\tinyt\Documents\00MATC\00Courses\07Spring2026\EnterpriseJava\tomcat/lib/*.jar", hibernate.connection.username=****, os.version=10.0, java.runtime.name=OpenJDK Runtime Environment, hibernate.connection.url=jdbc:mysql://localhost:3306/mtg_manager, java.vm.name=OpenJDK 64-Bit Server VM, java.vendor.url.bug=https://github.com/adoptium/adoptium-support/issues, catalina.home=C:\Users\tinyt\Documents\00MATC\00Courses\07Spring2026\EnterpriseJava\tomcat, user.dir=C:\Users\tinyt\Documents\00MATC\00Courses\07Spring2026\EnterpriseJava\tomcat\bin, os.arch=amd64, hibernate.connection.password=****, catalina.base=C:\Users\tinyt\AppData\Local\JetBrains\IntelliJIdea2026.2\tomcat\d05dcdfb-8697-433f-a554-cbfcdcf7cd36, shared.loader=, hibernate.boot.CfgXmlAccessService.key=org.hibernate.boot.cfgxml.spi.LoadedConfig@61778040, java.util.logging.manager=org.apache.juli.ClassLoaderLogManager, java.vm.info=mixed mode, java.vm.version=11.0.24+8, java.rmi.server.hostname=127.0.0.1, connection.url=jdbc:mysql://localhost:3306/mtg_manager, java.class.version=55.0}
[DEBUG] 2026-09-28 13:28:20.211 [http-nio-8080-exec-2] SessionFactoryImpl - Session factory constructed with filter configurations : {}
[DEBUG] 2026-09-28 13:28:20.263 [http-nio-8080-exec-2] SchemaManagementToolCoordinator - No schema actions specified for contributor `orm`; doing nothing
[DEBUG] 2026-09-28 13:28:20.528 [http-nio-8080-exec-2] SqmFunctionRegistry - Registered SqmFunctionTemplate [NamedSqmFunctionTemplate(max)] under max; prior registration was null
[DEBUG] 2026-09-28 13:28:20.528 [http-nio-8080-exec-2] SqmFunctionRegistry - Registered SqmFunctionTemplate [NamedSqmFunctionTemplate(min)] under min; prior registration was null
[DEBUG] 2026-09-28 13:28:20.531 [http-nio-8080-exec-2] SqmFunctionRegistry - Registered SqmFunctionTemplate [NamedSqmFunctionTemplate(sum)] under sum; prior registration was null
[DEBUG] 2026-09-28 13:28:20.535 [http-nio-8080-exec-2] SqmFunctionRegistry - Registered SqmFunctionTemplate [NamedSqmFunctionTemplate(avg)] under avg; prior registration was null
[DEBUG] 2026-09-28 13:28:20.545 [http-nio-8080-exec-2] SqmFunctionRegistry - Registered SqmFunctionTemplate [org.hibernate.dialect.function.CountFunction@7dbfe84b] under count; prior registration was null
[DEBUG] 2026-09-28 13:28:20.551 [http-nio-8080-exec-2] SqmFunctionRegistry - Registered SqmFunctionTemplate [org.hibernate.dialect.function.EveryAnyEmulation@385b402a] under every; prior registration was null
[DEBUG] 2026-09-28 13:28:20.552 [http-nio-8080-exec-2] SqmFunctionRegistry - Registered SqmFunctionTemplate [org.hibernate.dialect.function.EveryAnyEmulation@7733e108] under any; prior registration was null
[DEBUG] 2026-09-28 13:28:20.556 [http-nio-8080-exec-2] SqmFunctionRegistry - Registered SqmFunctionTemplate [NamedSqmFunctionTemplate(floor)] under floor; prior registration was null
[DEBUG] 2026-09-28 13:28:20.556 [http-nio-8080-exec-2] SqmFunctionRegistry - Registered SqmFunctionTemplate [NamedSqmFunctionTemplate(ceiling)] under ceiling; prior registration was null
[DEBUG] 2026-09-28 13:28:20.556 [http-nio-8080-exec-2] SqmFunctionRegistry - Registered SqmFunctionTemplate [NamedSqmFunctionTemplate(mod)] under mod; prior registration was null
[DEBUG] 2026-09-28 13:28:20.556 [http-nio-8080-exec-2] SqmFunctionRegistry - Registered SqmFunctionTemplate [NamedSqmFunctionTemplate(abs)] under abs; prior registration was null
[DEBUG] 2026-09-28 13:28:20.556 [http-nio-8080-exec-2] SqmFunctionRegistry - Registered SqmFunctionTemplate [NamedSqmFunctionTemplate(sign)] under sign; prior registration was null
[DEBUG] 2026-09-28 13:28:20.556 [http-nio-8080-exec-2] SqmFunctionRegistry - Registered SqmFunctionTemplate [NamedSqmFunctionTemplate(sqrt)] under sqrt; prior registration was null
[DEBUG] 2026-09-28 13:28:20.557 [http-nio-8080-exec-2] SqmFunctionRegistry - Registered SqmFunctionTemplate [NamedSqmFunctionTemplate(ln)] under ln; prior registration was null
[DEBUG] 2026-09-28 13:28:20.557 [http-nio-8080-exec-2] SqmFunctionRegistry - Registered SqmFunctionTemplate [NamedSqmFunctionTemplate(exp)] under exp; prior registration was null
[DEBUG] 2026-09-28 13:28:20.557 [http-nio-8080-exec-2] SqmFunctionRegistry - Registered SqmFunctionTemplate [NamedSqmFunctionTemplate(power)] under power; prior registration was null
[DEBUG] 2026-09-28 13:28:20.560 [http-nio-8080-exec-2] SqmFunctionRegistry - Registered SqmFunctionTemplate [NamedSqmFunctionTemplate(round)] under round; prior registration was null
[DEBUG] 2026-09-28 13:28:20.562 [http-nio-8080-exec-2] SqmFunctionRegistry - Registered SqmFunctionTemplate [NamedSqmFunctionTemplate(sin)] under sin; prior registration was null
[DEBUG] 2026-09-28 13:28:20.562 [http-nio-8080-exec-2] SqmFunctionRegistry - Registered SqmFunctionTemplate [NamedSqmFunctionTemplate(cos)] under cos; prior registration was null
[DEBUG] 2026-09-28 13:28:20.562 [http-nio-8080-exec-2] SqmFunctionRegistry - Registered SqmFunctionTemplate [NamedSqmFunctionTemplate(tan)] under tan; prior registration was null
[DEBUG] 2026-09-28 13:28:20.563 [http-nio-8080-exec-2] SqmFunctionRegistry - Registered SqmFunctionTemplate [NamedSqmFunctionTemplate(asin)] under asin; prior registration was null
[DEBUG] 2026-09-28 13:28:20.563 [http-nio-8080-exec-2] SqmFunctionRegistry - Registered SqmFunctionTemplate [NamedSqmFunctionTemplate(acos)] under acos; prior registration was null
[DEBUG] 2026-09-28 13:28:20.563 [http-nio-8080-exec-2] SqmFunctionRegistry - Registered SqmFunctionTemplate [NamedSqmFunctionTemplate(atan)] under atan; prior registration was null
[DEBUG] 2026-09-28 13:28:20.563 [http-nio-8080-exec-2] SqmFunctionRegistry - Registered SqmFunctionTemplate [NamedSqmFunctionTemplate(atan2)] under atan2; prior registration was null
[DEBUG] 2026-09-28 13:28:20.575 [http-nio-8080-exec-2] SqmFunctionRegistry - Registered SqmFunctionTemplate [org.hibernate.query.sqm.function.PatternBasedSqmFunctionDescriptor@3eb097ef] under sinh; prior registration was null
[DEBUG] 2026-09-28 13:28:20.575 [http-nio-8080-exec-2] SqmFunctionRegistry - Registered SqmFunctionTemplate [org.hibernate.query.sqm.function.PatternBasedSqmFunctionDescriptor@49c5c634] under cosh; prior registration was null
[DEBUG] 2026-09-28 13:28:20.575 [http-nio-8080-exec-2] SqmFunctionRegistry - Registered SqmFunctionTemplate [org.hibernate.query.sqm.function.PatternBasedSqmFunctionDescriptor@1d12ff35] under tanh; prior registration was null
[DEBUG] 2026-09-28 13:28:20.575 [http-nio-8080-exec-2] SqmFunctionRegistry - Registered SqmFunctionTemplate [org.hibernate.query.sqm.function.PatternBasedSqmFunctionDescriptor@35974b98] under pi; prior registration was null
[DEBUG] 2026-09-28 13:28:20.575 [http-nio-8080-exec-2] SqmFunctionRegistry - Registered SqmFunctionTemplate [org.hibernate.query.sqm.function.PatternBasedSqmFunctionDescriptor@f22ad2a] under log; prior registration was null
[DEBUG] 2026-09-28 13:28:20.579 [http-nio-8080-exec-2] SqmFunctionRegistry - Registered SqmFunctionTemplate [NamedSqmFunctionTemplate(coalesce)] under coalesce; prior registration was null
[DEBUG] 2026-09-28 13:28:20.580 [http-nio-8080-exec-2] SqmFunctionRegistry - Registered SqmFunctionTemplate [NamedSqmFunctionTemplate(nullif)] under nullif; prior registration was null
[DEBUG] 2026-09-28 13:28:20.580 [http-nio-8080-exec-2] SqmFunctionRegistry - Registered SqmFunctionTemplate [NamedSqmFunctionTemplate(left)] under left; prior registration was null
[DEBUG] 2026-09-28 13:28:20.580 [http-nio-8080-exec-2] SqmFunctionRegistry - Registered SqmFunctionTemplate [NamedSqmFunctionTemplate(right)] under right; prior registration was null
[DEBUG] 2026-09-28 13:28:20.580 [http-nio-8080-exec-2] SqmFunctionRegistry - Registered SqmFunctionTemplate [NamedSqmFunctionTemplate(replace)] under replace; prior registration was null
[DEBUG] 2026-09-28 13:28:20.581 [http-nio-8080-exec-2] SqmFunctionRegistry - Registered SqmFunctionTemplate [NamedSqmFunctionTemplate(concat)] under concat; prior registration was null
[DEBUG] 2026-09-28 13:28:20.581 [http-nio-8080-exec-2] SqmFunctionRegistry - Registered SqmFunctionTemplate [NamedSqmFunctionTemplate(lower)] under lower; prior registration was null
[DEBUG] 2026-09-28 13:28:20.581 [http-nio-8080-exec-2] SqmFunctionRegistry - Registered SqmFunctionTemplate [NamedSqmFunctionTemplate(upper)] under upper; prior registration was null
[DEBUG] 2026-09-28 13:28:20.581 [http-nio-8080-exec-2] SqmFunctionRegistry - Registered SqmFunctionTemplate [NamedSqmFunctionTemplate(substring)] under substring; prior registration was null
[DEBUG] 2026-09-28 13:28:20.582 [http-nio-8080-exec-2] SqmFunctionRegistry - Registered SqmFunctionTemplate [NamedSqmFunctionTemplate(locate)] under locate; prior registration was null
[DEBUG] 2026-09-28 13:28:20.582 [http-nio-8080-exec-2] SqmFunctionRegistry - Registered SqmFunctionTemplate [NamedSqmFunctionTemplate(character_length)] under character_length; prior registration was null
[DEBUG] 2026-09-28 13:28:20.582 [http-nio-8080-exec-2] SqmFunctionRegistry - Registering alternate key : length -> character_length
[DEBUG] 2026-09-28 13:28:20.586 [http-nio-8080-exec-2] SqmFunctionRegistry - Registered SqmFunctionTemplate [org.hibernate.dialect.function.LocatePositionEmulation@4ac6e8e8] under position; prior registration was null
[DEBUG] 2026-09-28 13:28:20.595 [http-nio-8080-exec-2] SqmFunctionRegistry - Registered SqmFunctionTemplate [org.hibernate.dialect.function.InsertSubstringOverlayEmulation@6f78cf3c] under overlay; prior registration was null
[DEBUG] 2026-09-28 13:28:20.598 [http-nio-8080-exec-2] SqmFunctionRegistry - Registered SqmFunctionTemplate [org.hibernate.dialect.function.TrimFunction@26b4a815] under trim; prior registration was null
[DEBUG] 2026-09-28 13:28:20.603 [http-nio-8080-exec-2] SqmFunctionRegistry - Registered SqmFunctionTemplate [org.hibernate.dialect.function.CastFunction@239ba64c] under cast; prior registration was null
[DEBUG] 2026-09-28 13:28:20.603 [http-nio-8080-exec-2] SqmFunctionRegistry - Registered SqmFunctionTemplate [org.hibernate.query.sqm.function.PatternBasedSqmFunctionDescriptor@46eebc4] under collate; prior registration was null
[DEBUG] 2026-09-28 13:28:20.606 [http-nio-8080-exec-2] SqmFunctionRegistry - Registered SqmFunctionTemplate [org.hibernate.dialect.function.ExtractFunction@1dc6a339] under extract; prior registration was null
[DEBUG] 2026-09-28 13:28:20.606 [http-nio-8080-exec-2] SqmFunctionRegistry - Registered SqmFunctionTemplate [NamedSqmFunctionTemplate(least)] under least; prior registration was null
[DEBUG] 2026-09-28 13:28:20.606 [http-nio-8080-exec-2] SqmFunctionRegistry - Registered SqmFunctionTemplate [NamedSqmFunctionTemplate(greatest)] under greatest; prior registration was null
[DEBUG] 2026-09-28 13:28:20.610 [http-nio-8080-exec-2] SqmFunctionRegistry - Registered SqmFunctionTemplate [org.hibernate.dialect.function.CoalesceIfnullEmulation@7b044317] under ifnull; prior registration was null
[DEBUG] 2026-09-28 13:28:20.610 [http-nio-8080-exec-2] SqmFunctionRegistry - Registered SqmFunctionTemplate [NamedSqmFunctionTemplate(lpad)] under lpad; prior registration was null
[DEBUG] 2026-09-28 13:28:20.610 [http-nio-8080-exec-2] SqmFunctionRegistry - Registered SqmFunctionTemplate [NamedSqmFunctionTemplate(rpad)] under rpad; prior registration was null
[DEBUG] 2026-09-28 13:28:20.613 [http-nio-8080-exec-2] SqmFunctionRegistry - Registered SqmFunctionTemplate [org.hibernate.dialect.function.LpadRpadPadEmulation@6bdfa346] under pad; prior registration was null
[DEBUG] 2026-09-28 13:28:20.615 [http-nio-8080-exec-2] SqmFunctionRegistry - Registered SqmFunctionTemplate [org.hibernate.dialect.function.CastStrEmulation@4868fc95] under str; prior registration was null
[DEBUG] 2026-09-28 13:28:20.621 [http-nio-8080-exec-2] SqmFunctionRegistry - Registered SqmFunctionTemplate [org.hibernate.dialect.function.FormatFunction@542e91b5] under format; prior registration was null
[DEBUG] 2026-09-28 13:28:20.625 [http-nio-8080-exec-2] SqmFunctionRegistry - Registered SqmFunctionTemplate [org.hibernate.dialect.function.TimestampaddFunction@246618ca] under timestampadd; prior registration was null
[DEBUG] 2026-09-28 13:28:20.630 [http-nio-8080-exec-2] SqmFunctionRegistry - Registered SqmFunctionTemplate [org.hibernate.dialect.function.TimestampdiffFunction@7903b1a9] under timestampdiff; prior registration was null
[DEBUG] 2026-09-28 13:28:20.630 [http-nio-8080-exec-2] SqmFunctionRegistry - Registering alternate key : dateadd -> timestampadd
[DEBUG] 2026-09-28 13:28:20.630 [http-nio-8080-exec-2] SqmFunctionRegistry - Registering alternate key : datediff -> timestampdiff
[DEBUG] 2026-09-28 13:28:20.632 [http-nio-8080-exec-2] SqmFunctionRegistry - Registered SqmFunctionTemplate [org.hibernate.dialect.function.CurrentFunction@22770192] under current_date; prior registration was null
[DEBUG] 2026-09-28 13:28:20.632 [http-nio-8080-exec-2] SqmFunctionRegistry - Registered SqmFunctionTemplate [org.hibernate.dialect.function.CurrentFunction@773bbd62] under current_time; prior registration was null
[DEBUG] 2026-09-28 13:28:20.632 [http-nio-8080-exec-2] SqmFunctionRegistry - Registered SqmFunctionTemplate [org.hibernate.dialect.function.CurrentFunction@3e9b5213] under current_timestamp; prior registration was null
[DEBUG] 2026-09-28 13:28:20.632 [http-nio-8080-exec-2] SqmFunctionRegistry - Registering alternate key : current date -> current_date
[DEBUG] 2026-09-28 13:28:20.632 [http-nio-8080-exec-2] SqmFunctionRegistry - Registering alternate key : current time -> current_time
[DEBUG] 2026-09-28 13:28:20.632 [http-nio-8080-exec-2] SqmFunctionRegistry - Registering alternate key : current timestamp -> current_timestamp
[DEBUG] 2026-09-28 13:28:20.632 [http-nio-8080-exec-2] SqmFunctionRegistry - Registered SqmFunctionTemplate [org.hibernate.dialect.function.CurrentFunction@135bde27] under local_date; prior registration was null
[DEBUG] 2026-09-28 13:28:20.632 [http-nio-8080-exec-2] SqmFunctionRegistry - Registered SqmFunctionTemplate [org.hibernate.dialect.function.CurrentFunction@9ba364f] under local_time; prior registration was null
[DEBUG] 2026-09-28 13:28:20.632 [http-nio-8080-exec-2] SqmFunctionRegistry - Registered SqmFunctionTemplate [org.hibernate.dialect.function.CurrentFunction@23c05ab7] under local_datetime; prior registration was null
[DEBUG] 2026-09-28 13:28:20.632 [http-nio-8080-exec-2] SqmFunctionRegistry - Registered SqmFunctionTemplate [org.hibernate.dialect.function.CurrentFunction@47af9f16] under offset_datetime; prior registration was null
[DEBUG] 2026-09-28 13:28:20.632 [http-nio-8080-exec-2] SqmFunctionRegistry - Registering alternate key : local date -> local_date
[DEBUG] 2026-09-28 13:28:20.632 [http-nio-8080-exec-2] SqmFunctionRegistry - Registering alternate key : local time -> local_time
[DEBUG] 2026-09-28 13:28:20.632 [http-nio-8080-exec-2] SqmFunctionRegistry - Registering alternate key : local datetime -> local_datetime
[DEBUG] 2026-09-28 13:28:20.632 [http-nio-8080-exec-2] SqmFunctionRegistry - Registering alternate key : offset datetime -> offset_datetime
[DEBUG] 2026-09-28 13:28:20.632 [http-nio-8080-exec-2] SqmFunctionRegistry - Registered SqmFunctionTemplate [org.hibernate.dialect.function.CurrentFunction@ac8db22] under instant; prior registration was null
[DEBUG] 2026-09-28 13:28:20.632 [http-nio-8080-exec-2] SqmFunctionRegistry - Registering alternate key : current_instant -> instant
[DEBUG] 2026-09-28 13:28:20.636 [http-nio-8080-exec-2] SqmFunctionRegistry - Registered SqmFunctionTemplate [org.hibernate.dialect.function.SqlFunction@41dc4c1] under sql; prior registration was null
[DEBUG] 2026-09-28 13:28:20.636 [http-nio-8080-exec-2] SqmFunctionRegistry - Registered SqmFunctionTemplate [NamedSqmFunctionTemplate(soundex)] under soundex; prior registration was null
[DEBUG] 2026-09-28 13:28:20.637 [http-nio-8080-exec-2] SqmFunctionRegistry - Registered SqmFunctionTemplate [NamedSqmFunctionTemplate(radians)] under radians; prior registration was null
[DEBUG] 2026-09-28 13:28:20.637 [http-nio-8080-exec-2] SqmFunctionRegistry - Registered SqmFunctionTemplate [NamedSqmFunctionTemplate(degrees)] under degrees; prior registration was null
[DEBUG] 2026-09-28 13:28:20.637 [http-nio-8080-exec-2] SqmFunctionRegistry - Registered SqmFunctionTemplate [NamedSqmFunctionTemplate(cot)] under cot; prior registration was null
[DEBUG] 2026-09-28 13:28:20.637 [http-nio-8080-exec-2] SqmFunctionRegistry - Registered SqmFunctionTemplate [NamedSqmFunctionTemplate(log)] under log; prior registration was org.hibernate.query.sqm.function.PatternBasedSqmFunctionDescriptor@f22ad2a
[DEBUG] 2026-09-28 13:28:20.638 [http-nio-8080-exec-2] SqmFunctionRegistry - Registered SqmFunctionTemplate [NamedSqmFunctionTemplate(log2)] under log2; prior registration was null
[DEBUG] 2026-09-28 13:28:20.638 [http-nio-8080-exec-2] SqmFunctionRegistry - Registered SqmFunctionTemplate [NamedSqmFunctionTemplate(log10)] under log10; prior registration was null
[DEBUG] 2026-09-28 13:28:20.638 [http-nio-8080-exec-2] SqmFunctionRegistry - Registered SqmFunctionTemplate [NamedSqmFunctionTemplate(ltrim)] under ltrim; prior registration was null
[DEBUG] 2026-09-28 13:28:20.639 [http-nio-8080-exec-2] SqmFunctionRegistry - Registered SqmFunctionTemplate [NamedSqmFunctionTemplate(rtrim)] under rtrim; prior registration was null
[DEBUG] 2026-09-28 13:28:20.639 [http-nio-8080-exec-2] SqmFunctionRegistry - Registered SqmFunctionTemplate [NamedSqmFunctionTemplate(octet_length)] under octet_length; prior registration was null
[DEBUG] 2026-09-28 13:28:20.640 [http-nio-8080-exec-2] SqmFunctionRegistry - Registered SqmFunctionTemplate [NamedSqmFunctionTemplate(reverse)] under reverse; prior registration was null
[DEBUG] 2026-09-28 13:28:20.640 [http-nio-8080-exec-2] SqmFunctionRegistry - Registered SqmFunctionTemplate [NamedSqmFunctionTemplate(space)] under space; prior registration was null
[DEBUG] 2026-09-28 13:28:20.640 [http-nio-8080-exec-2] SqmFunctionRegistry - Registered SqmFunctionTemplate [NamedSqmFunctionTemplate(repeat)] under repeat; prior registration was null
[DEBUG] 2026-09-28 13:28:20.644 [http-nio-8080-exec-2] SqmFunctionRegistry - Registered SqmFunctionTemplate [org.hibernate.query.sqm.function.MultipatternSqmFunctionDescriptor@2027d77b] under lpad; prior registration was NamedSqmFunctionTemplate(lpad)
[DEBUG] 2026-09-28 13:28:20.645 [http-nio-8080-exec-2] SqmFunctionRegistry - Registered SqmFunctionTemplate [org.hibernate.query.sqm.function.MultipatternSqmFunctionDescriptor@315d6b58] under rpad; prior registration was NamedSqmFunctionTemplate(rpad)
[DEBUG] 2026-09-28 13:28:20.645 [http-nio-8080-exec-2] SqmFunctionRegistry - Registered SqmFunctionTemplate [NamedSqmFunctionTemplate(md5)] under md5; prior registration was null
[DEBUG] 2026-09-28 13:28:20.645 [http-nio-8080-exec-2] SqmFunctionRegistry - Registered SqmFunctionTemplate [NamedSqmFunctionTemplate(day)] under day; prior registration was null
[DEBUG] 2026-09-28 13:28:20.645 [http-nio-8080-exec-2] SqmFunctionRegistry - Registered SqmFunctionTemplate [NamedSqmFunctionTemplate(month)] under month; prior registration was null
[DEBUG] 2026-09-28 13:28:20.645 [http-nio-8080-exec-2] SqmFunctionRegistry - Registered SqmFunctionTemplate [NamedSqmFunctionTemplate(year)] under year; prior registration was null
[DEBUG] 2026-09-28 13:28:20.645 [http-nio-8080-exec-2] SqmFunctionRegistry - Registered SqmFunctionTemplate [NamedSqmFunctionTemplate(hour)] under hour; prior registration was null
[DEBUG] 2026-09-28 13:28:20.646 [http-nio-8080-exec-2] SqmFunctionRegistry - Registered SqmFunctionTemplate [NamedSqmFunctionTemplate(minute)] under minute; prior registration was null
[DEBUG] 2026-09-28 13:28:20.646 [http-nio-8080-exec-2] SqmFunctionRegistry - Registered SqmFunctionTemplate [NamedSqmFunctionTemplate(second)] under second; prior registration was null
[DEBUG] 2026-09-28 13:28:20.646 [http-nio-8080-exec-2] SqmFunctionRegistry - Registered SqmFunctionTemplate [NamedSqmFunctionTemplate(microsecond)] under microsecond; prior registration was null
[DEBUG] 2026-09-28 13:28:20.646 [http-nio-8080-exec-2] SqmFunctionRegistry - Registered SqmFunctionTemplate [NamedSqmFunctionTemplate(dayofweek)] under dayofweek; prior registration was null
[DEBUG] 2026-09-28 13:28:20.646 [http-nio-8080-exec-2] SqmFunctionRegistry - Registered SqmFunctionTemplate [NamedSqmFunctionTemplate(dayofmonth)] under dayofmonth; prior registration was null
[DEBUG] 2026-09-28 13:28:20.646 [http-nio-8080-exec-2] SqmFunctionRegistry - Registering alternate key : day -> dayofmonth
[DEBUG] 2026-09-28 13:28:20.646 [http-nio-8080-exec-2] SqmFunctionRegistry - Registered SqmFunctionTemplate [NamedSqmFunctionTemplate(dayofyear)] under dayofyear; prior registration was null
[DEBUG] 2026-09-28 13:28:20.646 [http-nio-8080-exec-2] SqmFunctionRegistry - Registered SqmFunctionTemplate [NamedSqmFunctionTemplate(week)] under week; prior registration was null
[DEBUG] 2026-09-28 13:28:20.647 [http-nio-8080-exec-2] SqmFunctionRegistry - Registered SqmFunctionTemplate [NamedSqmFunctionTemplate(quarter)] under quarter; prior registration was null
[DEBUG] 2026-09-28 13:28:20.647 [http-nio-8080-exec-2] SqmFunctionRegistry - Registered SqmFunctionTemplate [NamedSqmFunctionTemplate(monthname)] under monthname; prior registration was null
[DEBUG] 2026-09-28 13:28:20.647 [http-nio-8080-exec-2] SqmFunctionRegistry - Registered SqmFunctionTemplate [NamedSqmFunctionTemplate(dayname)] under dayname; prior registration was null
[DEBUG] 2026-09-28 13:28:20.647 [http-nio-8080-exec-2] SqmFunctionRegistry - Registered SqmFunctionTemplate [NamedSqmFunctionTemplate(last_day)] under last_day; prior registration was null
[DEBUG] 2026-09-28 13:28:20.647 [http-nio-8080-exec-2] SqmFunctionRegistry - Registered SqmFunctionTemplate [NamedSqmFunctionTemplate(date)] under date; prior registration was null
[DEBUG] 2026-09-28 13:28:20.647 [http-nio-8080-exec-2] SqmFunctionRegistry - Registered SqmFunctionTemplate [NamedSqmFunctionTemplate(timestamp)] under timestamp; prior registration was null
[DEBUG] 2026-09-28 13:28:20.647 [http-nio-8080-exec-2] SqmFunctionRegistry - Registered SqmFunctionTemplate [NamedSqmFunctionTemplate(time)] under time; prior registration was null
[DEBUG] 2026-09-28 13:28:20.647 [http-nio-8080-exec-2] SqmFunctionRegistry - Registered SqmFunctionTemplate [NamedSqmFunctionTemplate(utc_date)] under utc_date; prior registration was null
[DEBUG] 2026-09-28 13:28:20.647 [http-nio-8080-exec-2] SqmFunctionRegistry - Registered SqmFunctionTemplate [NamedSqmFunctionTemplate(utc_time)] under utc_time; prior registration was null
[DEBUG] 2026-09-28 13:28:20.648 [http-nio-8080-exec-2] SqmFunctionRegistry - Registered SqmFunctionTemplate [NamedSqmFunctionTemplate(utc_timestamp)] under utc_timestamp; prior registration was null
[DEBUG] 2026-09-28 13:28:20.648 [http-nio-8080-exec-2] SqmFunctionRegistry - Registered SqmFunctionTemplate [NamedSqmFunctionTemplate(rand)] under rand; prior registration was null
[DEBUG] 2026-09-28 13:28:20.648 [http-nio-8080-exec-2] SqmFunctionRegistry - Registered SqmFunctionTemplate [NamedSqmFunctionTemplate(crc32)] under crc32; prior registration was null
[DEBUG] 2026-09-28 13:28:20.648 [http-nio-8080-exec-2] SqmFunctionRegistry - Registered SqmFunctionTemplate [NamedSqmFunctionTemplate(sha1)] under sha1; prior registration was null
[DEBUG] 2026-09-28 13:28:20.648 [http-nio-8080-exec-2] SqmFunctionRegistry - Registered SqmFunctionTemplate [NamedSqmFunctionTemplate(sha2)] under sha2; prior registration was null
[DEBUG] 2026-09-28 13:28:20.648 [http-nio-8080-exec-2] SqmFunctionRegistry - Registered SqmFunctionTemplate [NamedSqmFunctionTemplate(sha)] under sha; prior registration was null
[DEBUG] 2026-09-28 13:28:20.648 [http-nio-8080-exec-2] SqmFunctionRegistry - Registered SqmFunctionTemplate [NamedSqmFunctionTemplate(bit_length)] under bit_length; prior registration was null
[DEBUG] 2026-09-28 13:28:20.648 [http-nio-8080-exec-2] SqmFunctionRegistry - Registered SqmFunctionTemplate [NamedSqmFunctionTemplate(octet_length)] under octet_length; prior registration was NamedSqmFunctionTemplate(octet_length)
[DEBUG] 2026-09-28 13:28:20.648 [http-nio-8080-exec-2] SqmFunctionRegistry - Registered SqmFunctionTemplate [NamedSqmFunctionTemplate(ascii)] under ascii; prior registration was null
[DEBUG] 2026-09-28 13:28:20.649 [http-nio-8080-exec-2] SqmFunctionRegistry - Registered SqmFunctionTemplate [NamedSqmFunctionTemplate(instr)] under instr; prior registration was null
[DEBUG] 2026-09-28 13:28:20.649 [http-nio-8080-exec-2] SqmFunctionRegistry - Registered SqmFunctionTemplate [NamedSqmFunctionTemplate(substr)] under substr; prior registration was null
[DEBUG] 2026-09-28 13:28:20.649 [http-nio-8080-exec-2] SqmFunctionRegistry - Registered SqmFunctionTemplate [org.hibernate.query.sqm.function.PatternBasedSqmFunctionDescriptor@91cebcb] under position; prior registration was org.hibernate.dialect.function.LocatePositionEmulation@4ac6e8e8
[DEBUG] 2026-09-28 13:28:20.649 [http-nio-8080-exec-2] SqmFunctionRegistry - Registered SqmFunctionTemplate [NamedSqmFunctionTemplate(curtime)] under curtime; prior registration was null
[DEBUG] 2026-09-28 13:28:20.649 [http-nio-8080-exec-2] SqmFunctionRegistry - Registered SqmFunctionTemplate [NamedSqmFunctionTemplate(curdate)] under curdate; prior registration was null
[DEBUG] 2026-09-28 13:28:20.649 [http-nio-8080-exec-2] SqmFunctionRegistry - Registered SqmFunctionTemplate [NamedSqmFunctionTemplate(now)] under now; prior registration was null
[DEBUG] 2026-09-28 13:28:20.663 [http-nio-8080-exec-2] SqmFunctionRegistry - Registered SqmFunctionTemplate [org.hibernate.dialect.function.TruncFunction@2e5a2e8c] under trunc; prior registration was null
[DEBUG] 2026-09-28 13:28:20.663 [http-nio-8080-exec-2] SqmFunctionRegistry - Registering alternate key : truncate -> trunc
[DEBUG] 2026-09-28 13:28:20.663 [http-nio-8080-exec-2] SqmFunctionRegistry - Registered SqmFunctionTemplate [NamedSqmFunctionTemplate(insert)] under insert; prior registration was null
[DEBUG] 2026-09-28 13:28:20.663 [http-nio-8080-exec-2] SqmFunctionRegistry - Registered SqmFunctionTemplate [org.hibernate.query.sqm.function.PatternBasedSqmFunctionDescriptor@26924b3d] under bitand; prior registration was null
[DEBUG] 2026-09-28 13:28:20.663 [http-nio-8080-exec-2] SqmFunctionRegistry - Registered SqmFunctionTemplate [org.hibernate.query.sqm.function.PatternBasedSqmFunctionDescriptor@9a03fe7] under bitor; prior registration was null
[DEBUG] 2026-09-28 13:28:20.663 [http-nio-8080-exec-2] SqmFunctionRegistry - Registered SqmFunctionTemplate [org.hibernate.query.sqm.function.PatternBasedSqmFunctionDescriptor@5c7b2f04] under bitxor; prior registration was null
[DEBUG] 2026-09-28 13:28:20.663 [http-nio-8080-exec-2] SqmFunctionRegistry - Registered SqmFunctionTemplate [org.hibernate.query.sqm.function.PatternBasedSqmFunctionDescriptor@232a5449] under bitnot; prior registration was null
[DEBUG] 2026-09-28 13:28:20.665 [http-nio-8080-exec-2] SqmFunctionRegistry - Registered SqmFunctionTemplate [NamedSqmFunctionTemplate(bit_and)] under bit_and; prior registration was null
[DEBUG] 2026-09-28 13:28:20.665 [http-nio-8080-exec-2] SqmFunctionRegistry - Registered SqmFunctionTemplate [NamedSqmFunctionTemplate(bit_or)] under bit_or; prior registration was null
[DEBUG] 2026-09-28 13:28:20.665 [http-nio-8080-exec-2] SqmFunctionRegistry - Registered SqmFunctionTemplate [NamedSqmFunctionTemplate(stddev)] under stddev; prior registration was null
[DEBUG] 2026-09-28 13:28:20.665 [http-nio-8080-exec-2] SqmFunctionRegistry - Registered SqmFunctionTemplate [NamedSqmFunctionTemplate(stddev_pop)] under stddev_pop; prior registration was null
[DEBUG] 2026-09-28 13:28:20.665 [http-nio-8080-exec-2] SqmFunctionRegistry - Registered SqmFunctionTemplate [NamedSqmFunctionTemplate(stddev_samp)] under stddev_samp; prior registration was null
[DEBUG] 2026-09-28 13:28:20.665 [http-nio-8080-exec-2] SqmFunctionRegistry - Registered SqmFunctionTemplate [NamedSqmFunctionTemplate(variance)] under variance; prior registration was null
[DEBUG] 2026-09-28 13:28:20.665 [http-nio-8080-exec-2] SqmFunctionRegistry - Registered SqmFunctionTemplate [NamedSqmFunctionTemplate(var_pop)] under var_pop; prior registration was null
[DEBUG] 2026-09-28 13:28:20.665 [http-nio-8080-exec-2] SqmFunctionRegistry - Registered SqmFunctionTemplate [NamedSqmFunctionTemplate(var_samp)] under var_samp; prior registration was null
[DEBUG] 2026-09-28 13:28:20.666 [http-nio-8080-exec-2] SqmFunctionRegistry - Registered SqmFunctionTemplate [NamedSqmFunctionTemplate(datediff)] under datediff; prior registration was null
[DEBUG] 2026-09-28 13:28:20.666 [http-nio-8080-exec-2] SqmFunctionRegistry - Registered SqmFunctionTemplate [NamedSqmFunctionTemplate(adddate)] under adddate; prior registration was null
[DEBUG] 2026-09-28 13:28:20.667 [http-nio-8080-exec-2] SqmFunctionRegistry - Registered SqmFunctionTemplate [NamedSqmFunctionTemplate(subdate)] under subdate; prior registration was null
[DEBUG] 2026-09-28 13:28:20.667 [http-nio-8080-exec-2] SqmFunctionRegistry - Registered SqmFunctionTemplate [NamedSqmFunctionTemplate(addtime)] under addtime; prior registration was null
[DEBUG] 2026-09-28 13:28:20.667 [http-nio-8080-exec-2] SqmFunctionRegistry - Registered SqmFunctionTemplate [NamedSqmFunctionTemplate(subtime)] under subtime; prior registration was null
[DEBUG] 2026-09-28 13:28:20.668 [http-nio-8080-exec-2] SqmFunctionRegistry - Registered SqmFunctionTemplate [org.hibernate.dialect.function.FormatFunction@17d528b2] under format; prior registration was org.hibernate.dialect.function.FormatFunction@542e91b5
[DEBUG] 2026-09-28 13:28:20.668 [http-nio-8080-exec-2] SqmFunctionRegistry - Registered SqmFunctionTemplate [NamedSqmFunctionTemplate(makedate)] under makedate; prior registration was null
[DEBUG] 2026-09-28 13:28:20.668 [http-nio-8080-exec-2] SqmFunctionRegistry - Registered SqmFunctionTemplate [NamedSqmFunctionTemplate(maketime)] under maketime; prior registration was null
[DEBUG] 2026-09-28 13:28:20.668 [http-nio-8080-exec-2] SqmFunctionRegistry - Registered SqmFunctionTemplate [NamedSqmFunctionTemplate(localtime)] under localtime; prior registration was null
[DEBUG] 2026-09-28 13:28:20.668 [http-nio-8080-exec-2] SqmFunctionRegistry - Registered SqmFunctionTemplate [NamedSqmFunctionTemplate(localtimestamp)] under localtimestamp; prior registration was null
[DEBUG] 2026-09-28 13:28:20.668 [http-nio-8080-exec-2] SqmFunctionRegistry - Registered SqmFunctionTemplate [NamedSqmFunctionTemplate(localtime)] under local_time; prior registration was org.hibernate.dialect.function.CurrentFunction@9ba364f
[DEBUG] 2026-09-28 13:28:20.668 [http-nio-8080-exec-2] SqmFunctionRegistry - Registered SqmFunctionTemplate [NamedSqmFunctionTemplate(localtimestamp)] under local_datetime; prior registration was org.hibernate.dialect.function.CurrentFunction@23c05ab7
[DEBUG] 2026-09-28 13:28:20.668 [http-nio-8080-exec-2] SqmFunctionRegistry - Registered SqmFunctionTemplate [NamedSqmFunctionTemplate(localtime)] under localtime; prior registration was NamedSqmFunctionTemplate(localtime)
[DEBUG] 2026-09-28 13:28:20.668 [http-nio-8080-exec-2] SqmFunctionRegistry - Registered SqmFunctionTemplate [org.hibernate.query.sqm.function.PatternBasedSqmFunctionDescriptor@1f0262a8] under pi; prior registration was org.hibernate.query.sqm.function.PatternBasedSqmFunctionDescriptor@35974b98
[DEBUG] 2026-09-28 13:28:20.668 [http-nio-8080-exec-2] SqmFunctionRegistry - Registered SqmFunctionTemplate [org.hibernate.query.sqm.function.PatternBasedSqmFunctionDescriptor@1a046d43] under chr; prior registration was null
[DEBUG] 2026-09-28 13:28:20.669 [http-nio-8080-exec-2] SqmFunctionRegistry - Registering alternate key : char -> chr
[DEBUG] 2026-09-28 13:28:20.669 [http-nio-8080-exec-2] SqmFunctionRegistry - Registered SqmFunctionTemplate [org.hibernate.query.sqm.function.PatternBasedSqmFunctionDescriptor@6b7dfa56] under sysdate; prior registration was null
[DEBUG] 2026-09-28 13:28:20.669 [http-nio-8080-exec-2] SqmFunctionRegistry - Registered SqmFunctionTemplate [NamedSqmFunctionTemplate(row_number)] under row_number; prior registration was null
[DEBUG] 2026-09-28 13:28:20.669 [http-nio-8080-exec-2] SqmFunctionRegistry - Registered SqmFunctionTemplate [NamedSqmFunctionTemplate(lag)] under lag; prior registration was null
[DEBUG] 2026-09-28 13:28:20.670 [http-nio-8080-exec-2] SqmFunctionRegistry - Registered SqmFunctionTemplate [NamedSqmFunctionTemplate(lead)] under lead; prior registration was null
[DEBUG] 2026-09-28 13:28:20.670 [http-nio-8080-exec-2] SqmFunctionRegistry - Registered SqmFunctionTemplate [NamedSqmFunctionTemplate(first_value)] under first_value; prior registration was null
[DEBUG] 2026-09-28 13:28:20.670 [http-nio-8080-exec-2] SqmFunctionRegistry - Registered SqmFunctionTemplate [NamedSqmFunctionTemplate(last_value)] under last_value; prior registration was null
[DEBUG] 2026-09-28 13:28:20.671 [http-nio-8080-exec-2] SqmFunctionRegistry - Registered SqmFunctionTemplate [NamedSqmFunctionTemplate(nth_value)] under nth_value; prior registration was null
[DEBUG] 2026-09-28 13:28:20.675 [http-nio-8080-exec-2] SqmFunctionRegistry - Registered SqmFunctionTemplate [org.hibernate.dialect.function.HypotheticalSetWindowEmulation@45ea6fb0] under rank; prior registration was null
[DEBUG] 2026-09-28 13:28:20.675 [http-nio-8080-exec-2] SqmFunctionRegistry - Registered SqmFunctionTemplate [org.hibernate.dialect.function.HypotheticalSetWindowEmulation@75fb6275] under dense_rank; prior registration was null
[DEBUG] 2026-09-28 13:28:20.675 [http-nio-8080-exec-2] SqmFunctionRegistry - Registered SqmFunctionTemplate [org.hibernate.dialect.function.HypotheticalSetWindowEmulation@4617ff98] under percent_rank; prior registration was null
[DEBUG] 2026-09-28 13:28:20.675 [http-nio-8080-exec-2] SqmFunctionRegistry - Registered SqmFunctionTemplate [org.hibernate.dialect.function.HypotheticalSetWindowEmulation@6204c391] under cume_dist; prior registration was null
[DEBUG] 2026-09-28 13:28:20.676 [http-nio-8080-exec-2] SqmFunctionRegistry - Registered SqmFunctionTemplate [org.hibernate.dialect.function.ListaggGroupConcatEmulation@678d13ee] under listagg; prior registration was null
[DEBUG] 2026-09-28 13:28:20.682 [http-nio-8080-exec-2] HQL_FUNCTIONS - abs(NUMERIC arg)
[DEBUG] 2026-09-28 13:28:20.682 [http-nio-8080-exec-2] HQL_FUNCTIONS - Double acos(NUMERIC arg)
[DEBUG] 2026-09-28 13:28:20.682 [http-nio-8080-exec-2] HQL_FUNCTIONS - adddate(DATE datetime, INTEGER days)
[DEBUG] 2026-09-28 13:28:20.682 [http-nio-8080-exec-2] HQL_FUNCTIONS - addtime(TIME datetime, TIME time)
[DEBUG] 2026-09-28 13:28:20.682 [http-nio-8080-exec-2] HQL_FUNCTIONS - Boolean any(BOOLEAN arg)
[DEBUG] 2026-09-28 13:28:20.682 [http-nio-8080-exec-2] HQL_FUNCTIONS - Integer ascii(STRING arg)
[DEBUG] 2026-09-28 13:28:20.682 [http-nio-8080-exec-2] HQL_FUNCTIONS - Double asin(NUMERIC arg)
[DEBUG] 2026-09-28 13:28:20.682 [http-nio-8080-exec-2] HQL_FUNCTIONS - Double atan(NUMERIC arg)
[DEBUG] 2026-09-28 13:28:20.682 [http-nio-8080-exec-2] HQL_FUNCTIONS - Double atan2(NUMERIC arg0, NUMERIC arg1)
[DEBUG] 2026-09-28 13:28:20.682 [http-nio-8080-exec-2] HQL_FUNCTIONS - avg(arg)
[DEBUG] 2026-09-28 13:28:20.682 [http-nio-8080-exec-2] HQL_FUNCTIONS - bit_and(arg)
[DEBUG] 2026-09-28 13:28:20.682 [http-nio-8080-exec-2] HQL_FUNCTIONS - Integer bit_length(STRING_OR_CLOB arg)
[DEBUG] 2026-09-28 13:28:20.683 [http-nio-8080-exec-2] HQL_FUNCTIONS - bit_or(arg)
[DEBUG] 2026-09-28 13:28:20.683 [http-nio-8080-exec-2] HQL_FUNCTIONS - bitand(arg0, arg1)
[DEBUG] 2026-09-28 13:28:20.683 [http-nio-8080-exec-2] HQL_FUNCTIONS - bitnot(arg)
[DEBUG] 2026-09-28 13:28:20.683 [http-nio-8080-exec-2] HQL_FUNCTIONS - bitor(arg0, arg1)
[DEBUG] 2026-09-28 13:28:20.683 [http-nio-8080-exec-2] HQL_FUNCTIONS - bitxor(arg0, arg1)
[DEBUG] 2026-09-28 13:28:20.683 [http-nio-8080-exec-2] HQL_FUNCTIONS - cast(arg as Type)
[DEBUG] 2026-09-28 13:28:20.683 [http-nio-8080-exec-2] HQL_FUNCTIONS - ceiling(NUMERIC arg)
[DEBUG] 2026-09-28 13:28:20.683 [http-nio-8080-exec-2] HQL_FUNCTIONS - Character char(INTEGER arg)
[DEBUG] 2026-09-28 13:28:20.683 [http-nio-8080-exec-2] HQL_FUNCTIONS - Integer character_length(STRING_OR_CLOB arg)
[DEBUG] 2026-09-28 13:28:20.683 [http-nio-8080-exec-2] HQL_FUNCTIONS - Character chr(INTEGER arg)
[DEBUG] 2026-09-28 13:28:20.683 [http-nio-8080-exec-2] HQL_FUNCTIONS - coalesce(arg0[, arg1[, ...]])
[DEBUG] 2026-09-28 13:28:20.683 [http-nio-8080-exec-2] HQL_FUNCTIONS - String collate(STRING string as COLLATION collation)
[DEBUG] 2026-09-28 13:28:20.683 [http-nio-8080-exec-2] HQL_FUNCTIONS - String concat(STRING string0[, STRING string1[, ...]])
[DEBUG] 2026-09-28 13:28:20.683 [http-nio-8080-exec-2] HQL_FUNCTIONS - Double cos(NUMERIC arg)
[DEBUG] 2026-09-28 13:28:20.683 [http-nio-8080-exec-2] HQL_FUNCTIONS - Double cosh(NUMERIC arg)
[DEBUG] 2026-09-28 13:28:20.683 [http-nio-8080-exec-2] HQL_FUNCTIONS - Double cot(NUMERIC arg)
[DEBUG] 2026-09-28 13:28:20.683 [http-nio-8080-exec-2] HQL_FUNCTIONS - Long count([distinct ]{arg|*})
[DEBUG] 2026-09-28 13:28:20.683 [http-nio-8080-exec-2] HQL_FUNCTIONS - Integer crc32(arg)
[DEBUG] 2026-09-28 13:28:20.683 [http-nio-8080-exec-2] HQL_FUNCTIONS - Double cume_dist([arg0[, ...]])
[DEBUG] 2026-09-28 13:28:20.683 [http-nio-8080-exec-2] HQL_FUNCTIONS - Date curdate()
[DEBUG] 2026-09-28 13:28:20.683 [http-nio-8080-exec-2] HQL_FUNCTIONS - Date current date
[DEBUG] 2026-09-28 13:28:20.683 [http-nio-8080-exec-2] HQL_FUNCTIONS - Time current time
[DEBUG] 2026-09-28 13:28:20.683 [http-nio-8080-exec-2] HQL_FUNCTIONS - Timestamp current timestamp
[DEBUG] 2026-09-28 13:28:20.683 [http-nio-8080-exec-2] HQL_FUNCTIONS - Date current_date
[DEBUG] 2026-09-28 13:28:20.683 [http-nio-8080-exec-2] HQL_FUNCTIONS - Instant current_instant
[DEBUG] 2026-09-28 13:28:20.683 [http-nio-8080-exec-2] HQL_FUNCTIONS - Time current_time
[DEBUG] 2026-09-28 13:28:20.683 [http-nio-8080-exec-2] HQL_FUNCTIONS - Timestamp current_timestamp
[DEBUG] 2026-09-28 13:28:20.683 [http-nio-8080-exec-2] HQL_FUNCTIONS - Time curtime()
[DEBUG] 2026-09-28 13:28:20.683 [http-nio-8080-exec-2] HQL_FUNCTIONS - Date date(arg)
[DEBUG] 2026-09-28 13:28:20.683 [http-nio-8080-exec-2] HQL_FUNCTIONS - dateadd(TEMPORAL_UNIT field, INTEGER magnitude, TEMPORAL datetime)
[DEBUG] 2026-09-28 13:28:20.683 [http-nio-8080-exec-2] HQL_FUNCTIONS - Integer datediff(DATE end, DATE start)
[DEBUG] 2026-09-28 13:28:20.683 [http-nio-8080-exec-2] HQL_FUNCTIONS - Integer day(DATE arg)
[DEBUG] 2026-09-28 13:28:20.683 [http-nio-8080-exec-2] HQL_FUNCTIONS - String dayname(DATE arg)
[DEBUG] 2026-09-28 13:28:20.683 [http-nio-8080-exec-2] HQL_FUNCTIONS - Integer dayofmonth(DATE arg)
[DEBUG] 2026-09-28 13:28:20.683 [http-nio-8080-exec-2] HQL_FUNCTIONS - Integer dayofweek(DATE arg)
[DEBUG] 2026-09-28 13:28:20.683 [http-nio-8080-exec-2] HQL_FUNCTIONS - Integer dayofyear(DATE arg)
[DEBUG] 2026-09-28 13:28:20.683 [http-nio-8080-exec-2] HQL_FUNCTIONS - Double degrees(NUMERIC arg)
[DEBUG] 2026-09-28 13:28:20.683 [http-nio-8080-exec-2] HQL_FUNCTIONS - Long dense_rank([arg0[, ...]])
[DEBUG] 2026-09-28 13:28:20.683 [http-nio-8080-exec-2] HQL_FUNCTIONS - Boolean every(BOOLEAN arg)
[DEBUG] 2026-09-28 13:28:20.683 [http-nio-8080-exec-2] HQL_FUNCTIONS - Double exp(NUMERIC arg)
[DEBUG] 2026-09-28 13:28:20.684 [http-nio-8080-exec-2] HQL_FUNCTIONS - extract(TEMPORAL_UNIT field from TEMPORAL arg)
[DEBUG] 2026-09-28 13:28:20.684 [http-nio-8080-exec-2] HQL_FUNCTIONS - first_valueANY value
[DEBUG] 2026-09-28 13:28:20.684 [http-nio-8080-exec-2] HQL_FUNCTIONS - floor(NUMERIC arg)
[DEBUG] 2026-09-28 13:28:20.684 [http-nio-8080-exec-2] HQL_FUNCTIONS - String format(TEMPORAL datetime as STRING pattern)
[DEBUG] 2026-09-28 13:28:20.685 [http-nio-8080-exec-2] HQL_FUNCTIONS - greatest(COMPARABLE arg0, COMPARABLE arg1[, arg2[, ...]])
[DEBUG] 2026-09-28 13:28:20.685 [http-nio-8080-exec-2] HQL_FUNCTIONS - Integer hour(TIME arg)
[DEBUG] 2026-09-28 13:28:20.685 [http-nio-8080-exec-2] HQL_FUNCTIONS - ifnull(arg0, arg1)
[DEBUG] 2026-09-28 13:28:20.685 [http-nio-8080-exec-2] HQL_FUNCTIONS - String insert(STRING string, INTEGER start, INTEGER length, STRING replacement)
[DEBUG] 2026-09-28 13:28:20.685 [http-nio-8080-exec-2] HQL_FUNCTIONS - Instant instant
[DEBUG] 2026-09-28 13:28:20.686 [http-nio-8080-exec-2] HQL_FUNCTIONS - Integer instr(STRING string, STRING pattern[, INTEGER start[, INTEGER occurrence]])
[DEBUG] 2026-09-28 13:28:20.686 [http-nio-8080-exec-2] HQL_FUNCTIONS - lagANY value[, INTEGER offset[, ANY default]]
[DEBUG] 2026-09-28 13:28:20.686 [http-nio-8080-exec-2] HQL_FUNCTIONS - Date last_day(DATE arg)
[DEBUG] 2026-09-28 13:28:20.686 [http-nio-8080-exec-2] HQL_FUNCTIONS - last_valueANY value
[DEBUG] 2026-09-28 13:28:20.686 [http-nio-8080-exec-2] HQL_FUNCTIONS - leadANY value[, INTEGER offset[, ANY default]]
[DEBUG] 2026-09-28 13:28:20.686 [http-nio-8080-exec-2] HQL_FUNCTIONS - least(COMPARABLE arg0, COMPARABLE arg1[, arg2[, ...]])
[DEBUG] 2026-09-28 13:28:20.686 [http-nio-8080-exec-2] HQL_FUNCTIONS - String left(STRING string, INTEGER length)
[DEBUG] 2026-09-28 13:28:20.686 [http-nio-8080-exec-2] HQL_FUNCTIONS - Integer length(STRING_OR_CLOB arg)
[DEBUG] 2026-09-28 13:28:20.687 [http-nio-8080-exec-2] HQL_FUNCTIONS - String listagg(STRING arg0, STRING arg1)
[DEBUG] 2026-09-28 13:28:20.687 [http-nio-8080-exec-2] HQL_FUNCTIONS - Double ln(NUMERIC arg)
[DEBUG] 2026-09-28 13:28:20.687 [http-nio-8080-exec-2] HQL_FUNCTIONS - LocalDate local date
[DEBUG] 2026-09-28 13:28:20.687 [http-nio-8080-exec-2] HQL_FUNCTIONS - LocalDateTime local datetime
[DEBUG] 2026-09-28 13:28:20.687 [http-nio-8080-exec-2] HQL_FUNCTIONS - LocalTime local time
[DEBUG] 2026-09-28 13:28:20.687 [http-nio-8080-exec-2] HQL_FUNCTIONS - LocalDate local_date
[DEBUG] 2026-09-28 13:28:20.687 [http-nio-8080-exec-2] HQL_FUNCTIONS - LocalDateTime local_datetime
[DEBUG] 2026-09-28 13:28:20.687 [http-nio-8080-exec-2] HQL_FUNCTIONS - LocalTime local_time
[DEBUG] 2026-09-28 13:28:20.687 [http-nio-8080-exec-2] HQL_FUNCTIONS - Timestamp localtime
[DEBUG] 2026-09-28 13:28:20.687 [http-nio-8080-exec-2] HQL_FUNCTIONS - Timestamp localtimestamp
[DEBUG] 2026-09-28 13:28:20.687 [http-nio-8080-exec-2] HQL_FUNCTIONS - Integer locate(STRING pattern, STRING string[, INTEGER start])
[DEBUG] 2026-09-28 13:28:20.687 [http-nio-8080-exec-2] HQL_FUNCTIONS - Double log(NUMERIC arg0[, NUMERIC arg1])
[DEBUG] 2026-09-28 13:28:20.687 [http-nio-8080-exec-2] HQL_FUNCTIONS - Double log10(NUMERIC arg)
[DEBUG] 2026-09-28 13:28:20.687 [http-nio-8080-exec-2] HQL_FUNCTIONS - Double log2(NUMERIC arg)
[DEBUG] 2026-09-28 13:28:20.687 [http-nio-8080-exec-2] HQL_FUNCTIONS - String lower(STRING string)
[DEBUG] 2026-09-28 13:28:20.688 [http-nio-8080-exec-2] HQL_FUNCTIONS - String lpad(string, length[, padding])
[DEBUG] 2026-09-28 13:28:20.688 [http-nio-8080-exec-2] HQL_FUNCTIONS - String ltrim(STRING string[, STRING characters])
[DEBUG] 2026-09-28 13:28:20.688 [http-nio-8080-exec-2] HQL_FUNCTIONS - Date makedate(INTEGER year, INTEGER dayofyear)
[DEBUG] 2026-09-28 13:28:20.688 [http-nio-8080-exec-2] HQL_FUNCTIONS - Time maketime(INTEGER hour, INTEGER min, INTEGER sec)
[DEBUG] 2026-09-28 13:28:20.688 [http-nio-8080-exec-2] HQL_FUNCTIONS - max(COMPARABLE arg)
[DEBUG] 2026-09-28 13:28:20.688 [http-nio-8080-exec-2] HQL_FUNCTIONS - String md5(arg)
[DEBUG] 2026-09-28 13:28:20.688 [http-nio-8080-exec-2] HQL_FUNCTIONS - Integer microsecond(TIME arg)
[DEBUG] 2026-09-28 13:28:20.688 [http-nio-8080-exec-2] HQL_FUNCTIONS - min(COMPARABLE arg)
[DEBUG] 2026-09-28 13:28:20.688 [http-nio-8080-exec-2] HQL_FUNCTIONS - Integer minute(TIME arg)
[DEBUG] 2026-09-28 13:28:20.688 [http-nio-8080-exec-2] HQL_FUNCTIONS - Integer mod(INTEGER arg0, INTEGER arg1)
[DEBUG] 2026-09-28 13:28:20.688 [http-nio-8080-exec-2] HQL_FUNCTIONS - Integer month(DATE arg)
[DEBUG] 2026-09-28 13:28:20.688 [http-nio-8080-exec-2] HQL_FUNCTIONS - String monthname(DATE arg)
[DEBUG] 2026-09-28 13:28:20.689 [http-nio-8080-exec-2] HQL_FUNCTIONS - Timestamp now()
[DEBUG] 2026-09-28 13:28:20.689 [http-nio-8080-exec-2] HQL_FUNCTIONS - nth_valueANY value, INTEGER nth
[DEBUG] 2026-09-28 13:28:20.689 [http-nio-8080-exec-2] HQL_FUNCTIONS - nullif(arg0, arg1)
[DEBUG] 2026-09-28 13:28:20.689 [http-nio-8080-exec-2] HQL_FUNCTIONS - Integer octet_length(STRING_OR_CLOB arg)
[DEBUG] 2026-09-28 13:28:20.689 [http-nio-8080-exec-2] HQL_FUNCTIONS - OffsetDateTime offset datetime
[DEBUG] 2026-09-28 13:28:20.690 [http-nio-8080-exec-2] HQL_FUNCTIONS - OffsetDateTime offset_datetime
[DEBUG] 2026-09-28 13:28:20.690 [http-nio-8080-exec-2] HQL_FUNCTIONS - String overlay(STRING string placing STRING replacement from INTEGER start[ for INTEGER length])
[DEBUG] 2026-09-28 13:28:20.690 [http-nio-8080-exec-2] HQL_FUNCTIONS - String pad(STRING string with INTEGER length {leading|trailing}[ STRING character])
[DEBUG] 2026-09-28 13:28:20.690 [http-nio-8080-exec-2] HQL_FUNCTIONS - Double percent_rank([arg0[, ...]])
[DEBUG] 2026-09-28 13:28:20.690 [http-nio-8080-exec-2] HQL_FUNCTIONS - Double pi
[DEBUG] 2026-09-28 13:28:20.690 [http-nio-8080-exec-2] HQL_FUNCTIONS - Integer position(STRING pattern in STRING string)
[DEBUG] 2026-09-28 13:28:20.690 [http-nio-8080-exec-2] HQL_FUNCTIONS - Double power(NUMERIC arg0, NUMERIC arg1)
[DEBUG] 2026-09-28 13:28:20.690 [http-nio-8080-exec-2] HQL_FUNCTIONS - Integer quarter(DATE arg)
[DEBUG] 2026-09-28 13:28:20.690 [http-nio-8080-exec-2] HQL_FUNCTIONS - Double radians(NUMERIC arg)
[DEBUG] 2026-09-28 13:28:20.690 [http-nio-8080-exec-2] HQL_FUNCTIONS - Double rand([INTEGER seed])
[DEBUG] 2026-09-28 13:28:20.690 [http-nio-8080-exec-2] HQL_FUNCTIONS - Long rank([arg0[, ...]])
[DEBUG] 2026-09-28 13:28:20.690 [http-nio-8080-exec-2] HQL_FUNCTIONS - String repeat(STRING string, INTEGER times)
[DEBUG] 2026-09-28 13:28:20.690 [http-nio-8080-exec-2] HQL_FUNCTIONS - String replace(STRING string, STRING pattern, STRING replacement)
[DEBUG] 2026-09-28 13:28:20.690 [http-nio-8080-exec-2] HQL_FUNCTIONS - String reverse(STRING arg)
[DEBUG] 2026-09-28 13:28:20.690 [http-nio-8080-exec-2] HQL_FUNCTIONS - String right(STRING string, INTEGER length)
[DEBUG] 2026-09-28 13:28:20.690 [http-nio-8080-exec-2] HQL_FUNCTIONS - round(NUMERIC number[, INTEGER places])
[DEBUG] 2026-09-28 13:28:20.690 [http-nio-8080-exec-2] HQL_FUNCTIONS - Long row_number()
[DEBUG] 2026-09-28 13:28:20.690 [http-nio-8080-exec-2] HQL_FUNCTIONS - String rpad(string, length[, padding])
[DEBUG] 2026-09-28 13:28:20.690 [http-nio-8080-exec-2] HQL_FUNCTIONS - String rtrim(STRING string[, STRING characters])
[DEBUG] 2026-09-28 13:28:20.690 [http-nio-8080-exec-2] HQL_FUNCTIONS - Integer second(TIME arg)
[DEBUG] 2026-09-28 13:28:20.690 [http-nio-8080-exec-2] HQL_FUNCTIONS - String sha(arg)
[DEBUG] 2026-09-28 13:28:20.690 [http-nio-8080-exec-2] HQL_FUNCTIONS - String sha1(arg)
[DEBUG] 2026-09-28 13:28:20.690 [http-nio-8080-exec-2] HQL_FUNCTIONS - String sha2(arg0, arg1)
[DEBUG] 2026-09-28 13:28:20.690 [http-nio-8080-exec-2] HQL_FUNCTIONS - Integer sign(NUMERIC arg)
[DEBUG] 2026-09-28 13:28:20.690 [http-nio-8080-exec-2] HQL_FUNCTIONS - Double sin(NUMERIC arg)
[DEBUG] 2026-09-28 13:28:20.690 [http-nio-8080-exec-2] HQL_FUNCTIONS - Double sinh(NUMERIC arg)
[DEBUG] 2026-09-28 13:28:20.690 [http-nio-8080-exec-2] HQL_FUNCTIONS - String soundex(arg)
[DEBUG] 2026-09-28 13:28:20.690 [http-nio-8080-exec-2] HQL_FUNCTIONS - String space(INTEGER arg)
[DEBUG] 2026-09-28 13:28:20.691 [http-nio-8080-exec-2] HQL_FUNCTIONS - Object sql
[DEBUG] 2026-09-28 13:28:20.691 [http-nio-8080-exec-2] HQL_FUNCTIONS - Double sqrt(NUMERIC arg)
[DEBUG] 2026-09-28 13:28:20.691 [http-nio-8080-exec-2] HQL_FUNCTIONS - Double stddev(NUMERIC arg)
[DEBUG] 2026-09-28 13:28:20.691 [http-nio-8080-exec-2] HQL_FUNCTIONS - Double stddev_pop(NUMERIC arg)
[DEBUG] 2026-09-28 13:28:20.691 [http-nio-8080-exec-2] HQL_FUNCTIONS - Double stddev_samp(NUMERIC arg)
[DEBUG] 2026-09-28 13:28:20.691 [http-nio-8080-exec-2] HQL_FUNCTIONS - String str(arg)
[DEBUG] 2026-09-28 13:28:20.691 [http-nio-8080-exec-2] HQL_FUNCTIONS - subdate(DATE datetime, INTEGER days)
[DEBUG] 2026-09-28 13:28:20.691 [http-nio-8080-exec-2] HQL_FUNCTIONS - String substr(STRING string, INTEGER start[, INTEGER length])
[DEBUG] 2026-09-28 13:28:20.691 [http-nio-8080-exec-2] HQL_FUNCTIONS - String substring(STRING string{ from|,} INTEGER start[{ for|,} INTEGER length])
[DEBUG] 2026-09-28 13:28:20.691 [http-nio-8080-exec-2] HQL_FUNCTIONS - subtime(TIME datetime, TIME time)
[DEBUG] 2026-09-28 13:28:20.691 [http-nio-8080-exec-2] HQL_FUNCTIONS - sum(arg)
[DEBUG] 2026-09-28 13:28:20.691 [http-nio-8080-exec-2] HQL_FUNCTIONS - Timestamp sysdate()
[DEBUG] 2026-09-28 13:28:20.691 [http-nio-8080-exec-2] HQL_FUNCTIONS - Double tan(NUMERIC arg)
[DEBUG] 2026-09-28 13:28:20.691 [http-nio-8080-exec-2] HQL_FUNCTIONS - Double tanh(NUMERIC arg)
[DEBUG] 2026-09-28 13:28:20.691 [http-nio-8080-exec-2] HQL_FUNCTIONS - String time(arg)
[DEBUG] 2026-09-28 13:28:20.691 [http-nio-8080-exec-2] HQL_FUNCTIONS - Timestamp timestamp(arg0[, arg1])
[DEBUG] 2026-09-28 13:28:20.691 [http-nio-8080-exec-2] HQL_FUNCTIONS - timestampadd(TEMPORAL_UNIT field, INTEGER magnitude, TEMPORAL datetime)
[DEBUG] 2026-09-28 13:28:20.693 [http-nio-8080-exec-2] HQL_FUNCTIONS - basicType@14(java.lang.Long,-5)|basicType@17(java.lang.Double,8) timestampdiff(TEMPORAL_UNIT field, TEMPORAL start, TEMPORAL end)
[DEBUG] 2026-09-28 13:28:20.693 [http-nio-8080-exec-2] HQL_FUNCTIONS - String trim([[{leading|trailing|both} ][STRING arg0 ]from] STRING arg1)
[DEBUG] 2026-09-28 13:28:20.694 [http-nio-8080-exec-2] HQL_FUNCTIONS - trunc( ... )
[DEBUG] 2026-09-28 13:28:20.694 [http-nio-8080-exec-2] HQL_FUNCTIONS - truncate( ... )
[DEBUG] 2026-09-28 13:28:20.694 [http-nio-8080-exec-2] HQL_FUNCTIONS - String upper(STRING string)
[DEBUG] 2026-09-28 13:28:20.694 [http-nio-8080-exec-2] HQL_FUNCTIONS - Date utc_date
[DEBUG] 2026-09-28 13:28:20.694 [http-nio-8080-exec-2] HQL_FUNCTIONS - Time utc_time
[DEBUG] 2026-09-28 13:28:20.694 [http-nio-8080-exec-2] HQL_FUNCTIONS - Timestamp utc_timestamp
[DEBUG] 2026-09-28 13:28:20.694 [http-nio-8080-exec-2] HQL_FUNCTIONS - Double var_pop(NUMERIC arg)
[DEBUG] 2026-09-28 13:28:20.694 [http-nio-8080-exec-2] HQL_FUNCTIONS - Double var_samp(NUMERIC arg)
[DEBUG] 2026-09-28 13:28:20.694 [http-nio-8080-exec-2] HQL_FUNCTIONS - Double variance(NUMERIC arg)
[DEBUG] 2026-09-28 13:28:20.694 [http-nio-8080-exec-2] HQL_FUNCTIONS - Integer week(DATE arg)
[DEBUG] 2026-09-28 13:28:20.694 [http-nio-8080-exec-2] HQL_FUNCTIONS - Integer year(DATE arg)
[DEBUG] 2026-09-28 13:28:20.710 [http-nio-8080-exec-2] cache - Starting QueryInterpretationCache(2048)
[DEBUG] 2026-09-28 13:28:21.065 [http-nio-8080-exec-2] SessionFactoryServiceRegistryImpl - EventListenerRegistry access via ServiceRegistry is deprecated.  Use `sessionFactory.getEventEngine().getListenerRegistry()` instead
[DEBUG] 2026-09-28 13:28:21.071 [http-nio-8080-exec-2] EntityCopyObserverFactoryInitiator - Configured EntityCopyObserver strategy: disallow
[DEBUG] 2026-09-28 13:28:21.474 [http-nio-8080-exec-2] ClassLoaderAccessImpl - Not known whether passed class name [com.magMan.entity.Card] is safe
[DEBUG] 2026-09-28 13:28:21.475 [http-nio-8080-exec-2] ClassLoaderAccessImpl - No temp ClassLoader provided; using live ClassLoader for loading potentially unsafe class : com.magMan.entity.Card
[DEBUG] 2026-09-28 13:28:22.538 [http-nio-8080-exec-2] BytecodeProviderImpl - HHH000513: Unable to create the ReflectionOptimizer for [com.magMan.entity.Card]: private accessor [cardCmc]
[DEBUG] 2026-09-28 13:28:22.723 [http-nio-8080-exec-2] creation - Starting post-init callbacks
[DEBUG] 2026-09-28 13:28:22.723 [http-nio-8080-exec-2] creation - Starting PostInitCallbackEntry : Entity(com.magMan.entity.Card) `staticFetchableList` generator
[DEBUG] 2026-09-28 13:28:23.156 [http-nio-8080-exec-2] create - Created new SQL alias : c1_0
[DEBUG] 2026-09-28 13:28:23.165 [http-nio-8080-exec-2] create - Registration of TableGroup [StandardTableGroup(com.magMan.entity.Card)] with identifierForTableGroup [com.magMan.entity.Card] for NavigablePath [com.magMan.entity.Card] 
[DEBUG] 2026-09-28 13:28:23.259 [http-nio-8080-exec-2] AST - DomainResult Graph:
 \-EntityResultImpl [com.magMan.entity.Card]
 |  +-BasicFetch [com.magMan.entity.Card.cardCmc]
 |  +-BasicFetch [com.magMan.entity.Card.cardName]
 |  +-BasicFetch [com.magMan.entity.Card.cardQuantity]
 |  \-BasicFetch [com.magMan.entity.Card.cardType]

[DEBUG] 2026-09-28 13:28:23.294 [http-nio-8080-exec-2] tree - SQL AST Tree:
    SelectStatement {
      FromClause {
        StandardTableGroup (c1 : com.magMan.entity.Card) {
          primaryTableReference : cards as c1_0
        }
      }
    }

[DEBUG] 2026-09-28 13:28:23.330 [http-nio-8080-exec-2] AbstractEntityPersister - Static SQL for entity: com.magMan.entity.Card
[DEBUG] 2026-09-28 13:28:23.330 [http-nio-8080-exec-2] AbstractEntityPersister -  Version select: select id from cards where id=?
[DEBUG] 2026-09-28 13:28:23.330 [http-nio-8080-exec-2] AbstractEntityPersister -  Insert (0): insert into cards (cardCmc,cardName,cardQuantity,cardType) values (?,?,?,?)
[DEBUG] 2026-09-28 13:28:23.330 [http-nio-8080-exec-2] AbstractEntityPersister -  Update (0): update cards set cardCmc=?,cardName=?,cardQuantity=?,cardType=? where id=?
[DEBUG] 2026-09-28 13:28:23.330 [http-nio-8080-exec-2] AbstractEntityPersister -  Delete (0): delete from cards where id=?
[DEBUG] 2026-09-28 13:28:23.475 [http-nio-8080-exec-2] JtaPlatformInitiator - No JtaPlatform was specified, checking resolver
[DEBUG] 2026-09-28 13:28:23.476 [http-nio-8080-exec-2] JtaPlatformResolverInitiator - No JtaPlatformResolver was specified, using default [org.hibernate.engine.transaction.jta.platform.internal.StandardJtaPlatformResolver]
[DEBUG] 2026-09-28 13:28:23.498 [http-nio-8080-exec-2] StandardJtaPlatformResolver - Could not resolve JtaPlatform, using default [org.hibernate.engine.transaction.jta.platform.internal.NoJtaPlatform]
[INFO ] 2026-09-28 13:28:23.498 [http-nio-8080-exec-2] JtaPlatformInitiator - HHH000489: No JTA platform available (set 'hibernate.transaction.jta.platform' to enable JTA platform integration)
[DEBUG] 2026-09-28 13:28:23.503 [http-nio-8080-exec-2] TypeConfiguration$Scope - Scoping TypeConfiguration [org.hibernate.type.spi.TypeConfiguration@68029cf2] to SessionFactoryImplementor [org.hibernate.internal.SessionFactoryImpl@2d0491e8]
[DEBUG] 2026-09-28 13:28:23.507 [http-nio-8080-exec-2] NamedObjectRepository - Checking 0 named HQL queries
[DEBUG] 2026-09-28 13:28:23.507 [http-nio-8080-exec-2] NamedObjectRepository - Checking 0 named SQL queries
[DEBUG] 2026-09-28 13:28:23.509 [http-nio-8080-exec-2] SchemaManagementToolCoordinator - No schema actions specified for contributor `orm`; doing nothing
[DEBUG] 2026-09-28 13:28:23.509 [http-nio-8080-exec-2] SchemaManagementToolCoordinator - No actions found; doing nothing
[DEBUG] 2026-09-28 13:28:23.517 [http-nio-8080-exec-2] SessionFactoryRegistry - Initializing SessionFactoryRegistry : org.hibernate.internal.SessionFactoryRegistry@239812f1
[DEBUG] 2026-09-28 13:28:23.517 [http-nio-8080-exec-2] SessionFactoryRegistry - Registering SessionFactory: 53df79e8-4296-44c7-8fcd-5ff176621bf0 (<unnamed>)
[DEBUG] 2026-09-28 13:28:23.517 [http-nio-8080-exec-2] SessionFactoryRegistry - Not binding SessionFactory to JNDI, no JNDI name configured
[DEBUG] 2026-09-28 13:28:23.518 [http-nio-8080-exec-2] SessionFactoryImpl - Instantiated SessionFactory
[DEBUG] 2026-09-28 13:28:23.655 [http-nio-8080-exec-2] StatisticsInitiator - Statistics initialized [enabled=false]
[DEBUG] 2026-09-28 13:28:23.926 [http-nio-8080-exec-2] create - Created new SQL alias : c1_0
[DEBUG] 2026-09-28 13:28:23.926 [http-nio-8080-exec-2] create - Registration of TableGroup [StandardTableGroup(com.magMan.entity.Card(177713561895700))] with identifierForTableGroup [com.magMan.entity.Card] for NavigablePath [com.magMan.entity.Card] 
[DEBUG] 2026-09-28 13:28:23.958 [http-nio-8080-exec-2] AST - DomainResult Graph:
 \-EntityResultImpl [com.magMan.entity.Card(177713561895700)]
 |  +-BasicFetch [com.magMan.entity.Card(177713561895700).cardCmc]
 |  +-BasicFetch [com.magMan.entity.Card(177713561895700).cardName]
 |  +-BasicFetch [com.magMan.entity.Card(177713561895700).cardQuantity]
 |  \-BasicFetch [com.magMan.entity.Card(177713561895700).cardType]

[DEBUG] 2026-09-28 13:28:23.959 [http-nio-8080-exec-2] tree - SQL AST Tree:
    SelectStatement {
      FromClause {
        StandardTableGroup (c1 : com.magMan.entity.Card(177713561895700)) {
          primaryTableReference : cards as c1_0
        }
      }
    }

[DEBUG] 2026-09-28 13:28:24.007 [http-nio-8080-exec-2] exec - Skipping reading Query result cache data: cache-enabled = false, cache-mode = NORMAL
[DEBUG] 2026-09-28 13:28:24.056 [http-nio-8080-exec-2] results - Initializer list:
	  com.magMan.entity.Card(177713561895700) -> EntityResultInitializer(com.magMan.entity.Card(177713561895700))@1643812256 (SingleTableEntityPersister(com.magMan.entity.Card))

[DEBUG] 2026-09-28 13:28:24.097 [http-nio-8080-exec-2] SQL - select c1_0.id,c1_0.cardCmc,c1_0.cardName,c1_0.cardQuantity,c1_0.cardType from cards c1_0
[DEBUG] 2026-09-28 13:28:24.165 [http-nio-8080-exec-2] results - Extracted JDBC value [0] - [1]
[DEBUG] 2026-09-28 13:28:24.168 [http-nio-8080-exec-2] entity - (EntityResultInitializer) Hydrated EntityKey (com.magMan.entity.Card(177713561895700)): 1
[DEBUG] 2026-09-28 13:28:24.179 [http-nio-8080-exec-2] entity - (EntityResultInitializer) Created new entity instance [com.magMan.entity.Card(177713561895700)#1] : 1337923641
[DEBUG] 2026-09-28 13:28:24.183 [http-nio-8080-exec-2] results - Extracted JDBC value [1] - [2]
[DEBUG] 2026-09-28 13:28:24.183 [http-nio-8080-exec-2] results - Extracted JDBC value [2] - [Counterspell]
[DEBUG] 2026-09-28 13:28:24.183 [http-nio-8080-exec-2] results - Extracted JDBC value [3] - [20]
[DEBUG] 2026-09-28 13:28:24.183 [http-nio-8080-exec-2] results - Extracted JDBC value [4] - [Instant]
[DEBUG] 2026-09-28 13:28:24.223 [http-nio-8080-exec-2] entity - (EntityResultInitializer) Done materializing entityInstance : com.magMan.entity.Card(177713561895700)#1
[DEBUG] 2026-09-28 13:28:24.223 [http-nio-8080-exec-2] loading - Calling top-level assembler (0 / 1) : org.hibernate.sql.results.graph.entity.internal.EntityAssembler@1438ccce
[DEBUG] 2026-09-28 13:28:24.226 [http-nio-8080-exec-2] results - Extracted JDBC value [0] - [2]
[DEBUG] 2026-09-28 13:28:24.226 [http-nio-8080-exec-2] entity - (EntityResultInitializer) Hydrated EntityKey (com.magMan.entity.Card(177713561895700)): 2
[DEBUG] 2026-09-28 13:28:24.227 [http-nio-8080-exec-2] entity - (EntityResultInitializer) Created new entity instance [com.magMan.entity.Card(177713561895700)#2] : 1120570767
[DEBUG] 2026-09-28 13:28:24.227 [http-nio-8080-exec-2] results - Extracted JDBC value [1] - [1]
[DEBUG] 2026-09-28 13:28:24.227 [http-nio-8080-exec-2] results - Extracted JDBC value [2] - [Sol Ring]
[DEBUG] 2026-09-28 13:28:24.227 [http-nio-8080-exec-2] results - Extracted JDBC value [3] - [20]
[DEBUG] 2026-09-28 13:28:24.227 [http-nio-8080-exec-2] results - Extracted JDBC value [4] - [Artifact]
[DEBUG] 2026-09-28 13:28:24.227 [http-nio-8080-exec-2] entity - (EntityResultInitializer) Done materializing entityInstance : com.magMan.entity.Card(177713561895700)#2
[DEBUG] 2026-09-28 13:28:24.227 [http-nio-8080-exec-2] loading - Calling top-level assembler (0 / 1) : org.hibernate.sql.results.graph.entity.internal.EntityAssembler@1438ccce
[DEBUG] 2026-09-28 13:28:24.227 [http-nio-8080-exec-2] results - Extracted JDBC value [0] - [3]
[DEBUG] 2026-09-28 13:28:24.228 [http-nio-8080-exec-2] entity - (EntityResultInitializer) Hydrated EntityKey (com.magMan.entity.Card(177713561895700)): 3
[DEBUG] 2026-09-28 13:28:24.228 [http-nio-8080-exec-2] entity - (EntityResultInitializer) Created new entity instance [com.magMan.entity.Card(177713561895700)#3] : 281442212
[DEBUG] 2026-09-28 13:28:24.228 [http-nio-8080-exec-2] results - Extracted JDBC value [1] - [4]
[DEBUG] 2026-09-28 13:28:24.229 [http-nio-8080-exec-2] results - Extracted JDBC value [2] - [Urza, Lord High Artificer]
[DEBUG] 2026-09-28 13:28:24.229 [http-nio-8080-exec-2] results - Extracted JDBC value [3] - [1]
[DEBUG] 2026-09-28 13:28:24.229 [http-nio-8080-exec-2] results - Extracted JDBC value [4] - [Creature]
[DEBUG] 2026-09-28 13:28:24.229 [http-nio-8080-exec-2] entity - (EntityResultInitializer) Done materializing entityInstance : com.magMan.entity.Card(177713561895700)#3
[DEBUG] 2026-09-28 13:28:24.229 [http-nio-8080-exec-2] loading - Calling top-level assembler (0 / 1) : org.hibernate.sql.results.graph.entity.internal.EntityAssembler@1438ccce
[DEBUG] 2026-09-28 13:28:24.229 [http-nio-8080-exec-2] results - Extracted JDBC value [0] - [4]
[DEBUG] 2026-09-28 13:28:24.229 [http-nio-8080-exec-2] entity - (EntityResultInitializer) Hydrated EntityKey (com.magMan.entity.Card(177713561895700)): 4
[DEBUG] 2026-09-28 13:28:24.229 [http-nio-8080-exec-2] entity - (EntityResultInitializer) Created new entity instance [com.magMan.entity.Card(177713561895700)#4] : 755300618
[DEBUG] 2026-09-28 13:28:24.230 [http-nio-8080-exec-2] results - Extracted JDBC value [1] - [null]
[DEBUG] 2026-09-28 13:28:24.230 [http-nio-8080-exec-2] results - Extracted JDBC value [2] - [Island]
[DEBUG] 2026-09-28 13:28:24.230 [http-nio-8080-exec-2] results - Extracted JDBC value [3] - [100]
[DEBUG] 2026-09-28 13:28:24.230 [http-nio-8080-exec-2] results - Extracted JDBC value [4] - [Land]
[DEBUG] 2026-09-28 13:28:24.230 [http-nio-8080-exec-2] entity - (EntityResultInitializer) Done materializing entityInstance : com.magMan.entity.Card(177713561895700)#4
[DEBUG] 2026-09-28 13:28:24.230 [http-nio-8080-exec-2] loading - Calling top-level assembler (0 / 1) : org.hibernate.sql.results.graph.entity.internal.EntityAssembler@1438ccce
[DEBUG] 2026-09-28 13:28:24.230 [http-nio-8080-exec-2] results - Extracted JDBC value [0] - [5]
[DEBUG] 2026-09-28 13:28:24.231 [http-nio-8080-exec-2] entity - (EntityResultInitializer) Hydrated EntityKey (com.magMan.entity.Card(177713561895700)): 5
[DEBUG] 2026-09-28 13:28:24.231 [http-nio-8080-exec-2] entity - (EntityResultInitializer) Created new entity instance [com.magMan.entity.Card(177713561895700)#5] : 490483994
[DEBUG] 2026-09-28 13:28:24.231 [http-nio-8080-exec-2] results - Extracted JDBC value [1] - [3]
[DEBUG] 2026-09-28 13:28:24.231 [http-nio-8080-exec-2] results - Extracted JDBC value [2] - [Tinker]
[DEBUG] 2026-09-28 13:28:24.231 [http-nio-8080-exec-2] results - Extracted JDBC value [3] - [10]
[DEBUG] 2026-09-28 13:28:24.231 [http-nio-8080-exec-2] results - Extracted JDBC value [4] - [Sorcery]
[DEBUG] 2026-09-28 13:28:24.231 [http-nio-8080-exec-2] entity - (EntityResultInitializer) Done materializing entityInstance : com.magMan.entity.Card(177713561895700)#5
[DEBUG] 2026-09-28 13:28:24.232 [http-nio-8080-exec-2] loading - Calling top-level assembler (0 / 1) : org.hibernate.sql.results.graph.entity.internal.EntityAssembler@1438ccce
[DEBUG] 2026-09-28 13:28:24.232 [http-nio-8080-exec-2] results - Extracted JDBC value [0] - [6]
[DEBUG] 2026-09-28 13:28:24.232 [http-nio-8080-exec-2] entity - (EntityResultInitializer) Hydrated EntityKey (com.magMan.entity.Card(177713561895700)): 6
[DEBUG] 2026-09-28 13:28:24.232 [http-nio-8080-exec-2] entity - (EntityResultInitializer) Created new entity instance [com.magMan.entity.Card(177713561895700)#6] : 185364935
[DEBUG] 2026-09-28 13:28:24.232 [http-nio-8080-exec-2] results - Extracted JDBC value [1] - [10]
[DEBUG] 2026-09-28 13:28:24.232 [http-nio-8080-exec-2] results - Extracted JDBC value [2] - [Omniscience]
[DEBUG] 2026-09-28 13:28:24.232 [http-nio-8080-exec-2] results - Extracted JDBC value [3] - [2]
[DEBUG] 2026-09-28 13:28:24.232 [http-nio-8080-exec-2] results - Extracted JDBC value [4] - [Enchantment]
[DEBUG] 2026-09-28 13:28:24.233 [http-nio-8080-exec-2] entity - (EntityResultInitializer) Done materializing entityInstance : com.magMan.entity.Card(177713561895700)#6
[DEBUG] 2026-09-28 13:28:24.233 [http-nio-8080-exec-2] loading - Calling top-level assembler (0 / 1) : org.hibernate.sql.results.graph.entity.internal.EntityAssembler@1438ccce
[DEBUG] 2026-09-28 13:28:24.233 [http-nio-8080-exec-2] results - Extracted JDBC value [0] - [7]
[DEBUG] 2026-09-28 13:28:24.233 [http-nio-8080-exec-2] entity - (EntityResultInitializer) Hydrated EntityKey (com.magMan.entity.Card(177713561895700)): 7
[DEBUG] 2026-09-28 13:28:24.233 [http-nio-8080-exec-2] entity - (EntityResultInitializer) Created new entity instance [com.magMan.entity.Card(177713561895700)#7] : 685005909
[DEBUG] 2026-09-28 13:28:24.233 [http-nio-8080-exec-2] results - Extracted JDBC value [1] - [4]
[DEBUG] 2026-09-28 13:28:24.233 [http-nio-8080-exec-2] results - Extracted JDBC value [2] - [Jace, Wielder of Mysteries]
[DEBUG] 2026-09-28 13:28:24.233 [http-nio-8080-exec-2] results - Extracted JDBC value [3] - [1]
[DEBUG] 2026-09-28 13:28:24.233 [http-nio-8080-exec-2] results - Extracted JDBC value [4] - [Planeswalker]
[DEBUG] 2026-09-28 13:28:24.233 [http-nio-8080-exec-2] entity - (EntityResultInitializer) Done materializing entityInstance : com.magMan.entity.Card(177713561895700)#7
[DEBUG] 2026-09-28 13:28:24.233 [http-nio-8080-exec-2] loading - Calling top-level assembler (0 / 1) : org.hibernate.sql.results.graph.entity.internal.EntityAssembler@1438ccce
[DEBUG] 2026-09-28 13:28:24.233 [http-nio-8080-exec-2] results - Extracted JDBC value [0] - [8]
[DEBUG] 2026-09-28 13:28:24.233 [http-nio-8080-exec-2] entity - (EntityResultInitializer) Hydrated EntityKey (com.magMan.entity.Card(177713561895700)): 8
[DEBUG] 2026-09-28 13:28:24.234 [http-nio-8080-exec-2] entity - (EntityResultInitializer) Created new entity instance [com.magMan.entity.Card(177713561895700)#8] : 580005100
[DEBUG] 2026-09-28 13:28:24.234 [http-nio-8080-exec-2] results - Extracted JDBC value [1] - [0]
[DEBUG] 2026-09-28 13:28:24.234 [http-nio-8080-exec-2] results - Extracted JDBC value [2] - [Welding Jar]
[DEBUG] 2026-09-28 13:28:24.234 [http-nio-8080-exec-2] results - Extracted JDBC value [3] - [8]
[DEBUG] 2026-09-28 13:28:24.234 [http-nio-8080-exec-2] results - Extracted JDBC value [4] - [Artifact]
[DEBUG] 2026-09-28 13:28:24.235 [http-nio-8080-exec-2] entity - (EntityResultInitializer) Done materializing entityInstance : com.magMan.entity.Card(177713561895700)#8
[DEBUG] 2026-09-28 13:28:24.235 [http-nio-8080-exec-2] loading - Calling top-level assembler (0 / 1) : org.hibernate.sql.results.graph.entity.internal.EntityAssembler@1438ccce
[DEBUG] 2026-09-28 13:28:24.235 [http-nio-8080-exec-2] LogicalConnectionManagedImpl - Initiating JDBC connection release from afterTransaction
[DEBUG] 2026-09-28 13:28:24.247 [http-nio-8080-exec-2] LogicalConnectionManagedImpl - Initiating JDBC connection release from afterTransaction
[DEBUG] 2026-09-28 13:28:38.480 [http-nio-8080-exec-6] create - Created new SQL alias : c1_0
[DEBUG] 2026-09-28 13:28:38.481 [http-nio-8080-exec-6] create - Registration of TableGroup [StandardTableGroup(com.magMan.entity.Card(177728228975300))] with identifierForTableGroup [com.magMan.entity.Card] for NavigablePath [com.magMan.entity.Card] 
[DEBUG] 2026-09-28 13:28:38.510 [http-nio-8080-exec-6] BaseSqmToSqlAstConverter - Determining mapping-model type for SqmParameter : org.hibernate.query.sqm.tree.expression.SqmJpaCriteriaParameterWrapper@128be46c
[DEBUG] 2026-09-28 13:28:38.510 [http-nio-8080-exec-6] BaseSqmToSqlAstConverter - Determining mapping-model type for SqmPath : SqmBasicValuedSimplePath(com.magMan.entity.Card(177728228975300).cardName) 
[DEBUG] 2026-09-28 13:28:38.522 [http-nio-8080-exec-6] AST - DomainResult Graph:
 \-EntityResultImpl [com.magMan.entity.Card(177728228975300)]
 |  +-BasicFetch [com.magMan.entity.Card(177728228975300).cardCmc]
 |  +-BasicFetch [com.magMan.entity.Card(177728228975300).cardName]
 |  +-BasicFetch [com.magMan.entity.Card(177728228975300).cardQuantity]
 |  \-BasicFetch [com.magMan.entity.Card(177728228975300).cardType]

[DEBUG] 2026-09-28 13:28:38.522 [http-nio-8080-exec-6] tree - SQL AST Tree:
    SelectStatement {
      FromClause {
        StandardTableGroup (c1 : com.magMan.entity.Card(177728228975300)) {
          primaryTableReference : cards as c1_0
        }
      }
    }

[DEBUG] 2026-09-28 13:28:38.525 [http-nio-8080-exec-6] exec - Skipping reading Query result cache data: cache-enabled = false, cache-mode = NORMAL
[DEBUG] 2026-09-28 13:28:38.525 [http-nio-8080-exec-6] results - Initializer list:
	  com.magMan.entity.Card(177728228975300) -> EntityResultInitializer(com.magMan.entity.Card(177728228975300))@1206516795 (SingleTableEntityPersister(com.magMan.entity.Card))

[DEBUG] 2026-09-28 13:28:38.525 [http-nio-8080-exec-6] SQL - select c1_0.id,c1_0.cardCmc,c1_0.cardName,c1_0.cardQuantity,c1_0.cardType from cards c1_0 where c1_0.cardName like ? escape ''
[DEBUG] 2026-09-28 13:28:38.536 [http-nio-8080-exec-6] results - Extracted JDBC value [0] - [1]
[DEBUG] 2026-09-28 13:28:38.537 [http-nio-8080-exec-6] entity - (EntityResultInitializer) Hydrated EntityKey (com.magMan.entity.Card(177728228975300)): 1
[DEBUG] 2026-09-28 13:28:38.537 [http-nio-8080-exec-6] entity - (EntityResultInitializer) Created new entity instance [com.magMan.entity.Card(177728228975300)#1] : 725702953
[DEBUG] 2026-09-28 13:28:38.537 [http-nio-8080-exec-6] results - Extracted JDBC value [1] - [2]
[DEBUG] 2026-09-28 13:28:38.537 [http-nio-8080-exec-6] results - Extracted JDBC value [2] - [Counterspell]
[DEBUG] 2026-09-28 13:28:38.537 [http-nio-8080-exec-6] results - Extracted JDBC value [3] - [20]
[DEBUG] 2026-09-28 13:28:38.537 [http-nio-8080-exec-6] results - Extracted JDBC value [4] - [Instant]
[DEBUG] 2026-09-28 13:28:38.537 [http-nio-8080-exec-6] entity - (EntityResultInitializer) Done materializing entityInstance : com.magMan.entity.Card(177728228975300)#1
[DEBUG] 2026-09-28 13:28:38.537 [http-nio-8080-exec-6] loading - Calling top-level assembler (0 / 1) : org.hibernate.sql.results.graph.entity.internal.EntityAssembler@6a84b966
[DEBUG] 2026-09-28 13:28:38.537 [http-nio-8080-exec-6] LogicalConnectionManagedImpl - Initiating JDBC connection release from afterTransaction
[DEBUG] 2026-09-28 13:28:38.537 [http-nio-8080-exec-6] LogicalConnectionManagedImpl - Initiating JDBC connection release from afterTransaction
[DEBUG] 2026-09-28 13:28:46.002 [http-nio-8080-exec-7] create - Created new SQL alias : c1_0
[DEBUG] 2026-09-28 13:28:46.003 [http-nio-8080-exec-7] create - Registration of TableGroup [StandardTableGroup(com.magMan.entity.Card(177735861206000))] with identifierForTableGroup [com.magMan.entity.Card] for NavigablePath [com.magMan.entity.Card] 
[DEBUG] 2026-09-28 13:28:46.003 [http-nio-8080-exec-7] BaseSqmToSqlAstConverter - Determining mapping-model type for SqmParameter : org.hibernate.query.sqm.tree.expression.SqmJpaCriteriaParameterWrapper@716c0f1
[DEBUG] 2026-09-28 13:28:46.004 [http-nio-8080-exec-7] BaseSqmToSqlAstConverter - Determining mapping-model type for SqmPath : SqmBasicValuedSimplePath(com.magMan.entity.Card(177735861206000).cardName) 
[DEBUG] 2026-09-28 13:28:46.004 [http-nio-8080-exec-7] AST - DomainResult Graph:
 \-EntityResultImpl [com.magMan.entity.Card(177735861206000)]
 |  +-BasicFetch [com.magMan.entity.Card(177735861206000).cardCmc]
 |  +-BasicFetch [com.magMan.entity.Card(177735861206000).cardName]
 |  +-BasicFetch [com.magMan.entity.Card(177735861206000).cardQuantity]
 |  \-BasicFetch [com.magMan.entity.Card(177735861206000).cardType]

[DEBUG] 2026-09-28 13:28:46.004 [http-nio-8080-exec-7] tree - SQL AST Tree:
    SelectStatement {
      FromClause {
        StandardTableGroup (c1 : com.magMan.entity.Card(177735861206000)) {
          primaryTableReference : cards as c1_0
        }
      }
    }

[DEBUG] 2026-09-28 13:28:46.005 [http-nio-8080-exec-7] exec - Skipping reading Query result cache data: cache-enabled = false, cache-mode = NORMAL
[DEBUG] 2026-09-28 13:28:46.006 [http-nio-8080-exec-7] results - Initializer list:
	  com.magMan.entity.Card(177735861206000) -> EntityResultInitializer(com.magMan.entity.Card(177735861206000))@1999095850 (SingleTableEntityPersister(com.magMan.entity.Card))

[DEBUG] 2026-09-28 13:28:46.006 [http-nio-8080-exec-7] SQL - select c1_0.id,c1_0.cardCmc,c1_0.cardName,c1_0.cardQuantity,c1_0.cardType from cards c1_0 where c1_0.cardName like ? escape ''
[DEBUG] 2026-09-28 13:28:46.009 [http-nio-8080-exec-7] results - Extracted JDBC value [0] - [7]
[DEBUG] 2026-09-28 13:28:46.009 [http-nio-8080-exec-7] entity - (EntityResultInitializer) Hydrated EntityKey (com.magMan.entity.Card(177735861206000)): 7
[DEBUG] 2026-09-28 13:28:46.010 [http-nio-8080-exec-7] entity - (EntityResultInitializer) Created new entity instance [com.magMan.entity.Card(177735861206000)#7] : 1633050939
[DEBUG] 2026-09-28 13:28:46.010 [http-nio-8080-exec-7] results - Extracted JDBC value [1] - [4]
[DEBUG] 2026-09-28 13:28:46.010 [http-nio-8080-exec-7] results - Extracted JDBC value [2] - [Jace, Wielder of Mysteries]
[DEBUG] 2026-09-28 13:28:46.010 [http-nio-8080-exec-7] results - Extracted JDBC value [3] - [1]
[DEBUG] 2026-09-28 13:28:46.011 [http-nio-8080-exec-7] results - Extracted JDBC value [4] - [Planeswalker]
[DEBUG] 2026-09-28 13:28:46.011 [http-nio-8080-exec-7] entity - (EntityResultInitializer) Done materializing entityInstance : com.magMan.entity.Card(177735861206000)#7
[DEBUG] 2026-09-28 13:28:46.011 [http-nio-8080-exec-7] loading - Calling top-level assembler (0 / 1) : org.hibernate.sql.results.graph.entity.internal.EntityAssembler@147a2432
[DEBUG] 2026-09-28 13:28:46.012 [http-nio-8080-exec-7] LogicalConnectionManagedImpl - Initiating JDBC connection release from afterTransaction
[DEBUG] 2026-09-28 13:28:46.013 [http-nio-8080-exec-7] LogicalConnectionManagedImpl - Initiating JDBC connection release from afterTransaction
