[DEBUG] 2026-09-27 19:58:54.888 [http-nio-8080-exec-5] IntegratorServiceImpl - Adding Integrator [org.hibernate.boot.beanvalidation.BeanValidationIntegrator].
[DEBUG] 2026-09-27 19:58:54.921 [http-nio-8080-exec-5] IntegratorServiceImpl - Adding Integrator [org.hibernate.cache.internal.CollectionCacheInvalidator].
[INFO ] 2026-09-27 19:58:55.081 [http-nio-8080-exec-5] Version - HHH000412: Hibernate ORM core version 6.4.3.Final
[DEBUG] 2026-09-27 19:58:55.084 [http-nio-8080-exec-5] Environment - HHH000206: 'hibernate.properties' not found
[DEBUG] 2026-09-27 19:58:55.303 [http-nio-8080-exec-5] LocalXmlResourceResolver - Checking public/system identifiers `-//Hibernate/Hibernate Configuration DTD//EN`/`http://www.hibernate.org/dtd/hibernate-configuration-3.0.dtd` as DTD references
[DEBUG] 2026-09-27 19:58:55.313 [http-nio-8080-exec-5] JaxbCfgProcessor - cfg.xml document did not define namespaces; wrapping in custom event reader to introduce namespace information
[DEBUG] 2026-09-27 19:58:56.608 [http-nio-8080-exec-5] factory - Ignoring CDI for resolving IdentifierGenerator instances as extended or delayed CDI support was enabled
[DEBUG] 2026-09-27 19:58:56.637 [http-nio-8080-exec-5] factory - Registering IdentifierGenerator strategy [uuid2] -> [org.hibernate.id.UUIDGenerator]
[DEBUG] 2026-09-27 19:58:56.639 [http-nio-8080-exec-5] factory - Registering IdentifierGenerator strategy [guid] -> [org.hibernate.id.GUIDGenerator]
[DEBUG] 2026-09-27 19:58:56.646 [http-nio-8080-exec-5] factory - Registering IdentifierGenerator strategy [uuid] -> [org.hibernate.id.UUIDHexGenerator]
[DEBUG] 2026-09-27 19:58:56.646 [http-nio-8080-exec-5] factory - Registering IdentifierGenerator strategy [uuid.hex] -> [org.hibernate.id.UUIDHexGenerator]
[DEBUG] 2026-09-27 19:58:56.648 [http-nio-8080-exec-5] factory - Registering IdentifierGenerator strategy [assigned] -> [org.hibernate.id.Assigned]
[DEBUG] 2026-09-27 19:58:56.654 [http-nio-8080-exec-5] factory - Registering IdentifierGenerator strategy [identity] -> [org.hibernate.id.IdentityGenerator]
[DEBUG] 2026-09-27 19:58:56.654 [http-nio-8080-exec-5] factory - Registering IdentifierGenerator strategy [select] -> [org.hibernate.id.SelectGenerator]
[DEBUG] 2026-09-27 19:58:56.658 [http-nio-8080-exec-5] factory - Registering IdentifierGenerator strategy [sequence] -> [org.hibernate.id.enhanced.SequenceStyleGenerator]
[DEBUG] 2026-09-27 19:58:56.661 [http-nio-8080-exec-5] factory - Registering IdentifierGenerator strategy [increment] -> [org.hibernate.id.IncrementGenerator]
[DEBUG] 2026-09-27 19:58:56.662 [http-nio-8080-exec-5] factory - Registering IdentifierGenerator strategy [foreign] -> [org.hibernate.id.ForeignGenerator]
[DEBUG] 2026-09-27 19:58:56.662 [http-nio-8080-exec-5] factory - Registering IdentifierGenerator strategy [enhanced-sequence] -> [org.hibernate.id.enhanced.SequenceStyleGenerator]
[DEBUG] 2026-09-27 19:58:56.664 [http-nio-8080-exec-5] factory - Registering IdentifierGenerator strategy [enhanced-table] -> [org.hibernate.id.enhanced.TableGenerator]
[DEBUG] 2026-09-27 19:58:56.701 [http-nio-8080-exec-5] RegionFactoryInitiator - Cannot default RegionFactory based on registered strategies as `[]` RegionFactory strategies were registered
[INFO ] 2026-09-27 19:58:56.705 [http-nio-8080-exec-5] RegionFactoryInitiator - HHH000026: Second-level cache disabled
[DEBUG] 2026-09-27 19:58:57.187 [http-nio-8080-exec-5] BasicTypeRegistry - Adding type registration boolean -> org.hibernate.type.BasicTypeReference@61baa0a
[DEBUG] 2026-09-27 19:58:57.187 [http-nio-8080-exec-5] BasicTypeRegistry - Adding type registration boolean -> org.hibernate.type.BasicTypeReference@61baa0a
[DEBUG] 2026-09-27 19:58:57.187 [http-nio-8080-exec-5] BasicTypeRegistry - Adding type registration java.lang.Boolean -> org.hibernate.type.BasicTypeReference@61baa0a
[DEBUG] 2026-09-27 19:58:57.188 [http-nio-8080-exec-5] BasicTypeRegistry - Adding type registration numeric_boolean -> org.hibernate.type.BasicTypeReference@4b490af3
[DEBUG] 2026-09-27 19:58:57.188 [http-nio-8080-exec-5] BasicTypeRegistry - Adding type registration org.hibernate.type.NumericBooleanConverter -> org.hibernate.type.BasicTypeReference@4b490af3
[DEBUG] 2026-09-27 19:58:57.188 [http-nio-8080-exec-5] BasicTypeRegistry - Adding type registration true_false -> org.hibernate.type.BasicTypeReference@59f66f62
[DEBUG] 2026-09-27 19:58:57.188 [http-nio-8080-exec-5] BasicTypeRegistry - Adding type registration org.hibernate.type.TrueFalseConverter -> org.hibernate.type.BasicTypeReference@59f66f62
[DEBUG] 2026-09-27 19:58:57.188 [http-nio-8080-exec-5] BasicTypeRegistry - Adding type registration yes_no -> org.hibernate.type.BasicTypeReference@304b82a
[DEBUG] 2026-09-27 19:58:57.188 [http-nio-8080-exec-5] BasicTypeRegistry - Adding type registration org.hibernate.type.YesNoConverter -> org.hibernate.type.BasicTypeReference@304b82a
[DEBUG] 2026-09-27 19:58:57.189 [http-nio-8080-exec-5] BasicTypeRegistry - Adding type registration byte -> org.hibernate.type.BasicTypeReference@581419ba
[DEBUG] 2026-09-27 19:58:57.189 [http-nio-8080-exec-5] BasicTypeRegistry - Adding type registration byte -> org.hibernate.type.BasicTypeReference@581419ba
[DEBUG] 2026-09-27 19:58:57.189 [http-nio-8080-exec-5] BasicTypeRegistry - Adding type registration java.lang.Byte -> org.hibernate.type.BasicTypeReference@581419ba
[DEBUG] 2026-09-27 19:58:57.189 [http-nio-8080-exec-5] BasicTypeRegistry - Adding type registration binary -> org.hibernate.type.BasicTypeReference@5b098ed9
[DEBUG] 2026-09-27 19:58:57.189 [http-nio-8080-exec-5] BasicTypeRegistry - Adding type registration byte[] -> org.hibernate.type.BasicTypeReference@5b098ed9
[DEBUG] 2026-09-27 19:58:57.190 [http-nio-8080-exec-5] BasicTypeRegistry - Adding type registration [B -> org.hibernate.type.BasicTypeReference@5b098ed9
[DEBUG] 2026-09-27 19:58:57.190 [http-nio-8080-exec-5] BasicTypeRegistry - Adding type registration binary_wrapper -> org.hibernate.type.BasicTypeReference@316e67a5
[DEBUG] 2026-09-27 19:58:57.190 [http-nio-8080-exec-5] BasicTypeRegistry - Adding type registration wrapper-binary -> org.hibernate.type.BasicTypeReference@316e67a5
[DEBUG] 2026-09-27 19:58:57.190 [http-nio-8080-exec-5] BasicTypeRegistry - Adding type registration image -> org.hibernate.type.BasicTypeReference@170d4c4a
[DEBUG] 2026-09-27 19:58:57.190 [http-nio-8080-exec-5] BasicTypeRegistry - Adding type registration blob -> org.hibernate.type.BasicTypeReference@6fac4ed8
[DEBUG] 2026-09-27 19:58:57.190 [http-nio-8080-exec-5] BasicTypeRegistry - Adding type registration java.sql.Blob -> org.hibernate.type.BasicTypeReference@6fac4ed8
[DEBUG] 2026-09-27 19:58:57.190 [http-nio-8080-exec-5] BasicTypeRegistry - Adding type registration materialized_blob -> org.hibernate.type.BasicTypeReference@78446ab2
[DEBUG] 2026-09-27 19:58:57.190 [http-nio-8080-exec-5] BasicTypeRegistry - Adding type registration materialized_blob_wrapper -> org.hibernate.type.BasicTypeReference@3a557950
[DEBUG] 2026-09-27 19:58:57.191 [http-nio-8080-exec-5] BasicTypeRegistry - Adding type registration short -> org.hibernate.type.BasicTypeReference@47c70d4c
[DEBUG] 2026-09-27 19:58:57.191 [http-nio-8080-exec-5] BasicTypeRegistry - Adding type registration short -> org.hibernate.type.BasicTypeReference@47c70d4c
[DEBUG] 2026-09-27 19:58:57.191 [http-nio-8080-exec-5] BasicTypeRegistry - Adding type registration java.lang.Short -> org.hibernate.type.BasicTypeReference@47c70d4c
[DEBUG] 2026-09-27 19:58:57.191 [http-nio-8080-exec-5] BasicTypeRegistry - Adding type registration integer -> org.hibernate.type.BasicTypeReference@4a9041e2
[DEBUG] 2026-09-27 19:58:57.191 [http-nio-8080-exec-5] BasicTypeRegistry - Adding type registration int -> org.hibernate.type.BasicTypeReference@4a9041e2
[DEBUG] 2026-09-27 19:58:57.191 [http-nio-8080-exec-5] BasicTypeRegistry - Adding type registration java.lang.Integer -> org.hibernate.type.BasicTypeReference@4a9041e2
[DEBUG] 2026-09-27 19:58:57.191 [http-nio-8080-exec-5] BasicTypeRegistry - Adding type registration long -> org.hibernate.type.BasicTypeReference@11daa3f8
[DEBUG] 2026-09-27 19:58:57.192 [http-nio-8080-exec-5] BasicTypeRegistry - Adding type registration long -> org.hibernate.type.BasicTypeReference@11daa3f8
[DEBUG] 2026-09-27 19:58:57.192 [http-nio-8080-exec-5] BasicTypeRegistry - Adding type registration java.lang.Long -> org.hibernate.type.BasicTypeReference@11daa3f8
[DEBUG] 2026-09-27 19:58:57.192 [http-nio-8080-exec-5] BasicTypeRegistry - Adding type registration float -> org.hibernate.type.BasicTypeReference@d4c76a
[DEBUG] 2026-09-27 19:58:57.192 [http-nio-8080-exec-5] BasicTypeRegistry - Adding type registration float -> org.hibernate.type.BasicTypeReference@d4c76a
[DEBUG] 2026-09-27 19:58:57.192 [http-nio-8080-exec-5] BasicTypeRegistry - Adding type registration java.lang.Float -> org.hibernate.type.BasicTypeReference@d4c76a
[DEBUG] 2026-09-27 19:58:57.192 [http-nio-8080-exec-5] BasicTypeRegistry - Adding type registration double -> org.hibernate.type.BasicTypeReference@7f861751
[DEBUG] 2026-09-27 19:58:57.193 [http-nio-8080-exec-5] BasicTypeRegistry - Adding type registration double -> org.hibernate.type.BasicTypeReference@7f861751
[DEBUG] 2026-09-27 19:58:57.193 [http-nio-8080-exec-5] BasicTypeRegistry - Adding type registration java.lang.Double -> org.hibernate.type.BasicTypeReference@7f861751
[DEBUG] 2026-09-27 19:58:57.193 [http-nio-8080-exec-5] BasicTypeRegistry - Adding type registration big_integer -> org.hibernate.type.BasicTypeReference@37d1d612
[DEBUG] 2026-09-27 19:58:57.193 [http-nio-8080-exec-5] BasicTypeRegistry - Adding type registration java.math.BigInteger -> org.hibernate.type.BasicTypeReference@37d1d612
[DEBUG] 2026-09-27 19:58:57.193 [http-nio-8080-exec-5] BasicTypeRegistry - Adding type registration big_decimal -> org.hibernate.type.BasicTypeReference@73d06673
[DEBUG] 2026-09-27 19:58:57.193 [http-nio-8080-exec-5] BasicTypeRegistry - Adding type registration java.math.BigDecimal -> org.hibernate.type.BasicTypeReference@73d06673
[DEBUG] 2026-09-27 19:58:57.193 [http-nio-8080-exec-5] BasicTypeRegistry - Adding type registration character -> org.hibernate.type.BasicTypeReference@551910f4
[DEBUG] 2026-09-27 19:58:57.194 [http-nio-8080-exec-5] BasicTypeRegistry - Adding type registration char -> org.hibernate.type.BasicTypeReference@551910f4
[DEBUG] 2026-09-27 19:58:57.194 [http-nio-8080-exec-5] BasicTypeRegistry - Adding type registration java.lang.Character -> org.hibernate.type.BasicTypeReference@551910f4
[DEBUG] 2026-09-27 19:58:57.194 [http-nio-8080-exec-5] BasicTypeRegistry - Adding type registration character_nchar -> org.hibernate.type.BasicTypeReference@1a6ab999
[DEBUG] 2026-09-27 19:58:57.194 [http-nio-8080-exec-5] BasicTypeRegistry - Adding type registration string -> org.hibernate.type.BasicTypeReference@23329d80
[DEBUG] 2026-09-27 19:58:57.194 [http-nio-8080-exec-5] BasicTypeRegistry - Adding type registration java.lang.String -> org.hibernate.type.BasicTypeReference@23329d80
[DEBUG] 2026-09-27 19:58:57.194 [http-nio-8080-exec-5] BasicTypeRegistry - Adding type registration nstring -> org.hibernate.type.BasicTypeReference@5321846b
[DEBUG] 2026-09-27 19:58:57.195 [http-nio-8080-exec-5] BasicTypeRegistry - Adding type registration characters -> org.hibernate.type.BasicTypeReference@4e22b04b
[DEBUG] 2026-09-27 19:58:57.195 [http-nio-8080-exec-5] BasicTypeRegistry - Adding type registration char[] -> org.hibernate.type.BasicTypeReference@4e22b04b
[DEBUG] 2026-09-27 19:58:57.195 [http-nio-8080-exec-5] BasicTypeRegistry - Adding type registration [C -> org.hibernate.type.BasicTypeReference@4e22b04b
[DEBUG] 2026-09-27 19:58:57.195 [http-nio-8080-exec-5] BasicTypeRegistry - Adding type registration wrapper-characters -> org.hibernate.type.BasicTypeReference@1cb6e67
[DEBUG] 2026-09-27 19:58:57.196 [http-nio-8080-exec-5] BasicTypeRegistry - Adding type registration text -> org.hibernate.type.BasicTypeReference@36a22d43
[DEBUG] 2026-09-27 19:58:57.196 [http-nio-8080-exec-5] BasicTypeRegistry - Adding type registration ntext -> org.hibernate.type.BasicTypeReference@697fe520
[DEBUG] 2026-09-27 19:58:57.196 [http-nio-8080-exec-5] BasicTypeRegistry - Adding type registration clob -> org.hibernate.type.BasicTypeReference@3284a0ac
[DEBUG] 2026-09-27 19:58:57.196 [http-nio-8080-exec-5] BasicTypeRegistry - Adding type registration java.sql.Clob -> org.hibernate.type.BasicTypeReference@3284a0ac
[DEBUG] 2026-09-27 19:58:57.196 [http-nio-8080-exec-5] BasicTypeRegistry - Adding type registration nclob -> org.hibernate.type.BasicTypeReference@686648cd
[DEBUG] 2026-09-27 19:58:57.196 [http-nio-8080-exec-5] BasicTypeRegistry - Adding type registration java.sql.NClob -> org.hibernate.type.BasicTypeReference@686648cd
[DEBUG] 2026-09-27 19:58:57.196 [http-nio-8080-exec-5] BasicTypeRegistry - Adding type registration materialized_clob -> org.hibernate.type.BasicTypeReference@4f09b8b7
[DEBUG] 2026-09-27 19:58:57.197 [http-nio-8080-exec-5] BasicTypeRegistry - Adding type registration materialized_clob_char_array -> org.hibernate.type.BasicTypeReference@59c91293
[DEBUG] 2026-09-27 19:58:57.197 [http-nio-8080-exec-5] BasicTypeRegistry - Adding type registration materialized_clob_character_array -> org.hibernate.type.BasicTypeReference@4e5f58c6
[DEBUG] 2026-09-27 19:58:57.197 [http-nio-8080-exec-5] BasicTypeRegistry - Adding type registration materialized_nclob -> org.hibernate.type.BasicTypeReference@142551e0
[DEBUG] 2026-09-27 19:58:57.197 [http-nio-8080-exec-5] BasicTypeRegistry - Adding type registration materialized_nclob_character_array -> org.hibernate.type.BasicTypeReference@166b9fd3
[DEBUG] 2026-09-27 19:58:57.197 [http-nio-8080-exec-5] BasicTypeRegistry - Adding type registration materialized_nclob_char_array -> org.hibernate.type.BasicTypeReference@7275a07
[DEBUG] 2026-09-27 19:58:57.197 [http-nio-8080-exec-5] BasicTypeRegistry - Adding type registration Duration -> org.hibernate.type.BasicTypeReference@330abb4d
[DEBUG] 2026-09-27 19:58:57.198 [http-nio-8080-exec-5] BasicTypeRegistry - Adding type registration java.time.Duration -> org.hibernate.type.BasicTypeReference@330abb4d
[DEBUG] 2026-09-27 19:58:57.198 [http-nio-8080-exec-5] BasicTypeRegistry - Adding type registration LocalDateTime -> org.hibernate.type.BasicTypeReference@d9e469d
[DEBUG] 2026-09-27 19:58:57.198 [http-nio-8080-exec-5] BasicTypeRegistry - Adding type registration java.time.LocalDateTime -> org.hibernate.type.BasicTypeReference@d9e469d
[DEBUG] 2026-09-27 19:58:57.198 [http-nio-8080-exec-5] BasicTypeRegistry - Adding type registration LocalDate -> org.hibernate.type.BasicTypeReference@47c1d5fa
[DEBUG] 2026-09-27 19:58:57.198 [http-nio-8080-exec-5] BasicTypeRegistry - Adding type registration java.time.LocalDate -> org.hibernate.type.BasicTypeReference@47c1d5fa
[DEBUG] 2026-09-27 19:58:57.198 [http-nio-8080-exec-5] BasicTypeRegistry - Adding type registration LocalTime -> org.hibernate.type.BasicTypeReference@7a8b5867
[DEBUG] 2026-09-27 19:58:57.198 [http-nio-8080-exec-5] BasicTypeRegistry - Adding type registration java.time.LocalTime -> org.hibernate.type.BasicTypeReference@7a8b5867
[DEBUG] 2026-09-27 19:58:57.199 [http-nio-8080-exec-5] BasicTypeRegistry - Adding type registration OffsetDateTime -> org.hibernate.type.BasicTypeReference@1c3d54a8
[DEBUG] 2026-09-27 19:58:57.199 [http-nio-8080-exec-5] BasicTypeRegistry - Adding type registration java.time.OffsetDateTime -> org.hibernate.type.BasicTypeReference@1c3d54a8
[DEBUG] 2026-09-27 19:58:57.199 [http-nio-8080-exec-5] BasicTypeRegistry - Adding type registration OffsetDateTimeWithTimezone -> org.hibernate.type.BasicTypeReference@6368531c
[DEBUG] 2026-09-27 19:58:57.199 [http-nio-8080-exec-5] BasicTypeRegistry - Adding type registration OffsetDateTimeWithoutTimezone -> org.hibernate.type.BasicTypeReference@2acf248e
[DEBUG] 2026-09-27 19:58:57.199 [http-nio-8080-exec-5] BasicTypeRegistry - Adding type registration OffsetTime -> org.hibernate.type.BasicTypeReference@aa709d0
[DEBUG] 2026-09-27 19:58:57.199 [http-nio-8080-exec-5] BasicTypeRegistry - Adding type registration java.time.OffsetTime -> org.hibernate.type.BasicTypeReference@aa709d0
[DEBUG] 2026-09-27 19:58:57.199 [http-nio-8080-exec-5] BasicTypeRegistry - Adding type registration OffsetTimeUtc -> org.hibernate.type.BasicTypeReference@7cc98438
[DEBUG] 2026-09-27 19:58:57.202 [http-nio-8080-exec-5] BasicTypeRegistry - Adding type registration OffsetTimeWithTimezone -> org.hibernate.type.BasicTypeReference@5d98d80e
[DEBUG] 2026-09-27 19:58:57.203 [http-nio-8080-exec-5] BasicTypeRegistry - Adding type registration OffsetTimeWithoutTimezone -> org.hibernate.type.BasicTypeReference@e206c67
[DEBUG] 2026-09-27 19:58:57.203 [http-nio-8080-exec-5] BasicTypeRegistry - Adding type registration ZonedDateTime -> org.hibernate.type.BasicTypeReference@3cfb0dfa
[DEBUG] 2026-09-27 19:58:57.203 [http-nio-8080-exec-5] BasicTypeRegistry - Adding type registration java.time.ZonedDateTime -> org.hibernate.type.BasicTypeReference@3cfb0dfa
[DEBUG] 2026-09-27 19:58:57.203 [http-nio-8080-exec-5] BasicTypeRegistry - Adding type registration ZonedDateTimeWithTimezone -> org.hibernate.type.BasicTypeReference@ca3a619
[DEBUG] 2026-09-27 19:58:57.203 [http-nio-8080-exec-5] BasicTypeRegistry - Adding type registration ZonedDateTimeWithoutTimezone -> org.hibernate.type.BasicTypeReference@1760472b
[DEBUG] 2026-09-27 19:58:57.203 [http-nio-8080-exec-5] BasicTypeRegistry - Adding type registration date -> org.hibernate.type.BasicTypeReference@1a2e52f4
[DEBUG] 2026-09-27 19:58:57.205 [http-nio-8080-exec-5] BasicTypeRegistry - Adding type registration java.sql.Date -> org.hibernate.type.BasicTypeReference@1a2e52f4
[DEBUG] 2026-09-27 19:58:57.206 [http-nio-8080-exec-5] BasicTypeRegistry - Adding type registration time -> org.hibernate.type.BasicTypeReference@7e5e1896
[DEBUG] 2026-09-27 19:58:57.206 [http-nio-8080-exec-5] BasicTypeRegistry - Adding type registration java.sql.Time -> org.hibernate.type.BasicTypeReference@7e5e1896
[DEBUG] 2026-09-27 19:58:57.206 [http-nio-8080-exec-5] BasicTypeRegistry - Adding type registration timestamp -> org.hibernate.type.BasicTypeReference@6f5cfa2a
[DEBUG] 2026-09-27 19:58:57.206 [http-nio-8080-exec-5] BasicTypeRegistry - Adding type registration java.sql.Timestamp -> org.hibernate.type.BasicTypeReference@6f5cfa2a
[DEBUG] 2026-09-27 19:58:57.206 [http-nio-8080-exec-5] BasicTypeRegistry - Adding type registration java.util.Date -> org.hibernate.type.BasicTypeReference@6f5cfa2a
[DEBUG] 2026-09-27 19:58:57.207 [http-nio-8080-exec-5] BasicTypeRegistry - Adding type registration calendar -> org.hibernate.type.BasicTypeReference@7a10b1f5
[DEBUG] 2026-09-27 19:58:57.207 [http-nio-8080-exec-5] BasicTypeRegistry - Adding type registration java.util.Calendar -> org.hibernate.type.BasicTypeReference@7a10b1f5
[DEBUG] 2026-09-27 19:58:57.207 [http-nio-8080-exec-5] BasicTypeRegistry - Adding type registration java.util.GregorianCalendar -> org.hibernate.type.BasicTypeReference@7a10b1f5
[DEBUG] 2026-09-27 19:58:57.207 [http-nio-8080-exec-5] BasicTypeRegistry - Adding type registration calendar_date -> org.hibernate.type.BasicTypeReference@12c1f5b1
[DEBUG] 2026-09-27 19:58:57.207 [http-nio-8080-exec-5] BasicTypeRegistry - Adding type registration calendar_time -> org.hibernate.type.BasicTypeReference@1c55c5d7
[DEBUG] 2026-09-27 19:58:57.207 [http-nio-8080-exec-5] BasicTypeRegistry - Adding type registration instant -> org.hibernate.type.BasicTypeReference@1450e1dd
[DEBUG] 2026-09-27 19:58:57.207 [http-nio-8080-exec-5] BasicTypeRegistry - Adding type registration java.time.Instant -> org.hibernate.type.BasicTypeReference@1450e1dd
[DEBUG] 2026-09-27 19:58:57.207 [http-nio-8080-exec-5] BasicTypeRegistry - Adding type registration uuid -> org.hibernate.type.BasicTypeReference@6b3075bb
[DEBUG] 2026-09-27 19:58:57.208 [http-nio-8080-exec-5] BasicTypeRegistry - Adding type registration java.util.UUID -> org.hibernate.type.BasicTypeReference@6b3075bb
[DEBUG] 2026-09-27 19:58:57.208 [http-nio-8080-exec-5] BasicTypeRegistry - Adding type registration pg-uuid -> org.hibernate.type.BasicTypeReference@6b3075bb
[DEBUG] 2026-09-27 19:58:57.208 [http-nio-8080-exec-5] BasicTypeRegistry - Adding type registration uuid-binary -> org.hibernate.type.BasicTypeReference@76416911
[DEBUG] 2026-09-27 19:58:57.208 [http-nio-8080-exec-5] BasicTypeRegistry - Adding type registration uuid-char -> org.hibernate.type.BasicTypeReference@44886173
[DEBUG] 2026-09-27 19:58:57.208 [http-nio-8080-exec-5] BasicTypeRegistry - Adding type registration class -> org.hibernate.type.BasicTypeReference@57c52e36
[DEBUG] 2026-09-27 19:58:57.209 [http-nio-8080-exec-5] BasicTypeRegistry - Adding type registration java.lang.Class -> org.hibernate.type.BasicTypeReference@57c52e36
[DEBUG] 2026-09-27 19:58:57.209 [http-nio-8080-exec-5] BasicTypeRegistry - Adding type registration currency -> org.hibernate.type.BasicTypeReference@3fb004d8
[DEBUG] 2026-09-27 19:58:57.209 [http-nio-8080-exec-5] BasicTypeRegistry - Adding type registration Currency -> org.hibernate.type.BasicTypeReference@3fb004d8
[DEBUG] 2026-09-27 19:58:57.209 [http-nio-8080-exec-5] BasicTypeRegistry - Adding type registration java.util.Currency -> org.hibernate.type.BasicTypeReference@3fb004d8
[DEBUG] 2026-09-27 19:58:57.209 [http-nio-8080-exec-5] BasicTypeRegistry - Adding type registration locale -> org.hibernate.type.BasicTypeReference@42c4ebde
[DEBUG] 2026-09-27 19:58:57.210 [http-nio-8080-exec-5] BasicTypeRegistry - Adding type registration java.util.Locale -> org.hibernate.type.BasicTypeReference@42c4ebde
[DEBUG] 2026-09-27 19:58:57.210 [http-nio-8080-exec-5] BasicTypeRegistry - Adding type registration serializable -> org.hibernate.type.BasicTypeReference@45c0990c
[DEBUG] 2026-09-27 19:58:57.210 [http-nio-8080-exec-5] BasicTypeRegistry - Adding type registration java.io.Serializable -> org.hibernate.type.BasicTypeReference@45c0990c
[DEBUG] 2026-09-27 19:58:57.210 [http-nio-8080-exec-5] BasicTypeRegistry - Adding type registration timezone -> org.hibernate.type.BasicTypeReference@3b8aab1c
[DEBUG] 2026-09-27 19:58:57.210 [http-nio-8080-exec-5] BasicTypeRegistry - Adding type registration java.util.TimeZone -> org.hibernate.type.BasicTypeReference@3b8aab1c
[DEBUG] 2026-09-27 19:58:57.210 [http-nio-8080-exec-5] BasicTypeRegistry - Adding type registration ZoneOffset -> org.hibernate.type.BasicTypeReference@4a3fe71
[DEBUG] 2026-09-27 19:58:57.210 [http-nio-8080-exec-5] BasicTypeRegistry - Adding type registration java.time.ZoneOffset -> org.hibernate.type.BasicTypeReference@4a3fe71
[DEBUG] 2026-09-27 19:58:57.210 [http-nio-8080-exec-5] BasicTypeRegistry - Adding type registration url -> org.hibernate.type.BasicTypeReference@615c6f20
[DEBUG] 2026-09-27 19:58:57.210 [http-nio-8080-exec-5] BasicTypeRegistry - Adding type registration java.net.URL -> org.hibernate.type.BasicTypeReference@615c6f20
[DEBUG] 2026-09-27 19:58:57.210 [http-nio-8080-exec-5] BasicTypeRegistry - Adding type registration vector -> org.hibernate.type.BasicTypeReference@209582fe
[DEBUG] 2026-09-27 19:58:57.210 [http-nio-8080-exec-5] BasicTypeRegistry - Adding type registration row_version -> org.hibernate.type.BasicTypeReference@4e291fbb
[DEBUG] 2026-09-27 19:58:57.245 [http-nio-8080-exec-5] BasicTypeRegistry - Adding type registration object -> org.hibernate.type.JavaObjectType@5ece5a8a
[DEBUG] 2026-09-27 19:58:57.245 [http-nio-8080-exec-5] BasicTypeRegistry - Adding type registration java.lang.Object -> org.hibernate.type.JavaObjectType@5ece5a8a
[DEBUG] 2026-09-27 19:58:57.253 [http-nio-8080-exec-5] BasicTypeRegistry - Adding type registration null -> org.hibernate.type.NullType@3e50a7ed
[DEBUG] 2026-09-27 19:58:57.254 [http-nio-8080-exec-5] BasicTypeRegistry - Adding type registration imm_date -> org.hibernate.type.BasicTypeReference@3c9ac65
[DEBUG] 2026-09-27 19:58:57.254 [http-nio-8080-exec-5] BasicTypeRegistry - Adding type registration imm_time -> org.hibernate.type.BasicTypeReference@5bfe8f3b
[DEBUG] 2026-09-27 19:58:57.254 [http-nio-8080-exec-5] BasicTypeRegistry - Adding type registration imm_timestamp -> org.hibernate.type.BasicTypeReference@7526e4b3
[DEBUG] 2026-09-27 19:58:57.254 [http-nio-8080-exec-5] BasicTypeRegistry - Adding type registration imm_calendar -> org.hibernate.type.BasicTypeReference@4ef25a35
[DEBUG] 2026-09-27 19:58:57.255 [http-nio-8080-exec-5] BasicTypeRegistry - Adding type registration imm_calendar_date -> org.hibernate.type.BasicTypeReference@967d0a
[DEBUG] 2026-09-27 19:58:57.255 [http-nio-8080-exec-5] BasicTypeRegistry - Adding type registration imm_calendar_time -> org.hibernate.type.BasicTypeReference@2fbebd74
[DEBUG] 2026-09-27 19:58:57.255 [http-nio-8080-exec-5] BasicTypeRegistry - Adding type registration imm_binary -> org.hibernate.type.BasicTypeReference@6d7fc74c
[DEBUG] 2026-09-27 19:58:57.255 [http-nio-8080-exec-5] BasicTypeRegistry - Adding type registration imm_serializable -> org.hibernate.type.BasicTypeReference@31800b24
[INFO ] 2026-09-27 19:58:57.489 [http-nio-8080-exec-5] c3p0 - HHH010002: C3P0 using driver: com.mysql.cj.jdbc.Driver at URL: jdbc:mysql://localhost:3306/mtg_manager
[INFO ] 2026-09-27 19:58:57.489 [http-nio-8080-exec-5] c3p0 - HHH10001001: Connection properties: {password=****, user=root}
[INFO ] 2026-09-27 19:58:57.489 [http-nio-8080-exec-5] c3p0 - HHH10001003: Autocommit mode: false
[INFO ] 2026-09-27 19:58:58.004 [http-nio-8080-exec-5] c3p0 - HHH10001007: JDBC isolation level: <unknown>
[DEBUG] 2026-09-27 19:58:59.266 [http-nio-8080-exec-5] JdbcEnvironmentInitiator - Database ->
       name : MySQL
    version : 8.4.8
      major : 8
      minor : 4
[DEBUG] 2026-09-27 19:58:59.267 [http-nio-8080-exec-5] JdbcEnvironmentInitiator - Driver ->
       name : MySQL Connector/J
    version : mysql-connector-j-8.4.0 (Revision: 1c3f5c149e0bfe31c7fbeb24e2d260cd890972c4)
      major : 8
      minor : 4
[DEBUG] 2026-09-27 19:58:59.267 [http-nio-8080-exec-5] JdbcEnvironmentInitiator - JDBC version : 4.2
[DEBUG] 2026-09-27 19:58:59.660 [http-nio-8080-exec-5] dialect - HHH035001: Using dialect: org.hibernate.dialect.MySQLDialect, version: 8.4.8
[DEBUG] 2026-09-27 19:58:59.705 [http-nio-8080-exec-5] IdentifierHelperBuilder - JDBC driver metadata reported database stores quoted identifiers in more than one case
[DEBUG] 2026-09-27 19:58:59.705 [http-nio-8080-exec-5] IdentifierHelperBuilder - IdentifierCaseStrategy for both quoted and unquoted identifiers was set to the same strategy [LOWER]; that will likely lead to problems in schema update and validation if using quoted identifiers
[DEBUG] 2026-09-27 19:58:59.792 [http-nio-8080-exec-5] DdlTypeRegistry - addDescriptor(12, org.hibernate.type.descriptor.sql.internal.CapacityDependentDdlType@2af5d6ba) replaced previous registration(org.hibernate.type.descriptor.sql.internal.CapacityDependentDdlType@4336b10b)
[DEBUG] 2026-09-27 19:58:59.793 [http-nio-8080-exec-5] DdlTypeRegistry - addDescriptor(-9, org.hibernate.type.descriptor.sql.internal.CapacityDependentDdlType@725f4773) replaced previous registration(org.hibernate.type.descriptor.sql.internal.CapacityDependentDdlType@4102b7d6)
[DEBUG] 2026-09-27 19:58:59.793 [http-nio-8080-exec-5] DdlTypeRegistry - addDescriptor(-3, org.hibernate.type.descriptor.sql.internal.CapacityDependentDdlType@4546f94a) replaced previous registration(org.hibernate.type.descriptor.sql.internal.CapacityDependentDdlType@338ea600)
[DEBUG] 2026-09-27 19:58:59.793 [http-nio-8080-exec-5] DdlTypeRegistry - addDescriptor(4003, org.hibernate.type.descriptor.sql.internal.DdlTypeImpl@3b621bdd) replaced previous registration(org.hibernate.type.descriptor.sql.internal.DdlTypeImpl@6f8ab760)
[DEBUG] 2026-09-27 19:58:59.794 [http-nio-8080-exec-5] DdlTypeRegistry - addDescriptor(4001, org.hibernate.type.descriptor.sql.internal.DdlTypeImpl@1d748f72) replaced previous registration(org.hibernate.type.descriptor.sql.internal.DdlTypeImpl@5b8c847a)
[DEBUG] 2026-09-27 19:58:59.794 [http-nio-8080-exec-5] DdlTypeRegistry - addDescriptor(4002, org.hibernate.type.descriptor.sql.internal.DdlTypeImpl@709bd025) replaced previous registration(org.hibernate.type.descriptor.sql.internal.DdlTypeImpl@4a1058e1)
[DEBUG] 2026-09-27 19:58:59.794 [http-nio-8080-exec-5] DdlTypeRegistry - addDescriptor(2004, org.hibernate.type.descriptor.sql.internal.CapacityDependentDdlType@732651ce) replaced previous registration(org.hibernate.type.descriptor.sql.internal.DdlTypeImpl@4c36b484)
[DEBUG] 2026-09-27 19:58:59.794 [http-nio-8080-exec-5] DdlTypeRegistry - addDescriptor(2005, org.hibernate.type.descriptor.sql.internal.CapacityDependentDdlType@62825fdf) replaced previous registration(org.hibernate.type.descriptor.sql.internal.DdlTypeImpl@2a1dc43e)
[DEBUG] 2026-09-27 19:58:59.794 [http-nio-8080-exec-5] DdlTypeRegistry - addDescriptor(2011, org.hibernate.type.descriptor.sql.internal.CapacityDependentDdlType@6b745892) replaced previous registration(org.hibernate.type.descriptor.sql.internal.DdlTypeImpl@121f53ec)
[DEBUG] 2026-09-27 19:58:59.806 [http-nio-8080-exec-5] JdbcTypeRegistry - addDescriptor(NCharTypeDescriptor) replaced previous registration(CharTypeDescriptor)
[DEBUG] 2026-09-27 19:58:59.807 [http-nio-8080-exec-5] JdbcTypeRegistry - addDescriptor(NVarcharTypeDescriptor) replaced previous registration(VarcharTypeDescriptor)
[DEBUG] 2026-09-27 19:58:59.809 [http-nio-8080-exec-5] JdbcTypeRegistry - addDescriptor(LongNVarcharTypeDescriptor) replaced previous registration(LongVarcharTypeDescriptor)
[DEBUG] 2026-09-27 19:58:59.837 [http-nio-8080-exec-5] JdbcTypeRegistry - addDescriptor(NClobTypeDescriptor(DEFAULT)) replaced previous registration(ClobTypeDescriptor(DEFAULT))
[DEBUG] 2026-09-27 19:58:59.838 [http-nio-8080-exec-5] JdbcTypeRegistry - addDescriptor(2005, ClobTypeDescriptor(STREAM_BINDING)) replaced previous registration(ClobTypeDescriptor(DEFAULT))
[DEBUG] 2026-09-27 19:58:59.862 [http-nio-8080-exec-5] BasicTypeRegistry - Adding type registration null -> org.hibernate.type.NullType@1ec64387
[DEBUG] 2026-09-27 19:58:59.862 [http-nio-8080-exec-5] BasicTypeRegistry - Type registration key [null] overrode previous entry : `org.hibernate.type.NullType@3e50a7ed`
[DEBUG] 2026-09-27 19:58:59.910 [http-nio-8080-exec-5] BasicTypeRegistry - Adding type registration org.hibernate.type.DurationType -> basicType@1(java.time.Duration,2)
[DEBUG] 2026-09-27 19:58:59.911 [http-nio-8080-exec-5] BasicTypeRegistry - Adding type registration Duration -> basicType@1(java.time.Duration,2)
[DEBUG] 2026-09-27 19:58:59.911 [http-nio-8080-exec-5] BasicTypeRegistry - Adding type registration java.time.Duration -> basicType@1(java.time.Duration,2)
[DEBUG] 2026-09-27 19:58:59.943 [http-nio-8080-exec-5] BasicTypeRegistry - Adding type registration org.hibernate.type.OffsetDateTimeType -> basicType@2(java.time.OffsetDateTime,3003)
[DEBUG] 2026-09-27 19:58:59.943 [http-nio-8080-exec-5] BasicTypeRegistry - Adding type registration OffsetDateTime -> basicType@2(java.time.OffsetDateTime,3003)
[DEBUG] 2026-09-27 19:58:59.943 [http-nio-8080-exec-5] BasicTypeRegistry - Adding type registration java.time.OffsetDateTime -> basicType@2(java.time.OffsetDateTime,3003)
[DEBUG] 2026-09-27 19:58:59.944 [http-nio-8080-exec-5] BasicTypeRegistry - Adding type registration org.hibernate.type.ZonedDateTimeType -> basicType@3(java.time.ZonedDateTime,3003)
[DEBUG] 2026-09-27 19:58:59.944 [http-nio-8080-exec-5] BasicTypeRegistry - Adding type registration ZonedDateTime -> basicType@3(java.time.ZonedDateTime,3003)
[DEBUG] 2026-09-27 19:58:59.944 [http-nio-8080-exec-5] BasicTypeRegistry - Adding type registration java.time.ZonedDateTime -> basicType@3(java.time.ZonedDateTime,3003)
[DEBUG] 2026-09-27 19:58:59.950 [http-nio-8080-exec-5] BasicTypeRegistry - Adding type registration org.hibernate.type.OffsetTimeType -> basicType@4(java.time.OffsetTime,3007)
[DEBUG] 2026-09-27 19:58:59.950 [http-nio-8080-exec-5] BasicTypeRegistry - Adding type registration OffsetTime -> basicType@4(java.time.OffsetTime,3007)
[DEBUG] 2026-09-27 19:58:59.951 [http-nio-8080-exec-5] BasicTypeRegistry - Adding type registration java.time.OffsetTime -> basicType@4(java.time.OffsetTime,3007)
[DEBUG] 2026-09-27 19:58:59.962 [http-nio-8080-exec-5] TypeConfiguration$Scope - Scoping TypeConfiguration [org.hibernate.type.spi.TypeConfiguration@6f82a9f9] to MetadataBuildingContext [org.hibernate.boot.internal.MetadataBuildingContextRootImpl@7233c10c]
[DEBUG] 2026-09-27 19:59:00.286 [http-nio-8080-exec-5] Namespace - Created database namespace [logicalName=Name{catalog=null, schema=null}, physicalName=Name{catalog=null, schema=null}]
[DEBUG] 2026-09-27 19:59:00.520 [http-nio-8080-exec-5] EntityBinder - Binding entity from annotated class: com.magMan.entity.Card
[DEBUG] 2026-09-27 19:59:00.611 [http-nio-8080-exec-5] EntityBinder - Import with entity name Card
[DEBUG] 2026-09-27 19:59:00.669 [http-nio-8080-exec-5] EntityBinder - Bind entity com.magMan.entity.Card on table cards
[DEBUG] 2026-09-27 19:59:00.744 [http-nio-8080-exec-5] AnnotatedColumn - Binding column: AnnotatedDiscriminatorColumn(column='DTYPE')
[DEBUG] 2026-09-27 19:59:00.879 [http-nio-8080-exec-5] AnnotatedColumn - Binding column: AnnotatedColumn()
[DEBUG] 2026-09-27 19:59:00.882 [http-nio-8080-exec-5] ClassLoaderAccessImpl - Not known whether passed class name [com.magMan.entity.Card] is safe
[DEBUG] 2026-09-27 19:59:00.882 [http-nio-8080-exec-5] ClassLoaderAccessImpl - No temp ClassLoader provided; using live ClassLoader for loading potentially unsafe class : com.magMan.entity.Card
[DEBUG] 2026-09-27 19:59:00.891 [http-nio-8080-exec-5] PropertyBinder - MetadataSourceProcessor property id with lazy=false
[DEBUG] 2026-09-27 19:59:00.914 [http-nio-8080-exec-5] AbstractPropertyHolder - Attempting to locate auto-apply AttributeConverter for property [com.magMan.entity.Card:id]
[DEBUG] 2026-09-27 19:59:00.942 [http-nio-8080-exec-5] BasicValueBinder - building BasicValue for id
[DEBUG] 2026-09-27 19:59:00.955 [http-nio-8080-exec-5] BasicValue - Skipping column re-registration: cards.id
[DEBUG] 2026-09-27 19:59:00.959 [http-nio-8080-exec-5] PropertyBinder - Building property id
[DEBUG] 2026-09-27 19:59:00.978 [http-nio-8080-exec-5] BinderHelper - #makeIdGenerator(BasicValue([Column(id)]), id, org.hibernate.id.enhanced.SequenceStyleGenerator, native, ...)
[DEBUG] 2026-09-27 19:59:00.988 [http-nio-8080-exec-5] AnnotatedColumn - Binding column: AnnotatedColumn(column='cardCmc')
[DEBUG] 2026-09-27 19:59:00.991 [http-nio-8080-exec-5] PropertyBinder - MetadataSourceProcessor property cardCmc with lazy=false
[DEBUG] 2026-09-27 19:59:00.991 [http-nio-8080-exec-5] AbstractPropertyHolder - Attempting to locate auto-apply AttributeConverter for property [com.magMan.entity.Card:cardCmc]
[DEBUG] 2026-09-27 19:59:00.991 [http-nio-8080-exec-5] BasicValueBinder - building BasicValue for cardCmc
[DEBUG] 2026-09-27 19:59:00.991 [http-nio-8080-exec-5] BasicValue - Skipping column re-registration: cards.cardCmc
[DEBUG] 2026-09-27 19:59:00.992 [http-nio-8080-exec-5] PropertyBinder - Building property cardCmc
[DEBUG] 2026-09-27 19:59:00.993 [http-nio-8080-exec-5] AnnotatedColumn - Binding column: AnnotatedColumn(column='cardName')
[DEBUG] 2026-09-27 19:59:00.993 [http-nio-8080-exec-5] PropertyBinder - MetadataSourceProcessor property cardName with lazy=false
[DEBUG] 2026-09-27 19:59:00.993 [http-nio-8080-exec-5] AbstractPropertyHolder - Attempting to locate auto-apply AttributeConverter for property [com.magMan.entity.Card:cardName]
[DEBUG] 2026-09-27 19:59:00.993 [http-nio-8080-exec-5] BasicValueBinder - building BasicValue for cardName
[DEBUG] 2026-09-27 19:59:00.994 [http-nio-8080-exec-5] BasicValue - Skipping column re-registration: cards.cardName
[DEBUG] 2026-09-27 19:59:00.994 [http-nio-8080-exec-5] PropertyBinder - Building property cardName
[DEBUG] 2026-09-27 19:59:00.994 [http-nio-8080-exec-5] AnnotatedColumn - Binding column: AnnotatedColumn(column='cardQuantity')
[DEBUG] 2026-09-27 19:59:00.994 [http-nio-8080-exec-5] PropertyBinder - MetadataSourceProcessor property cardQuantity with lazy=false
[DEBUG] 2026-09-27 19:59:00.994 [http-nio-8080-exec-5] AbstractPropertyHolder - Attempting to locate auto-apply AttributeConverter for property [com.magMan.entity.Card:cardQuantity]
[DEBUG] 2026-09-27 19:59:00.994 [http-nio-8080-exec-5] BasicValueBinder - building BasicValue for cardQuantity
[DEBUG] 2026-09-27 19:59:00.994 [http-nio-8080-exec-5] BasicValue - Skipping column re-registration: cards.cardQuantity
[DEBUG] 2026-09-27 19:59:00.995 [http-nio-8080-exec-5] PropertyBinder - Building property cardQuantity
[DEBUG] 2026-09-27 19:59:00.995 [http-nio-8080-exec-5] AnnotatedColumn - Binding column: AnnotatedColumn(column='cardType')
[DEBUG] 2026-09-27 19:59:00.996 [http-nio-8080-exec-5] PropertyBinder - MetadataSourceProcessor property cardType with lazy=false
[DEBUG] 2026-09-27 19:59:00.996 [http-nio-8080-exec-5] AbstractPropertyHolder - Attempting to locate auto-apply AttributeConverter for property [com.magMan.entity.Card:cardType]
[DEBUG] 2026-09-27 19:59:00.996 [http-nio-8080-exec-5] BasicValueBinder - building BasicValue for cardType
[DEBUG] 2026-09-27 19:59:00.996 [http-nio-8080-exec-5] BasicValue - Skipping column re-registration: cards.cardType
[DEBUG] 2026-09-27 19:59:00.996 [http-nio-8080-exec-5] PropertyBinder - Building property cardType
[DEBUG] 2026-09-27 19:59:01.004 [http-nio-8080-exec-5] ClassLoaderServiceImpl - HHH000194: Package not found or wo package-info.java: com.magMan.entity
[DEBUG] 2026-09-27 19:59:01.048 [http-nio-8080-exec-5] BasicValueBinder - Starting `BasicValueBinder#fillSimpleValue` for id
[DEBUG] 2026-09-27 19:59:01.048 [http-nio-8080-exec-5] BasicValueBinder - Starting `BasicValueBinder#fillSimpleValue` for cardCmc
[DEBUG] 2026-09-27 19:59:01.052 [http-nio-8080-exec-5] BasicValueBinder - Starting `BasicValueBinder#fillSimpleValue` for cardName
[DEBUG] 2026-09-27 19:59:01.053 [http-nio-8080-exec-5] BasicValueBinder - Starting `BasicValueBinder#fillSimpleValue` for cardQuantity
[DEBUG] 2026-09-27 19:59:01.053 [http-nio-8080-exec-5] BasicValueBinder - Starting `BasicValueBinder#fillSimpleValue` for cardType
[DEBUG] 2026-09-27 19:59:01.062 [http-nio-8080-exec-5] PrimaryKey - Forcing column [id] to be non-null as it is part of the primary key for table [cards]
[DEBUG] 2026-09-27 19:59:02.142 [http-nio-8080-exec-5] SessionFactoryImpl - Building session factory
[DEBUG] 2026-09-27 19:59:02.277 [http-nio-8080-exec-5] SessionFactoryServiceRegistryImpl - EventListenerRegistry access via ServiceRegistry is deprecated.  Use `sessionFactory.getEventEngine().getListenerRegistry()` instead
[DEBUG] 2026-09-27 19:59:02.277 [http-nio-8080-exec-5] SessionFactoryImpl - Instantiating SessionFactory with settings: {awt.toolkit=sun.awt.windows.WToolkit, java.specification.version=11, sun.cpu.isalist=amd64, hibernate.c3p0.idle_test_period=3000, sun.jnu.encoding=Cp1252, hibernate.c3p0.min_size=5, sun.arch.data.model=64, java.vendor.url=https://adoptium.net/, catalina.useNaming=true, org.apache.el.GET_CLASSLOADER_USE_PRIVILEGED=false, sun.io.useCanonCaches=false, sun.boot.library.path=C:\Program Files\Eclipse Adoptium\jdk-11.0.24.8-hotspot\bin, com.sun.management.jmxremote.ssl=false, sun.java.command=org.apache.catalina.startup.Bootstrap start, jdk.debug=release, java.specification.vendor=Oracle Corporation, java.naming.factory.url.pkgs=org.apache.naming, java.version.date=2024-07-16, java.home=C:\Program Files\Eclipse Adoptium\jdk-11.0.24.8-hotspot, ignore.endorsed.dirs=, file.separator=\, java.vm.compressedOopsMode=32-bit, line.separator=
, hibernate.c3p0.timeout=300, java.specification.name=Java Platform API Specification, java.vm.specification.vendor=Oracle Corporation, com.sun.management.jmxremote.password.file=C:\Users\tinyt\AppData\Local\JetBrains\IntelliJIdea2026.2\tomcat\d05dcdfb-8697-433f-a554-cbfcdcf7cd36\jmxremote.password, package.definition=sun.,java.,org.apache.catalina.,org.apache.coyote.,org.apache.jasper.,org.apache.naming.,org.apache.tomcat., jdk.tls.ephemeralDHKeySize=2048, user.script=, java.util.logging.config.file=C:\Users\tinyt\AppData\Local\JetBrains\IntelliJIdea2026.2\tomcat\d05dcdfb-8697-433f-a554-cbfcdcf7cd36\conf\logging.properties, java.protocol.handler.pkgs=org.apache.catalina.webresources, connection.password=student, sun.management.compiler=HotSpot 64-Bit Tiered Compilers, java.runtime.version=11.0.24+8, user.name=tinyt, file.encoding=Cp1252, java.vendor.version=Temurin-11.0.24+8, hibernate.connection.driver_class=com.mysql.cj.jdbc.Driver, java.io.tmpdir=C:\Users\tinyt\Documents\00MATC\00Courses\07Spring2026\EnterpriseJava\tomcat\temp, tomcat.util.scan.StandardJarScanFilter.jarsToScan=log4j-taglib*.jar,log4j-web*.jar,log4javascript*.jar,slf4j-taglib*.jar, com.sun.management.jmxremote.port=1099, java.version=11.0.24, tomcat.util.scan.StandardJarScanFilter.jarsToSkip=annotations-api.jar,ant-junit*.jar,ant-launcher*.jar,ant*.jar,asm-*.jar,aspectj*.jar,bcel*.jar,biz.aQute.bnd*.jar,bootstrap.jar,catalina-ant.jar,catalina-ha.jar,catalina-ssi.jar,catalina-storeconfig.jar,catalina-tribes.jar,catalina.jar,cglib-*.jar,cobertura-*.jar,commons-beanutils*.jar,commons-codec*.jar,commons-collections*.jar,commons-compress*.jar,commons-daemon.jar,commons-dbcp*.jar,commons-digester*.jar,commons-fileupload*.jar,commons-httpclient*.jar,commons-io*.jar,commons-lang*.jar,commons-logging*.jar,commons-math*.jar,commons-pool*.jar,derby-*.jar,dom4j-*.jar,easymock-*.jar,ecj-*.jar,el-api.jar,geronimo-spec-jaxrpc*.jar,h2*.jar,ha-api-*.jar,hamcrest-*.jar,hibernate*.jar,httpclient*.jar,icu4j-*.jar,jasper-el.jar,jasper.jar,jaspic-api.jar,jaxb-*.jar,jaxen-*.jar,jaxws-rt-*.jar,jdom-*.jar,jetty-*.jar,jmx-tools.jar,jmx.jar,jsp-api.jar,jstl.jar,jta*.jar,junit-*.jar,junit.jar,log4j*.jar,mail*.jar,objenesis-*.jar,oraclepki.jar,org.hamcrest.core_*.jar,org.junit_*.jar,oro-*.jar,servlet-api-*.jar,servlet-api.jar,slf4j*.jar,taglibs-standard-spec-*.jar,tagsoup-*.jar,tomcat-api.jar,tomcat-coyote.jar,tomcat-coyote-ffm.jar,tomcat-dbcp.jar,tomcat-i18n-*.jar,tomcat-jdbc.jar,tomcat-jni.jar,tomcat-juli-adapters.jar,tomcat-juli.jar,tomcat-util-scan.jar,tomcat-util.jar,tomcat-websocket.jar,tools.jar,unboundid-ldapsdk-*.jar,websocket-api.jar,wsdl4j*.jar,xercesImpl.jar,xml-apis.jar,xmlParserAPIs-*.jar,xmlParserAPIs.jar,xom-*.jar, connection.username=root, java.vm.specification.name=Java Virtual Machine Specification, java.awt.printerjob=sun.awt.windows.WPrinterJob, sun.os.patch.level=, connection.driver_class=com.mysql.cj.jdbc.Driver, java.library.path=C:\Program Files\Eclipse Adoptium\jdk-11.0.24.8-hotspot\bin;C:\WINDOWS\Sun\Java\bin;C:\WINDOWS\system32;C:\WINDOWS;C:\Program Files\Eclipse Adoptium\jdk-11.0.24.8-hotspot\bin;C:\WINDOWS\system32;C:\WINDOWS;C:\WINDOWS\System32\Wbem;C:\WINDOWS\System32\WindowsPowerShell\v1.0\;C:\WINDOWS\System32\OpenSSH\;C:\Program Files\dotnet\;C:\Program Files\Amazon\AWSCLIV2\;C:\Program Files\Git\cmd;C:\Program Files\nodejs\;C:\Users\tinyt\AppData\Local\Microsoft\WindowsApps;C:\Users\tinyt\AppData\Local\Programs\Microsoft VS Code\bin;C:\Users\tinyt\AppData\Roaming\npm;C:\Users\tinyt\AppData\Local\GitHubDesktop\bin;., java.vendor=Eclipse Adoptium, java.specification.maintenance.version=2, java.rmi.server.randomIDs=true, sun.io.unicode.encoding=UnicodeLittle, tomcat.util.buf.StringCache.byte.enabled=true, sun.desktop=windows, java.class.path=C:\Users\tinyt\Documents\00MATC\00Courses\07Spring2026\EnterpriseJava\tomcat\bin\bootstrap.jar;C:\Users\tinyt\Documents\00MATC\00Courses\07Spring2026\EnterpriseJava\tomcat\bin\tomcat-juli.jar, java.vm.vendor=Eclipse Adoptium, user.variant=, user.timezone=America/Chicago, os.name=Windows 11, java.vm.specification.version=11, sun.java.launcher=SUN_STANDARD, user.country=US, com.sun.management.jmxremote=, sun.cpu.endian=little, user.home=C:\Users\tinyt, hibernate.c3p0.max_statements=50, user.language=en, java.awt.graphicsenv=sun.awt.Win32GraphicsEnvironment, package.access=sun.,org.apache.catalina.,org.apache.coyote.,org.apache.jasper.,org.apache.tomcat., server.loader=, com.sun.management.jmxremote.access.file=C:\Users\tinyt\AppData\Local\JetBrains\IntelliJIdea2026.2\tomcat\d05dcdfb-8697-433f-a554-cbfcdcf7cd36\jmxremote.access, hibernate.c3p0.max_size=20, java.naming.factory.initial=org.apache.naming.java.javaURLContextFactory, path.separator=;, common.loader="C:/Users/tinyt/Documents/00MATC/00Courses/07Spring2026/EnterpriseJava/tomcat/lib","C:/Users/tinyt/Documents/00MATC/00Courses/07Spring2026/EnterpriseJava/tomcat/lib/*.jar","C:\Users\tinyt\Documents\00MATC\00Courses\07Spring2026\EnterpriseJava\tomcat/lib","C:\Users\tinyt\Documents\00MATC\00Courses\07Spring2026\EnterpriseJava\tomcat/lib/*.jar", hibernate.connection.username=****, os.version=10.0, java.runtime.name=OpenJDK Runtime Environment, hibernate.connection.url=jdbc:mysql://localhost:3306/mtg_manager, java.vm.name=OpenJDK 64-Bit Server VM, java.vendor.url.bug=https://github.com/adoptium/adoptium-support/issues, catalina.home=C:\Users\tinyt\Documents\00MATC\00Courses\07Spring2026\EnterpriseJava\tomcat, user.dir=C:\Users\tinyt\Documents\00MATC\00Courses\07Spring2026\EnterpriseJava\tomcat\bin, os.arch=amd64, hibernate.connection.password=****, catalina.base=C:\Users\tinyt\AppData\Local\JetBrains\IntelliJIdea2026.2\tomcat\d05dcdfb-8697-433f-a554-cbfcdcf7cd36, shared.loader=, hibernate.boot.CfgXmlAccessService.key=org.hibernate.boot.cfgxml.spi.LoadedConfig@3440a3a4, java.util.logging.manager=org.apache.juli.ClassLoaderLogManager, java.vm.info=mixed mode, java.vm.version=11.0.24+8, java.rmi.server.hostname=127.0.0.1, connection.url=jdbc:mysql://localhost:3306/mtg_manager, java.class.version=55.0}
[DEBUG] 2026-09-27 19:59:02.292 [http-nio-8080-exec-5] SessionFactoryImpl - Session factory constructed with filter configurations : {}
[DEBUG] 2026-09-27 19:59:02.309 [http-nio-8080-exec-5] SchemaManagementToolCoordinator - No schema actions specified for contributor `orm`; doing nothing
[DEBUG] 2026-09-27 19:59:02.403 [http-nio-8080-exec-5] SqmFunctionRegistry - Registered SqmFunctionTemplate [NamedSqmFunctionTemplate(max)] under max; prior registration was null
[DEBUG] 2026-09-27 19:59:02.403 [http-nio-8080-exec-5] SqmFunctionRegistry - Registered SqmFunctionTemplate [NamedSqmFunctionTemplate(min)] under min; prior registration was null
[DEBUG] 2026-09-27 19:59:02.404 [http-nio-8080-exec-5] SqmFunctionRegistry - Registered SqmFunctionTemplate [NamedSqmFunctionTemplate(sum)] under sum; prior registration was null
[DEBUG] 2026-09-27 19:59:02.405 [http-nio-8080-exec-5] SqmFunctionRegistry - Registered SqmFunctionTemplate [NamedSqmFunctionTemplate(avg)] under avg; prior registration was null
[DEBUG] 2026-09-27 19:59:02.408 [http-nio-8080-exec-5] SqmFunctionRegistry - Registered SqmFunctionTemplate [org.hibernate.dialect.function.CountFunction@1041cfab] under count; prior registration was null
[DEBUG] 2026-09-27 19:59:02.410 [http-nio-8080-exec-5] SqmFunctionRegistry - Registered SqmFunctionTemplate [org.hibernate.dialect.function.EveryAnyEmulation@23b19ba] under every; prior registration was null
[DEBUG] 2026-09-27 19:59:02.410 [http-nio-8080-exec-5] SqmFunctionRegistry - Registered SqmFunctionTemplate [org.hibernate.dialect.function.EveryAnyEmulation@4d351ccd] under any; prior registration was null
[DEBUG] 2026-09-27 19:59:02.411 [http-nio-8080-exec-5] SqmFunctionRegistry - Registered SqmFunctionTemplate [NamedSqmFunctionTemplate(floor)] under floor; prior registration was null
[DEBUG] 2026-09-27 19:59:02.411 [http-nio-8080-exec-5] SqmFunctionRegistry - Registered SqmFunctionTemplate [NamedSqmFunctionTemplate(ceiling)] under ceiling; prior registration was null
[DEBUG] 2026-09-27 19:59:02.411 [http-nio-8080-exec-5] SqmFunctionRegistry - Registered SqmFunctionTemplate [NamedSqmFunctionTemplate(mod)] under mod; prior registration was null
[DEBUG] 2026-09-27 19:59:02.411 [http-nio-8080-exec-5] SqmFunctionRegistry - Registered SqmFunctionTemplate [NamedSqmFunctionTemplate(abs)] under abs; prior registration was null
[DEBUG] 2026-09-27 19:59:02.411 [http-nio-8080-exec-5] SqmFunctionRegistry - Registered SqmFunctionTemplate [NamedSqmFunctionTemplate(sign)] under sign; prior registration was null
[DEBUG] 2026-09-27 19:59:02.411 [http-nio-8080-exec-5] SqmFunctionRegistry - Registered SqmFunctionTemplate [NamedSqmFunctionTemplate(sqrt)] under sqrt; prior registration was null
[DEBUG] 2026-09-27 19:59:02.411 [http-nio-8080-exec-5] SqmFunctionRegistry - Registered SqmFunctionTemplate [NamedSqmFunctionTemplate(ln)] under ln; prior registration was null
[DEBUG] 2026-09-27 19:59:02.411 [http-nio-8080-exec-5] SqmFunctionRegistry - Registered SqmFunctionTemplate [NamedSqmFunctionTemplate(exp)] under exp; prior registration was null
[DEBUG] 2026-09-27 19:59:02.412 [http-nio-8080-exec-5] SqmFunctionRegistry - Registered SqmFunctionTemplate [NamedSqmFunctionTemplate(power)] under power; prior registration was null
[DEBUG] 2026-09-27 19:59:02.412 [http-nio-8080-exec-5] SqmFunctionRegistry - Registered SqmFunctionTemplate [NamedSqmFunctionTemplate(round)] under round; prior registration was null
[DEBUG] 2026-09-27 19:59:02.412 [http-nio-8080-exec-5] SqmFunctionRegistry - Registered SqmFunctionTemplate [NamedSqmFunctionTemplate(sin)] under sin; prior registration was null
[DEBUG] 2026-09-27 19:59:02.413 [http-nio-8080-exec-5] SqmFunctionRegistry - Registered SqmFunctionTemplate [NamedSqmFunctionTemplate(cos)] under cos; prior registration was null
[DEBUG] 2026-09-27 19:59:02.413 [http-nio-8080-exec-5] SqmFunctionRegistry - Registered SqmFunctionTemplate [NamedSqmFunctionTemplate(tan)] under tan; prior registration was null
[DEBUG] 2026-09-27 19:59:02.413 [http-nio-8080-exec-5] SqmFunctionRegistry - Registered SqmFunctionTemplate [NamedSqmFunctionTemplate(asin)] under asin; prior registration was null
[DEBUG] 2026-09-27 19:59:02.413 [http-nio-8080-exec-5] SqmFunctionRegistry - Registered SqmFunctionTemplate [NamedSqmFunctionTemplate(acos)] under acos; prior registration was null
[DEBUG] 2026-09-27 19:59:02.413 [http-nio-8080-exec-5] SqmFunctionRegistry - Registered SqmFunctionTemplate [NamedSqmFunctionTemplate(atan)] under atan; prior registration was null
[DEBUG] 2026-09-27 19:59:02.413 [http-nio-8080-exec-5] SqmFunctionRegistry - Registered SqmFunctionTemplate [NamedSqmFunctionTemplate(atan2)] under atan2; prior registration was null
[DEBUG] 2026-09-27 19:59:02.416 [http-nio-8080-exec-5] SqmFunctionRegistry - Registered SqmFunctionTemplate [org.hibernate.query.sqm.function.PatternBasedSqmFunctionDescriptor@3778e078] under sinh; prior registration was null
[DEBUG] 2026-09-27 19:59:02.416 [http-nio-8080-exec-5] SqmFunctionRegistry - Registered SqmFunctionTemplate [org.hibernate.query.sqm.function.PatternBasedSqmFunctionDescriptor@4b868b12] under cosh; prior registration was null
[DEBUG] 2026-09-27 19:59:02.416 [http-nio-8080-exec-5] SqmFunctionRegistry - Registered SqmFunctionTemplate [org.hibernate.query.sqm.function.PatternBasedSqmFunctionDescriptor@43758b68] under tanh; prior registration was null
[DEBUG] 2026-09-27 19:59:02.416 [http-nio-8080-exec-5] SqmFunctionRegistry - Registered SqmFunctionTemplate [org.hibernate.query.sqm.function.PatternBasedSqmFunctionDescriptor@5b48a14] under pi; prior registration was null
[DEBUG] 2026-09-27 19:59:02.416 [http-nio-8080-exec-5] SqmFunctionRegistry - Registered SqmFunctionTemplate [org.hibernate.query.sqm.function.PatternBasedSqmFunctionDescriptor@753fc1fa] under log; prior registration was null
[DEBUG] 2026-09-27 19:59:02.418 [http-nio-8080-exec-5] SqmFunctionRegistry - Registered SqmFunctionTemplate [NamedSqmFunctionTemplate(coalesce)] under coalesce; prior registration was null
[DEBUG] 2026-09-27 19:59:02.418 [http-nio-8080-exec-5] SqmFunctionRegistry - Registered SqmFunctionTemplate [NamedSqmFunctionTemplate(nullif)] under nullif; prior registration was null
[DEBUG] 2026-09-27 19:59:02.418 [http-nio-8080-exec-5] SqmFunctionRegistry - Registered SqmFunctionTemplate [NamedSqmFunctionTemplate(left)] under left; prior registration was null
[DEBUG] 2026-09-27 19:59:02.418 [http-nio-8080-exec-5] SqmFunctionRegistry - Registered SqmFunctionTemplate [NamedSqmFunctionTemplate(right)] under right; prior registration was null
[DEBUG] 2026-09-27 19:59:02.418 [http-nio-8080-exec-5] SqmFunctionRegistry - Registered SqmFunctionTemplate [NamedSqmFunctionTemplate(replace)] under replace; prior registration was null
[DEBUG] 2026-09-27 19:59:02.419 [http-nio-8080-exec-5] SqmFunctionRegistry - Registered SqmFunctionTemplate [NamedSqmFunctionTemplate(concat)] under concat; prior registration was null
[DEBUG] 2026-09-27 19:59:02.419 [http-nio-8080-exec-5] SqmFunctionRegistry - Registered SqmFunctionTemplate [NamedSqmFunctionTemplate(lower)] under lower; prior registration was null
[DEBUG] 2026-09-27 19:59:02.419 [http-nio-8080-exec-5] SqmFunctionRegistry - Registered SqmFunctionTemplate [NamedSqmFunctionTemplate(upper)] under upper; prior registration was null
[DEBUG] 2026-09-27 19:59:02.419 [http-nio-8080-exec-5] SqmFunctionRegistry - Registered SqmFunctionTemplate [NamedSqmFunctionTemplate(substring)] under substring; prior registration was null
[DEBUG] 2026-09-27 19:59:02.419 [http-nio-8080-exec-5] SqmFunctionRegistry - Registered SqmFunctionTemplate [NamedSqmFunctionTemplate(locate)] under locate; prior registration was null
[DEBUG] 2026-09-27 19:59:02.419 [http-nio-8080-exec-5] SqmFunctionRegistry - Registered SqmFunctionTemplate [NamedSqmFunctionTemplate(character_length)] under character_length; prior registration was null
[DEBUG] 2026-09-27 19:59:02.419 [http-nio-8080-exec-5] SqmFunctionRegistry - Registering alternate key : length -> character_length
[DEBUG] 2026-09-27 19:59:02.420 [http-nio-8080-exec-5] SqmFunctionRegistry - Registered SqmFunctionTemplate [org.hibernate.dialect.function.LocatePositionEmulation@643e0204] under position; prior registration was null
[DEBUG] 2026-09-27 19:59:02.424 [http-nio-8080-exec-5] SqmFunctionRegistry - Registered SqmFunctionTemplate [org.hibernate.dialect.function.InsertSubstringOverlayEmulation@40584fd8] under overlay; prior registration was null
[DEBUG] 2026-09-27 19:59:02.425 [http-nio-8080-exec-5] SqmFunctionRegistry - Registered SqmFunctionTemplate [org.hibernate.dialect.function.TrimFunction@7d796acc] under trim; prior registration was null
[DEBUG] 2026-09-27 19:59:02.426 [http-nio-8080-exec-5] SqmFunctionRegistry - Registered SqmFunctionTemplate [org.hibernate.dialect.function.CastFunction@781dd712] under cast; prior registration was null
[DEBUG] 2026-09-27 19:59:02.426 [http-nio-8080-exec-5] SqmFunctionRegistry - Registered SqmFunctionTemplate [org.hibernate.query.sqm.function.PatternBasedSqmFunctionDescriptor@40f8a0e] under collate; prior registration was null
[DEBUG] 2026-09-27 19:59:02.429 [http-nio-8080-exec-5] SqmFunctionRegistry - Registered SqmFunctionTemplate [org.hibernate.dialect.function.ExtractFunction@789b3540] under extract; prior registration was null
[DEBUG] 2026-09-27 19:59:02.429 [http-nio-8080-exec-5] SqmFunctionRegistry - Registered SqmFunctionTemplate [NamedSqmFunctionTemplate(least)] under least; prior registration was null
[DEBUG] 2026-09-27 19:59:02.429 [http-nio-8080-exec-5] SqmFunctionRegistry - Registered SqmFunctionTemplate [NamedSqmFunctionTemplate(greatest)] under greatest; prior registration was null
[DEBUG] 2026-09-27 19:59:02.431 [http-nio-8080-exec-5] SqmFunctionRegistry - Registered SqmFunctionTemplate [org.hibernate.dialect.function.CoalesceIfnullEmulation@49217497] under ifnull; prior registration was null
[DEBUG] 2026-09-27 19:59:02.431 [http-nio-8080-exec-5] SqmFunctionRegistry - Registered SqmFunctionTemplate [NamedSqmFunctionTemplate(lpad)] under lpad; prior registration was null
[DEBUG] 2026-09-27 19:59:02.431 [http-nio-8080-exec-5] SqmFunctionRegistry - Registered SqmFunctionTemplate [NamedSqmFunctionTemplate(rpad)] under rpad; prior registration was null
[DEBUG] 2026-09-27 19:59:02.434 [http-nio-8080-exec-5] SqmFunctionRegistry - Registered SqmFunctionTemplate [org.hibernate.dialect.function.LpadRpadPadEmulation@1b993ac3] under pad; prior registration was null
[DEBUG] 2026-09-27 19:59:02.439 [http-nio-8080-exec-5] SqmFunctionRegistry - Registered SqmFunctionTemplate [org.hibernate.dialect.function.CastStrEmulation@6fdd69b1] under str; prior registration was null
[DEBUG] 2026-09-27 19:59:02.444 [http-nio-8080-exec-5] SqmFunctionRegistry - Registered SqmFunctionTemplate [org.hibernate.dialect.function.FormatFunction@12f2084c] under format; prior registration was null
[DEBUG] 2026-09-27 19:59:02.447 [http-nio-8080-exec-5] SqmFunctionRegistry - Registered SqmFunctionTemplate [org.hibernate.dialect.function.TimestampaddFunction@733c2ac0] under timestampadd; prior registration was null
[DEBUG] 2026-09-27 19:59:02.449 [http-nio-8080-exec-5] SqmFunctionRegistry - Registered SqmFunctionTemplate [org.hibernate.dialect.function.TimestampdiffFunction@5dda971a] under timestampdiff; prior registration was null
[DEBUG] 2026-09-27 19:59:02.449 [http-nio-8080-exec-5] SqmFunctionRegistry - Registering alternate key : dateadd -> timestampadd
[DEBUG] 2026-09-27 19:59:02.450 [http-nio-8080-exec-5] SqmFunctionRegistry - Registering alternate key : datediff -> timestampdiff
[DEBUG] 2026-09-27 19:59:02.450 [http-nio-8080-exec-5] SqmFunctionRegistry - Registered SqmFunctionTemplate [org.hibernate.dialect.function.CurrentFunction@59e26c2c] under current_date; prior registration was null
[DEBUG] 2026-09-27 19:59:02.450 [http-nio-8080-exec-5] SqmFunctionRegistry - Registered SqmFunctionTemplate [org.hibernate.dialect.function.CurrentFunction@1331c86d] under current_time; prior registration was null
[DEBUG] 2026-09-27 19:59:02.451 [http-nio-8080-exec-5] SqmFunctionRegistry - Registered SqmFunctionTemplate [org.hibernate.dialect.function.CurrentFunction@250278cb] under current_timestamp; prior registration was null
[DEBUG] 2026-09-27 19:59:02.451 [http-nio-8080-exec-5] SqmFunctionRegistry - Registering alternate key : current date -> current_date
[DEBUG] 2026-09-27 19:59:02.451 [http-nio-8080-exec-5] SqmFunctionRegistry - Registering alternate key : current time -> current_time
[DEBUG] 2026-09-27 19:59:02.451 [http-nio-8080-exec-5] SqmFunctionRegistry - Registering alternate key : current timestamp -> current_timestamp
[DEBUG] 2026-09-27 19:59:02.451 [http-nio-8080-exec-5] SqmFunctionRegistry - Registered SqmFunctionTemplate [org.hibernate.dialect.function.CurrentFunction@3f8a2d58] under local_date; prior registration was null
[DEBUG] 2026-09-27 19:59:02.451 [http-nio-8080-exec-5] SqmFunctionRegistry - Registered SqmFunctionTemplate [org.hibernate.dialect.function.CurrentFunction@75c3a589] under local_time; prior registration was null
[DEBUG] 2026-09-27 19:59:02.451 [http-nio-8080-exec-5] SqmFunctionRegistry - Registered SqmFunctionTemplate [org.hibernate.dialect.function.CurrentFunction@68ac69fc] under local_datetime; prior registration was null
[DEBUG] 2026-09-27 19:59:02.452 [http-nio-8080-exec-5] SqmFunctionRegistry - Registered SqmFunctionTemplate [org.hibernate.dialect.function.CurrentFunction@5ede9002] under offset_datetime; prior registration was null
[DEBUG] 2026-09-27 19:59:02.452 [http-nio-8080-exec-5] SqmFunctionRegistry - Registering alternate key : local date -> local_date
[DEBUG] 2026-09-27 19:59:02.452 [http-nio-8080-exec-5] SqmFunctionRegistry - Registering alternate key : local time -> local_time
[DEBUG] 2026-09-27 19:59:02.452 [http-nio-8080-exec-5] SqmFunctionRegistry - Registering alternate key : local datetime -> local_datetime
[DEBUG] 2026-09-27 19:59:02.452 [http-nio-8080-exec-5] SqmFunctionRegistry - Registering alternate key : offset datetime -> offset_datetime
[DEBUG] 2026-09-27 19:59:02.452 [http-nio-8080-exec-5] SqmFunctionRegistry - Registered SqmFunctionTemplate [org.hibernate.dialect.function.CurrentFunction@3050966c] under instant; prior registration was null
[DEBUG] 2026-09-27 19:59:02.452 [http-nio-8080-exec-5] SqmFunctionRegistry - Registering alternate key : current_instant -> instant
[DEBUG] 2026-09-27 19:59:02.454 [http-nio-8080-exec-5] SqmFunctionRegistry - Registered SqmFunctionTemplate [org.hibernate.dialect.function.SqlFunction@4d9c3d3b] under sql; prior registration was null
[DEBUG] 2026-09-27 19:59:02.454 [http-nio-8080-exec-5] SqmFunctionRegistry - Registered SqmFunctionTemplate [NamedSqmFunctionTemplate(soundex)] under soundex; prior registration was null
[DEBUG] 2026-09-27 19:59:02.455 [http-nio-8080-exec-5] SqmFunctionRegistry - Registered SqmFunctionTemplate [NamedSqmFunctionTemplate(radians)] under radians; prior registration was null
[DEBUG] 2026-09-27 19:59:02.455 [http-nio-8080-exec-5] SqmFunctionRegistry - Registered SqmFunctionTemplate [NamedSqmFunctionTemplate(degrees)] under degrees; prior registration was null
[DEBUG] 2026-09-27 19:59:02.455 [http-nio-8080-exec-5] SqmFunctionRegistry - Registered SqmFunctionTemplate [NamedSqmFunctionTemplate(cot)] under cot; prior registration was null
[DEBUG] 2026-09-27 19:59:02.455 [http-nio-8080-exec-5] SqmFunctionRegistry - Registered SqmFunctionTemplate [NamedSqmFunctionTemplate(log)] under log; prior registration was org.hibernate.query.sqm.function.PatternBasedSqmFunctionDescriptor@753fc1fa
[DEBUG] 2026-09-27 19:59:02.455 [http-nio-8080-exec-5] SqmFunctionRegistry - Registered SqmFunctionTemplate [NamedSqmFunctionTemplate(log2)] under log2; prior registration was null
[DEBUG] 2026-09-27 19:59:02.455 [http-nio-8080-exec-5] SqmFunctionRegistry - Registered SqmFunctionTemplate [NamedSqmFunctionTemplate(log10)] under log10; prior registration was null
[DEBUG] 2026-09-27 19:59:02.455 [http-nio-8080-exec-5] SqmFunctionRegistry - Registered SqmFunctionTemplate [NamedSqmFunctionTemplate(ltrim)] under ltrim; prior registration was null
[DEBUG] 2026-09-27 19:59:02.455 [http-nio-8080-exec-5] SqmFunctionRegistry - Registered SqmFunctionTemplate [NamedSqmFunctionTemplate(rtrim)] under rtrim; prior registration was null
[DEBUG] 2026-09-27 19:59:02.455 [http-nio-8080-exec-5] SqmFunctionRegistry - Registered SqmFunctionTemplate [NamedSqmFunctionTemplate(octet_length)] under octet_length; prior registration was null
[DEBUG] 2026-09-27 19:59:02.455 [http-nio-8080-exec-5] SqmFunctionRegistry - Registered SqmFunctionTemplate [NamedSqmFunctionTemplate(reverse)] under reverse; prior registration was null
[DEBUG] 2026-09-27 19:59:02.455 [http-nio-8080-exec-5] SqmFunctionRegistry - Registered SqmFunctionTemplate [NamedSqmFunctionTemplate(space)] under space; prior registration was null
[DEBUG] 2026-09-27 19:59:02.455 [http-nio-8080-exec-5] SqmFunctionRegistry - Registered SqmFunctionTemplate [NamedSqmFunctionTemplate(repeat)] under repeat; prior registration was null
[DEBUG] 2026-09-27 19:59:02.457 [http-nio-8080-exec-5] SqmFunctionRegistry - Registered SqmFunctionTemplate [org.hibernate.query.sqm.function.MultipatternSqmFunctionDescriptor@9b95ff2] under lpad; prior registration was NamedSqmFunctionTemplate(lpad)
[DEBUG] 2026-09-27 19:59:02.457 [http-nio-8080-exec-5] SqmFunctionRegistry - Registered SqmFunctionTemplate [org.hibernate.query.sqm.function.MultipatternSqmFunctionDescriptor@5bdcc8fc] under rpad; prior registration was NamedSqmFunctionTemplate(rpad)
[DEBUG] 2026-09-27 19:59:02.457 [http-nio-8080-exec-5] SqmFunctionRegistry - Registered SqmFunctionTemplate [NamedSqmFunctionTemplate(md5)] under md5; prior registration was null
[DEBUG] 2026-09-27 19:59:02.457 [http-nio-8080-exec-5] SqmFunctionRegistry - Registered SqmFunctionTemplate [NamedSqmFunctionTemplate(day)] under day; prior registration was null
[DEBUG] 2026-09-27 19:59:02.458 [http-nio-8080-exec-5] SqmFunctionRegistry - Registered SqmFunctionTemplate [NamedSqmFunctionTemplate(month)] under month; prior registration was null
[DEBUG] 2026-09-27 19:59:02.458 [http-nio-8080-exec-5] SqmFunctionRegistry - Registered SqmFunctionTemplate [NamedSqmFunctionTemplate(year)] under year; prior registration was null
[DEBUG] 2026-09-27 19:59:02.458 [http-nio-8080-exec-5] SqmFunctionRegistry - Registered SqmFunctionTemplate [NamedSqmFunctionTemplate(hour)] under hour; prior registration was null
[DEBUG] 2026-09-27 19:59:02.458 [http-nio-8080-exec-5] SqmFunctionRegistry - Registered SqmFunctionTemplate [NamedSqmFunctionTemplate(minute)] under minute; prior registration was null
[DEBUG] 2026-09-27 19:59:02.458 [http-nio-8080-exec-5] SqmFunctionRegistry - Registered SqmFunctionTemplate [NamedSqmFunctionTemplate(second)] under second; prior registration was null
[DEBUG] 2026-09-27 19:59:02.458 [http-nio-8080-exec-5] SqmFunctionRegistry - Registered SqmFunctionTemplate [NamedSqmFunctionTemplate(microsecond)] under microsecond; prior registration was null
[DEBUG] 2026-09-27 19:59:02.458 [http-nio-8080-exec-5] SqmFunctionRegistry - Registered SqmFunctionTemplate [NamedSqmFunctionTemplate(dayofweek)] under dayofweek; prior registration was null
[DEBUG] 2026-09-27 19:59:02.458 [http-nio-8080-exec-5] SqmFunctionRegistry - Registered SqmFunctionTemplate [NamedSqmFunctionTemplate(dayofmonth)] under dayofmonth; prior registration was null
[DEBUG] 2026-09-27 19:59:02.459 [http-nio-8080-exec-5] SqmFunctionRegistry - Registering alternate key : day -> dayofmonth
[DEBUG] 2026-09-27 19:59:02.459 [http-nio-8080-exec-5] SqmFunctionRegistry - Registered SqmFunctionTemplate [NamedSqmFunctionTemplate(dayofyear)] under dayofyear; prior registration was null
[DEBUG] 2026-09-27 19:59:02.459 [http-nio-8080-exec-5] SqmFunctionRegistry - Registered SqmFunctionTemplate [NamedSqmFunctionTemplate(week)] under week; prior registration was null
[DEBUG] 2026-09-27 19:59:02.459 [http-nio-8080-exec-5] SqmFunctionRegistry - Registered SqmFunctionTemplate [NamedSqmFunctionTemplate(quarter)] under quarter; prior registration was null
[DEBUG] 2026-09-27 19:59:02.459 [http-nio-8080-exec-5] SqmFunctionRegistry - Registered SqmFunctionTemplate [NamedSqmFunctionTemplate(monthname)] under monthname; prior registration was null
[DEBUG] 2026-09-27 19:59:02.459 [http-nio-8080-exec-5] SqmFunctionRegistry - Registered SqmFunctionTemplate [NamedSqmFunctionTemplate(dayname)] under dayname; prior registration was null
[DEBUG] 2026-09-27 19:59:02.459 [http-nio-8080-exec-5] SqmFunctionRegistry - Registered SqmFunctionTemplate [NamedSqmFunctionTemplate(last_day)] under last_day; prior registration was null
[DEBUG] 2026-09-27 19:59:02.459 [http-nio-8080-exec-5] SqmFunctionRegistry - Registered SqmFunctionTemplate [NamedSqmFunctionTemplate(date)] under date; prior registration was null
[DEBUG] 2026-09-27 19:59:02.459 [http-nio-8080-exec-5] SqmFunctionRegistry - Registered SqmFunctionTemplate [NamedSqmFunctionTemplate(timestamp)] under timestamp; prior registration was null
[DEBUG] 2026-09-27 19:59:02.459 [http-nio-8080-exec-5] SqmFunctionRegistry - Registered SqmFunctionTemplate [NamedSqmFunctionTemplate(time)] under time; prior registration was null
[DEBUG] 2026-09-27 19:59:02.460 [http-nio-8080-exec-5] SqmFunctionRegistry - Registered SqmFunctionTemplate [NamedSqmFunctionTemplate(utc_date)] under utc_date; prior registration was null
[DEBUG] 2026-09-27 19:59:02.460 [http-nio-8080-exec-5] SqmFunctionRegistry - Registered SqmFunctionTemplate [NamedSqmFunctionTemplate(utc_time)] under utc_time; prior registration was null
[DEBUG] 2026-09-27 19:59:02.460 [http-nio-8080-exec-5] SqmFunctionRegistry - Registered SqmFunctionTemplate [NamedSqmFunctionTemplate(utc_timestamp)] under utc_timestamp; prior registration was null
[DEBUG] 2026-09-27 19:59:02.460 [http-nio-8080-exec-5] SqmFunctionRegistry - Registered SqmFunctionTemplate [NamedSqmFunctionTemplate(rand)] under rand; prior registration was null
[DEBUG] 2026-09-27 19:59:02.460 [http-nio-8080-exec-5] SqmFunctionRegistry - Registered SqmFunctionTemplate [NamedSqmFunctionTemplate(crc32)] under crc32; prior registration was null
[DEBUG] 2026-09-27 19:59:02.460 [http-nio-8080-exec-5] SqmFunctionRegistry - Registered SqmFunctionTemplate [NamedSqmFunctionTemplate(sha1)] under sha1; prior registration was null
[DEBUG] 2026-09-27 19:59:02.460 [http-nio-8080-exec-5] SqmFunctionRegistry - Registered SqmFunctionTemplate [NamedSqmFunctionTemplate(sha2)] under sha2; prior registration was null
[DEBUG] 2026-09-27 19:59:02.460 [http-nio-8080-exec-5] SqmFunctionRegistry - Registered SqmFunctionTemplate [NamedSqmFunctionTemplate(sha)] under sha; prior registration was null
[DEBUG] 2026-09-27 19:59:02.460 [http-nio-8080-exec-5] SqmFunctionRegistry - Registered SqmFunctionTemplate [NamedSqmFunctionTemplate(bit_length)] under bit_length; prior registration was null
[DEBUG] 2026-09-27 19:59:02.460 [http-nio-8080-exec-5] SqmFunctionRegistry - Registered SqmFunctionTemplate [NamedSqmFunctionTemplate(octet_length)] under octet_length; prior registration was NamedSqmFunctionTemplate(octet_length)
[DEBUG] 2026-09-27 19:59:02.461 [http-nio-8080-exec-5] SqmFunctionRegistry - Registered SqmFunctionTemplate [NamedSqmFunctionTemplate(ascii)] under ascii; prior registration was null
[DEBUG] 2026-09-27 19:59:02.461 [http-nio-8080-exec-5] SqmFunctionRegistry - Registered SqmFunctionTemplate [NamedSqmFunctionTemplate(instr)] under instr; prior registration was null
[DEBUG] 2026-09-27 19:59:02.461 [http-nio-8080-exec-5] SqmFunctionRegistry - Registered SqmFunctionTemplate [NamedSqmFunctionTemplate(substr)] under substr; prior registration was null
[DEBUG] 2026-09-27 19:59:02.461 [http-nio-8080-exec-5] SqmFunctionRegistry - Registered SqmFunctionTemplate [org.hibernate.query.sqm.function.PatternBasedSqmFunctionDescriptor@648e3d4d] under position; prior registration was org.hibernate.dialect.function.LocatePositionEmulation@643e0204
[DEBUG] 2026-09-27 19:59:02.461 [http-nio-8080-exec-5] SqmFunctionRegistry - Registered SqmFunctionTemplate [NamedSqmFunctionTemplate(curtime)] under curtime; prior registration was null
[DEBUG] 2026-09-27 19:59:02.461 [http-nio-8080-exec-5] SqmFunctionRegistry - Registered SqmFunctionTemplate [NamedSqmFunctionTemplate(curdate)] under curdate; prior registration was null
[DEBUG] 2026-09-27 19:59:02.461 [http-nio-8080-exec-5] SqmFunctionRegistry - Registered SqmFunctionTemplate [NamedSqmFunctionTemplate(now)] under now; prior registration was null
[DEBUG] 2026-09-27 19:59:02.471 [http-nio-8080-exec-5] SqmFunctionRegistry - Registered SqmFunctionTemplate [org.hibernate.dialect.function.TruncFunction@71984ffe] under trunc; prior registration was null
[DEBUG] 2026-09-27 19:59:02.472 [http-nio-8080-exec-5] SqmFunctionRegistry - Registering alternate key : truncate -> trunc
[DEBUG] 2026-09-27 19:59:02.472 [http-nio-8080-exec-5] SqmFunctionRegistry - Registered SqmFunctionTemplate [NamedSqmFunctionTemplate(insert)] under insert; prior registration was null
[DEBUG] 2026-09-27 19:59:02.472 [http-nio-8080-exec-5] SqmFunctionRegistry - Registered SqmFunctionTemplate [org.hibernate.query.sqm.function.PatternBasedSqmFunctionDescriptor@5c8c1a24] under bitand; prior registration was null
[DEBUG] 2026-09-27 19:59:02.472 [http-nio-8080-exec-5] SqmFunctionRegistry - Registered SqmFunctionTemplate [org.hibernate.query.sqm.function.PatternBasedSqmFunctionDescriptor@3dc766f1] under bitor; prior registration was null
[DEBUG] 2026-09-27 19:59:02.472 [http-nio-8080-exec-5] SqmFunctionRegistry - Registered SqmFunctionTemplate [org.hibernate.query.sqm.function.PatternBasedSqmFunctionDescriptor@11dbc0d2] under bitxor; prior registration was null
[DEBUG] 2026-09-27 19:59:02.472 [http-nio-8080-exec-5] SqmFunctionRegistry - Registered SqmFunctionTemplate [org.hibernate.query.sqm.function.PatternBasedSqmFunctionDescriptor@220f8aa8] under bitnot; prior registration was null
[DEBUG] 2026-09-27 19:59:02.472 [http-nio-8080-exec-5] SqmFunctionRegistry - Registered SqmFunctionTemplate [NamedSqmFunctionTemplate(bit_and)] under bit_and; prior registration was null
[DEBUG] 2026-09-27 19:59:02.472 [http-nio-8080-exec-5] SqmFunctionRegistry - Registered SqmFunctionTemplate [NamedSqmFunctionTemplate(bit_or)] under bit_or; prior registration was null
[DEBUG] 2026-09-27 19:59:02.472 [http-nio-8080-exec-5] SqmFunctionRegistry - Registered SqmFunctionTemplate [NamedSqmFunctionTemplate(stddev)] under stddev; prior registration was null
[DEBUG] 2026-09-27 19:59:02.472 [http-nio-8080-exec-5] SqmFunctionRegistry - Registered SqmFunctionTemplate [NamedSqmFunctionTemplate(stddev_pop)] under stddev_pop; prior registration was null
[DEBUG] 2026-09-27 19:59:02.472 [http-nio-8080-exec-5] SqmFunctionRegistry - Registered SqmFunctionTemplate [NamedSqmFunctionTemplate(stddev_samp)] under stddev_samp; prior registration was null
[DEBUG] 2026-09-27 19:59:02.472 [http-nio-8080-exec-5] SqmFunctionRegistry - Registered SqmFunctionTemplate [NamedSqmFunctionTemplate(variance)] under variance; prior registration was null
[DEBUG] 2026-09-27 19:59:02.472 [http-nio-8080-exec-5] SqmFunctionRegistry - Registered SqmFunctionTemplate [NamedSqmFunctionTemplate(var_pop)] under var_pop; prior registration was null
[DEBUG] 2026-09-27 19:59:02.472 [http-nio-8080-exec-5] SqmFunctionRegistry - Registered SqmFunctionTemplate [NamedSqmFunctionTemplate(var_samp)] under var_samp; prior registration was null
[DEBUG] 2026-09-27 19:59:02.472 [http-nio-8080-exec-5] SqmFunctionRegistry - Registered SqmFunctionTemplate [NamedSqmFunctionTemplate(datediff)] under datediff; prior registration was null
[DEBUG] 2026-09-27 19:59:02.472 [http-nio-8080-exec-5] SqmFunctionRegistry - Registered SqmFunctionTemplate [NamedSqmFunctionTemplate(adddate)] under adddate; prior registration was null
[DEBUG] 2026-09-27 19:59:02.472 [http-nio-8080-exec-5] SqmFunctionRegistry - Registered SqmFunctionTemplate [NamedSqmFunctionTemplate(subdate)] under subdate; prior registration was null
[DEBUG] 2026-09-27 19:59:02.472 [http-nio-8080-exec-5] SqmFunctionRegistry - Registered SqmFunctionTemplate [NamedSqmFunctionTemplate(addtime)] under addtime; prior registration was null
[DEBUG] 2026-09-27 19:59:02.472 [http-nio-8080-exec-5] SqmFunctionRegistry - Registered SqmFunctionTemplate [NamedSqmFunctionTemplate(subtime)] under subtime; prior registration was null
[DEBUG] 2026-09-27 19:59:02.472 [http-nio-8080-exec-5] SqmFunctionRegistry - Registered SqmFunctionTemplate [org.hibernate.dialect.function.FormatFunction@1e6ef9f7] under format; prior registration was org.hibernate.dialect.function.FormatFunction@12f2084c
[DEBUG] 2026-09-27 19:59:02.472 [http-nio-8080-exec-5] SqmFunctionRegistry - Registered SqmFunctionTemplate [NamedSqmFunctionTemplate(makedate)] under makedate; prior registration was null
[DEBUG] 2026-09-27 19:59:02.472 [http-nio-8080-exec-5] SqmFunctionRegistry - Registered SqmFunctionTemplate [NamedSqmFunctionTemplate(maketime)] under maketime; prior registration was null
[DEBUG] 2026-09-27 19:59:02.473 [http-nio-8080-exec-5] SqmFunctionRegistry - Registered SqmFunctionTemplate [NamedSqmFunctionTemplate(localtime)] under localtime; prior registration was null
[DEBUG] 2026-09-27 19:59:02.473 [http-nio-8080-exec-5] SqmFunctionRegistry - Registered SqmFunctionTemplate [NamedSqmFunctionTemplate(localtimestamp)] under localtimestamp; prior registration was null
[DEBUG] 2026-09-27 19:59:02.473 [http-nio-8080-exec-5] SqmFunctionRegistry - Registered SqmFunctionTemplate [NamedSqmFunctionTemplate(localtime)] under local_time; prior registration was org.hibernate.dialect.function.CurrentFunction@75c3a589
[DEBUG] 2026-09-27 19:59:02.473 [http-nio-8080-exec-5] SqmFunctionRegistry - Registered SqmFunctionTemplate [NamedSqmFunctionTemplate(localtimestamp)] under local_datetime; prior registration was org.hibernate.dialect.function.CurrentFunction@68ac69fc
[DEBUG] 2026-09-27 19:59:02.473 [http-nio-8080-exec-5] SqmFunctionRegistry - Registered SqmFunctionTemplate [NamedSqmFunctionTemplate(localtime)] under localtime; prior registration was NamedSqmFunctionTemplate(localtime)
[DEBUG] 2026-09-27 19:59:02.473 [http-nio-8080-exec-5] SqmFunctionRegistry - Registered SqmFunctionTemplate [org.hibernate.query.sqm.function.PatternBasedSqmFunctionDescriptor@1898f425] under pi; prior registration was org.hibernate.query.sqm.function.PatternBasedSqmFunctionDescriptor@5b48a14
[DEBUG] 2026-09-27 19:59:02.473 [http-nio-8080-exec-5] SqmFunctionRegistry - Registered SqmFunctionTemplate [org.hibernate.query.sqm.function.PatternBasedSqmFunctionDescriptor@570a6ab4] under chr; prior registration was null
[DEBUG] 2026-09-27 19:59:02.473 [http-nio-8080-exec-5] SqmFunctionRegistry - Registering alternate key : char -> chr
[DEBUG] 2026-09-27 19:59:02.473 [http-nio-8080-exec-5] SqmFunctionRegistry - Registered SqmFunctionTemplate [org.hibernate.query.sqm.function.PatternBasedSqmFunctionDescriptor@98ee037] under sysdate; prior registration was null
[DEBUG] 2026-09-27 19:59:02.473 [http-nio-8080-exec-5] SqmFunctionRegistry - Registered SqmFunctionTemplate [NamedSqmFunctionTemplate(row_number)] under row_number; prior registration was null
[DEBUG] 2026-09-27 19:59:02.473 [http-nio-8080-exec-5] SqmFunctionRegistry - Registered SqmFunctionTemplate [NamedSqmFunctionTemplate(lag)] under lag; prior registration was null
[DEBUG] 2026-09-27 19:59:02.473 [http-nio-8080-exec-5] SqmFunctionRegistry - Registered SqmFunctionTemplate [NamedSqmFunctionTemplate(lead)] under lead; prior registration was null
[DEBUG] 2026-09-27 19:59:02.473 [http-nio-8080-exec-5] SqmFunctionRegistry - Registered SqmFunctionTemplate [NamedSqmFunctionTemplate(first_value)] under first_value; prior registration was null
[DEBUG] 2026-09-27 19:59:02.473 [http-nio-8080-exec-5] SqmFunctionRegistry - Registered SqmFunctionTemplate [NamedSqmFunctionTemplate(last_value)] under last_value; prior registration was null
[DEBUG] 2026-09-27 19:59:02.474 [http-nio-8080-exec-5] SqmFunctionRegistry - Registered SqmFunctionTemplate [NamedSqmFunctionTemplate(nth_value)] under nth_value; prior registration was null
[DEBUG] 2026-09-27 19:59:02.478 [http-nio-8080-exec-5] SqmFunctionRegistry - Registered SqmFunctionTemplate [org.hibernate.dialect.function.HypotheticalSetWindowEmulation@357c1043] under rank; prior registration was null
[DEBUG] 2026-09-27 19:59:02.478 [http-nio-8080-exec-5] SqmFunctionRegistry - Registered SqmFunctionTemplate [org.hibernate.dialect.function.HypotheticalSetWindowEmulation@4f9032d6] under dense_rank; prior registration was null
[DEBUG] 2026-09-27 19:59:02.478 [http-nio-8080-exec-5] SqmFunctionRegistry - Registered SqmFunctionTemplate [org.hibernate.dialect.function.HypotheticalSetWindowEmulation@407d84e8] under percent_rank; prior registration was null
[DEBUG] 2026-09-27 19:59:02.478 [http-nio-8080-exec-5] SqmFunctionRegistry - Registered SqmFunctionTemplate [org.hibernate.dialect.function.HypotheticalSetWindowEmulation@1aca4491] under cume_dist; prior registration was null
[DEBUG] 2026-09-27 19:59:02.479 [http-nio-8080-exec-5] SqmFunctionRegistry - Registered SqmFunctionTemplate [org.hibernate.dialect.function.ListaggGroupConcatEmulation@657985c4] under listagg; prior registration was null
[DEBUG] 2026-09-27 19:59:02.484 [http-nio-8080-exec-5] HQL_FUNCTIONS - abs(NUMERIC arg)
[DEBUG] 2026-09-27 19:59:02.485 [http-nio-8080-exec-5] HQL_FUNCTIONS - Double acos(NUMERIC arg)
[DEBUG] 2026-09-27 19:59:02.485 [http-nio-8080-exec-5] HQL_FUNCTIONS - adddate(DATE datetime, INTEGER days)
[DEBUG] 2026-09-27 19:59:02.486 [http-nio-8080-exec-5] HQL_FUNCTIONS - addtime(TIME datetime, TIME time)
[DEBUG] 2026-09-27 19:59:02.486 [http-nio-8080-exec-5] HQL_FUNCTIONS - Boolean any(BOOLEAN arg)
[DEBUG] 2026-09-27 19:59:02.486 [http-nio-8080-exec-5] HQL_FUNCTIONS - Integer ascii(STRING arg)
[DEBUG] 2026-09-27 19:59:02.486 [http-nio-8080-exec-5] HQL_FUNCTIONS - Double asin(NUMERIC arg)
[DEBUG] 2026-09-27 19:59:02.486 [http-nio-8080-exec-5] HQL_FUNCTIONS - Double atan(NUMERIC arg)
[DEBUG] 2026-09-27 19:59:02.486 [http-nio-8080-exec-5] HQL_FUNCTIONS - Double atan2(NUMERIC arg0, NUMERIC arg1)
[DEBUG] 2026-09-27 19:59:02.486 [http-nio-8080-exec-5] HQL_FUNCTIONS - avg(arg)
[DEBUG] 2026-09-27 19:59:02.486 [http-nio-8080-exec-5] HQL_FUNCTIONS - bit_and(arg)
[DEBUG] 2026-09-27 19:59:02.486 [http-nio-8080-exec-5] HQL_FUNCTIONS - Integer bit_length(STRING_OR_CLOB arg)
[DEBUG] 2026-09-27 19:59:02.486 [http-nio-8080-exec-5] HQL_FUNCTIONS - bit_or(arg)
[DEBUG] 2026-09-27 19:59:02.486 [http-nio-8080-exec-5] HQL_FUNCTIONS - bitand(arg0, arg1)
[DEBUG] 2026-09-27 19:59:02.486 [http-nio-8080-exec-5] HQL_FUNCTIONS - bitnot(arg)
[DEBUG] 2026-09-27 19:59:02.486 [http-nio-8080-exec-5] HQL_FUNCTIONS - bitor(arg0, arg1)
[DEBUG] 2026-09-27 19:59:02.486 [http-nio-8080-exec-5] HQL_FUNCTIONS - bitxor(arg0, arg1)
[DEBUG] 2026-09-27 19:59:02.488 [http-nio-8080-exec-5] HQL_FUNCTIONS - cast(arg as Type)
[DEBUG] 2026-09-27 19:59:02.488 [http-nio-8080-exec-5] HQL_FUNCTIONS - ceiling(NUMERIC arg)
[DEBUG] 2026-09-27 19:59:02.488 [http-nio-8080-exec-5] HQL_FUNCTIONS - Character char(INTEGER arg)
[DEBUG] 2026-09-27 19:59:02.488 [http-nio-8080-exec-5] HQL_FUNCTIONS - Integer character_length(STRING_OR_CLOB arg)
[DEBUG] 2026-09-27 19:59:02.488 [http-nio-8080-exec-5] HQL_FUNCTIONS - Character chr(INTEGER arg)
[DEBUG] 2026-09-27 19:59:02.488 [http-nio-8080-exec-5] HQL_FUNCTIONS - coalesce(arg0[, arg1[, ...]])
[DEBUG] 2026-09-27 19:59:02.488 [http-nio-8080-exec-5] HQL_FUNCTIONS - String collate(STRING string as COLLATION collation)
[DEBUG] 2026-09-27 19:59:02.488 [http-nio-8080-exec-5] HQL_FUNCTIONS - String concat(STRING string0[, STRING string1[, ...]])
[DEBUG] 2026-09-27 19:59:02.488 [http-nio-8080-exec-5] HQL_FUNCTIONS - Double cos(NUMERIC arg)
[DEBUG] 2026-09-27 19:59:02.488 [http-nio-8080-exec-5] HQL_FUNCTIONS - Double cosh(NUMERIC arg)
[DEBUG] 2026-09-27 19:59:02.488 [http-nio-8080-exec-5] HQL_FUNCTIONS - Double cot(NUMERIC arg)
[DEBUG] 2026-09-27 19:59:02.488 [http-nio-8080-exec-5] HQL_FUNCTIONS - Long count([distinct ]{arg|*})
[DEBUG] 2026-09-27 19:59:02.488 [http-nio-8080-exec-5] HQL_FUNCTIONS - Integer crc32(arg)
[DEBUG] 2026-09-27 19:59:02.488 [http-nio-8080-exec-5] HQL_FUNCTIONS - Double cume_dist([arg0[, ...]])
[DEBUG] 2026-09-27 19:59:02.488 [http-nio-8080-exec-5] HQL_FUNCTIONS - Date curdate()
[DEBUG] 2026-09-27 19:59:02.488 [http-nio-8080-exec-5] HQL_FUNCTIONS - Date current date
[DEBUG] 2026-09-27 19:59:02.488 [http-nio-8080-exec-5] HQL_FUNCTIONS - Time current time
[DEBUG] 2026-09-27 19:59:02.488 [http-nio-8080-exec-5] HQL_FUNCTIONS - Timestamp current timestamp
[DEBUG] 2026-09-27 19:59:02.488 [http-nio-8080-exec-5] HQL_FUNCTIONS - Date current_date
[DEBUG] 2026-09-27 19:59:02.488 [http-nio-8080-exec-5] HQL_FUNCTIONS - Instant current_instant
[DEBUG] 2026-09-27 19:59:02.488 [http-nio-8080-exec-5] HQL_FUNCTIONS - Time current_time
[DEBUG] 2026-09-27 19:59:02.488 [http-nio-8080-exec-5] HQL_FUNCTIONS - Timestamp current_timestamp
[DEBUG] 2026-09-27 19:59:02.488 [http-nio-8080-exec-5] HQL_FUNCTIONS - Time curtime()
[DEBUG] 2026-09-27 19:59:02.488 [http-nio-8080-exec-5] HQL_FUNCTIONS - Date date(arg)
[DEBUG] 2026-09-27 19:59:02.488 [http-nio-8080-exec-5] HQL_FUNCTIONS - dateadd(TEMPORAL_UNIT field, INTEGER magnitude, TEMPORAL datetime)
[DEBUG] 2026-09-27 19:59:02.488 [http-nio-8080-exec-5] HQL_FUNCTIONS - Integer datediff(DATE end, DATE start)
[DEBUG] 2026-09-27 19:59:02.488 [http-nio-8080-exec-5] HQL_FUNCTIONS - Integer day(DATE arg)
[DEBUG] 2026-09-27 19:59:02.488 [http-nio-8080-exec-5] HQL_FUNCTIONS - String dayname(DATE arg)
[DEBUG] 2026-09-27 19:59:02.488 [http-nio-8080-exec-5] HQL_FUNCTIONS - Integer dayofmonth(DATE arg)
[DEBUG] 2026-09-27 19:59:02.488 [http-nio-8080-exec-5] HQL_FUNCTIONS - Integer dayofweek(DATE arg)
[DEBUG] 2026-09-27 19:59:02.488 [http-nio-8080-exec-5] HQL_FUNCTIONS - Integer dayofyear(DATE arg)
[DEBUG] 2026-09-27 19:59:02.488 [http-nio-8080-exec-5] HQL_FUNCTIONS - Double degrees(NUMERIC arg)
[DEBUG] 2026-09-27 19:59:02.488 [http-nio-8080-exec-5] HQL_FUNCTIONS - Long dense_rank([arg0[, ...]])
[DEBUG] 2026-09-27 19:59:02.488 [http-nio-8080-exec-5] HQL_FUNCTIONS - Boolean every(BOOLEAN arg)
[DEBUG] 2026-09-27 19:59:02.488 [http-nio-8080-exec-5] HQL_FUNCTIONS - Double exp(NUMERIC arg)
[DEBUG] 2026-09-27 19:59:02.489 [http-nio-8080-exec-5] HQL_FUNCTIONS - extract(TEMPORAL_UNIT field from TEMPORAL arg)
[DEBUG] 2026-09-27 19:59:02.489 [http-nio-8080-exec-5] HQL_FUNCTIONS - first_valueANY value
[DEBUG] 2026-09-27 19:59:02.489 [http-nio-8080-exec-5] HQL_FUNCTIONS - floor(NUMERIC arg)
[DEBUG] 2026-09-27 19:59:02.489 [http-nio-8080-exec-5] HQL_FUNCTIONS - String format(TEMPORAL datetime as STRING pattern)
[DEBUG] 2026-09-27 19:59:02.489 [http-nio-8080-exec-5] HQL_FUNCTIONS - greatest(COMPARABLE arg0, COMPARABLE arg1[, arg2[, ...]])
[DEBUG] 2026-09-27 19:59:02.489 [http-nio-8080-exec-5] HQL_FUNCTIONS - Integer hour(TIME arg)
[DEBUG] 2026-09-27 19:59:02.489 [http-nio-8080-exec-5] HQL_FUNCTIONS - ifnull(arg0, arg1)
[DEBUG] 2026-09-27 19:59:02.489 [http-nio-8080-exec-5] HQL_FUNCTIONS - String insert(STRING string, INTEGER start, INTEGER length, STRING replacement)
[DEBUG] 2026-09-27 19:59:02.489 [http-nio-8080-exec-5] HQL_FUNCTIONS - Instant instant
[DEBUG] 2026-09-27 19:59:02.489 [http-nio-8080-exec-5] HQL_FUNCTIONS - Integer instr(STRING string, STRING pattern[, INTEGER start[, INTEGER occurrence]])
[DEBUG] 2026-09-27 19:59:02.489 [http-nio-8080-exec-5] HQL_FUNCTIONS - lagANY value[, INTEGER offset[, ANY default]]
[DEBUG] 2026-09-27 19:59:02.489 [http-nio-8080-exec-5] HQL_FUNCTIONS - Date last_day(DATE arg)
[DEBUG] 2026-09-27 19:59:02.489 [http-nio-8080-exec-5] HQL_FUNCTIONS - last_valueANY value
[DEBUG] 2026-09-27 19:59:02.489 [http-nio-8080-exec-5] HQL_FUNCTIONS - leadANY value[, INTEGER offset[, ANY default]]
[DEBUG] 2026-09-27 19:59:02.489 [http-nio-8080-exec-5] HQL_FUNCTIONS - least(COMPARABLE arg0, COMPARABLE arg1[, arg2[, ...]])
[DEBUG] 2026-09-27 19:59:02.490 [http-nio-8080-exec-5] HQL_FUNCTIONS - String left(STRING string, INTEGER length)
[DEBUG] 2026-09-27 19:59:02.490 [http-nio-8080-exec-5] HQL_FUNCTIONS - Integer length(STRING_OR_CLOB arg)
[DEBUG] 2026-09-27 19:59:02.490 [http-nio-8080-exec-5] HQL_FUNCTIONS - String listagg(STRING arg0, STRING arg1)
[DEBUG] 2026-09-27 19:59:02.490 [http-nio-8080-exec-5] HQL_FUNCTIONS - Double ln(NUMERIC arg)
[DEBUG] 2026-09-27 19:59:02.490 [http-nio-8080-exec-5] HQL_FUNCTIONS - LocalDate local date
[DEBUG] 2026-09-27 19:59:02.490 [http-nio-8080-exec-5] HQL_FUNCTIONS - LocalDateTime local datetime
[DEBUG] 2026-09-27 19:59:02.490 [http-nio-8080-exec-5] HQL_FUNCTIONS - LocalTime local time
[DEBUG] 2026-09-27 19:59:02.490 [http-nio-8080-exec-5] HQL_FUNCTIONS - LocalDate local_date
[DEBUG] 2026-09-27 19:59:02.490 [http-nio-8080-exec-5] HQL_FUNCTIONS - LocalDateTime local_datetime
[DEBUG] 2026-09-27 19:59:02.490 [http-nio-8080-exec-5] HQL_FUNCTIONS - LocalTime local_time
[DEBUG] 2026-09-27 19:59:02.490 [http-nio-8080-exec-5] HQL_FUNCTIONS - Timestamp localtime
[DEBUG] 2026-09-27 19:59:02.490 [http-nio-8080-exec-5] HQL_FUNCTIONS - Timestamp localtimestamp
[DEBUG] 2026-09-27 19:59:02.490 [http-nio-8080-exec-5] HQL_FUNCTIONS - Integer locate(STRING pattern, STRING string[, INTEGER start])
[DEBUG] 2026-09-27 19:59:02.490 [http-nio-8080-exec-5] HQL_FUNCTIONS - Double log(NUMERIC arg0[, NUMERIC arg1])
[DEBUG] 2026-09-27 19:59:02.490 [http-nio-8080-exec-5] HQL_FUNCTIONS - Double log10(NUMERIC arg)
[DEBUG] 2026-09-27 19:59:02.490 [http-nio-8080-exec-5] HQL_FUNCTIONS - Double log2(NUMERIC arg)
[DEBUG] 2026-09-27 19:59:02.490 [http-nio-8080-exec-5] HQL_FUNCTIONS - String lower(STRING string)
[DEBUG] 2026-09-27 19:59:02.490 [http-nio-8080-exec-5] HQL_FUNCTIONS - String lpad(string, length[, padding])
[DEBUG] 2026-09-27 19:59:02.490 [http-nio-8080-exec-5] HQL_FUNCTIONS - String ltrim(STRING string[, STRING characters])
[DEBUG] 2026-09-27 19:59:02.490 [http-nio-8080-exec-5] HQL_FUNCTIONS - Date makedate(INTEGER year, INTEGER dayofyear)
[DEBUG] 2026-09-27 19:59:02.490 [http-nio-8080-exec-5] HQL_FUNCTIONS - Time maketime(INTEGER hour, INTEGER min, INTEGER sec)
[DEBUG] 2026-09-27 19:59:02.490 [http-nio-8080-exec-5] HQL_FUNCTIONS - max(COMPARABLE arg)
[DEBUG] 2026-09-27 19:59:02.490 [http-nio-8080-exec-5] HQL_FUNCTIONS - String md5(arg)
[DEBUG] 2026-09-27 19:59:02.490 [http-nio-8080-exec-5] HQL_FUNCTIONS - Integer microsecond(TIME arg)
[DEBUG] 2026-09-27 19:59:02.490 [http-nio-8080-exec-5] HQL_FUNCTIONS - min(COMPARABLE arg)
[DEBUG] 2026-09-27 19:59:02.490 [http-nio-8080-exec-5] HQL_FUNCTIONS - Integer minute(TIME arg)
[DEBUG] 2026-09-27 19:59:02.490 [http-nio-8080-exec-5] HQL_FUNCTIONS - Integer mod(INTEGER arg0, INTEGER arg1)
[DEBUG] 2026-09-27 19:59:02.490 [http-nio-8080-exec-5] HQL_FUNCTIONS - Integer month(DATE arg)
[DEBUG] 2026-09-27 19:59:02.490 [http-nio-8080-exec-5] HQL_FUNCTIONS - String monthname(DATE arg)
[DEBUG] 2026-09-27 19:59:02.490 [http-nio-8080-exec-5] HQL_FUNCTIONS - Timestamp now()
[DEBUG] 2026-09-27 19:59:02.490 [http-nio-8080-exec-5] HQL_FUNCTIONS - nth_valueANY value, INTEGER nth
[DEBUG] 2026-09-27 19:59:02.490 [http-nio-8080-exec-5] HQL_FUNCTIONS - nullif(arg0, arg1)
[DEBUG] 2026-09-27 19:59:02.491 [http-nio-8080-exec-5] HQL_FUNCTIONS - Integer octet_length(STRING_OR_CLOB arg)
[DEBUG] 2026-09-27 19:59:02.491 [http-nio-8080-exec-5] HQL_FUNCTIONS - OffsetDateTime offset datetime
[DEBUG] 2026-09-27 19:59:02.491 [http-nio-8080-exec-5] HQL_FUNCTIONS - OffsetDateTime offset_datetime
[DEBUG] 2026-09-27 19:59:02.491 [http-nio-8080-exec-5] HQL_FUNCTIONS - String overlay(STRING string placing STRING replacement from INTEGER start[ for INTEGER length])
[DEBUG] 2026-09-27 19:59:02.491 [http-nio-8080-exec-5] HQL_FUNCTIONS - String pad(STRING string with INTEGER length {leading|trailing}[ STRING character])
[DEBUG] 2026-09-27 19:59:02.491 [http-nio-8080-exec-5] HQL_FUNCTIONS - Double percent_rank([arg0[, ...]])
[DEBUG] 2026-09-27 19:59:02.491 [http-nio-8080-exec-5] HQL_FUNCTIONS - Double pi
[DEBUG] 2026-09-27 19:59:02.491 [http-nio-8080-exec-5] HQL_FUNCTIONS - Integer position(STRING pattern in STRING string)
[DEBUG] 2026-09-27 19:59:02.491 [http-nio-8080-exec-5] HQL_FUNCTIONS - Double power(NUMERIC arg0, NUMERIC arg1)
[DEBUG] 2026-09-27 19:59:02.491 [http-nio-8080-exec-5] HQL_FUNCTIONS - Integer quarter(DATE arg)
[DEBUG] 2026-09-27 19:59:02.491 [http-nio-8080-exec-5] HQL_FUNCTIONS - Double radians(NUMERIC arg)
[DEBUG] 2026-09-27 19:59:02.491 [http-nio-8080-exec-5] HQL_FUNCTIONS - Double rand([INTEGER seed])
[DEBUG] 2026-09-27 19:59:02.491 [http-nio-8080-exec-5] HQL_FUNCTIONS - Long rank([arg0[, ...]])
[DEBUG] 2026-09-27 19:59:02.491 [http-nio-8080-exec-5] HQL_FUNCTIONS - String repeat(STRING string, INTEGER times)
[DEBUG] 2026-09-27 19:59:02.491 [http-nio-8080-exec-5] HQL_FUNCTIONS - String replace(STRING string, STRING pattern, STRING replacement)
[DEBUG] 2026-09-27 19:59:02.491 [http-nio-8080-exec-5] HQL_FUNCTIONS - String reverse(STRING arg)
[DEBUG] 2026-09-27 19:59:02.491 [http-nio-8080-exec-5] HQL_FUNCTIONS - String right(STRING string, INTEGER length)
[DEBUG] 2026-09-27 19:59:02.491 [http-nio-8080-exec-5] HQL_FUNCTIONS - round(NUMERIC number[, INTEGER places])
[DEBUG] 2026-09-27 19:59:02.491 [http-nio-8080-exec-5] HQL_FUNCTIONS - Long row_number()
[DEBUG] 2026-09-27 19:59:02.491 [http-nio-8080-exec-5] HQL_FUNCTIONS - String rpad(string, length[, padding])
[DEBUG] 2026-09-27 19:59:02.491 [http-nio-8080-exec-5] HQL_FUNCTIONS - String rtrim(STRING string[, STRING characters])
[DEBUG] 2026-09-27 19:59:02.491 [http-nio-8080-exec-5] HQL_FUNCTIONS - Integer second(TIME arg)
[DEBUG] 2026-09-27 19:59:02.491 [http-nio-8080-exec-5] HQL_FUNCTIONS - String sha(arg)
[DEBUG] 2026-09-27 19:59:02.491 [http-nio-8080-exec-5] HQL_FUNCTIONS - String sha1(arg)
[DEBUG] 2026-09-27 19:59:02.491 [http-nio-8080-exec-5] HQL_FUNCTIONS - String sha2(arg0, arg1)
[DEBUG] 2026-09-27 19:59:02.491 [http-nio-8080-exec-5] HQL_FUNCTIONS - Integer sign(NUMERIC arg)
[DEBUG] 2026-09-27 19:59:02.491 [http-nio-8080-exec-5] HQL_FUNCTIONS - Double sin(NUMERIC arg)
[DEBUG] 2026-09-27 19:59:02.491 [http-nio-8080-exec-5] HQL_FUNCTIONS - Double sinh(NUMERIC arg)
[DEBUG] 2026-09-27 19:59:02.491 [http-nio-8080-exec-5] HQL_FUNCTIONS - String soundex(arg)
[DEBUG] 2026-09-27 19:59:02.491 [http-nio-8080-exec-5] HQL_FUNCTIONS - String space(INTEGER arg)
[DEBUG] 2026-09-27 19:59:02.491 [http-nio-8080-exec-5] HQL_FUNCTIONS - Object sql
[DEBUG] 2026-09-27 19:59:02.491 [http-nio-8080-exec-5] HQL_FUNCTIONS - Double sqrt(NUMERIC arg)
[DEBUG] 2026-09-27 19:59:02.491 [http-nio-8080-exec-5] HQL_FUNCTIONS - Double stddev(NUMERIC arg)
[DEBUG] 2026-09-27 19:59:02.491 [http-nio-8080-exec-5] HQL_FUNCTIONS - Double stddev_pop(NUMERIC arg)
[DEBUG] 2026-09-27 19:59:02.491 [http-nio-8080-exec-5] HQL_FUNCTIONS - Double stddev_samp(NUMERIC arg)
[DEBUG] 2026-09-27 19:59:02.491 [http-nio-8080-exec-5] HQL_FUNCTIONS - String str(arg)
[DEBUG] 2026-09-27 19:59:02.492 [http-nio-8080-exec-5] HQL_FUNCTIONS - subdate(DATE datetime, INTEGER days)
[DEBUG] 2026-09-27 19:59:02.492 [http-nio-8080-exec-5] HQL_FUNCTIONS - String substr(STRING string, INTEGER start[, INTEGER length])
[DEBUG] 2026-09-27 19:59:02.492 [http-nio-8080-exec-5] HQL_FUNCTIONS - String substring(STRING string{ from|,} INTEGER start[{ for|,} INTEGER length])
[DEBUG] 2026-09-27 19:59:02.492 [http-nio-8080-exec-5] HQL_FUNCTIONS - subtime(TIME datetime, TIME time)
[DEBUG] 2026-09-27 19:59:02.492 [http-nio-8080-exec-5] HQL_FUNCTIONS - sum(arg)
[DEBUG] 2026-09-27 19:59:02.492 [http-nio-8080-exec-5] HQL_FUNCTIONS - Timestamp sysdate()
[DEBUG] 2026-09-27 19:59:02.492 [http-nio-8080-exec-5] HQL_FUNCTIONS - Double tan(NUMERIC arg)
[DEBUG] 2026-09-27 19:59:02.492 [http-nio-8080-exec-5] HQL_FUNCTIONS - Double tanh(NUMERIC arg)
[DEBUG] 2026-09-27 19:59:02.492 [http-nio-8080-exec-5] HQL_FUNCTIONS - String time(arg)
[DEBUG] 2026-09-27 19:59:02.492 [http-nio-8080-exec-5] HQL_FUNCTIONS - Timestamp timestamp(arg0[, arg1])
[DEBUG] 2026-09-27 19:59:02.492 [http-nio-8080-exec-5] HQL_FUNCTIONS - timestampadd(TEMPORAL_UNIT field, INTEGER magnitude, TEMPORAL datetime)
[DEBUG] 2026-09-27 19:59:02.492 [http-nio-8080-exec-5] HQL_FUNCTIONS - basicType@14(java.lang.Long,-5)|basicType@17(java.lang.Double,8) timestampdiff(TEMPORAL_UNIT field, TEMPORAL start, TEMPORAL end)
[DEBUG] 2026-09-27 19:59:02.492 [http-nio-8080-exec-5] HQL_FUNCTIONS - String trim([[{leading|trailing|both} ][STRING arg0 ]from] STRING arg1)
[DEBUG] 2026-09-27 19:59:02.492 [http-nio-8080-exec-5] HQL_FUNCTIONS - trunc( ... )
[DEBUG] 2026-09-27 19:59:02.492 [http-nio-8080-exec-5] HQL_FUNCTIONS - truncate( ... )
[DEBUG] 2026-09-27 19:59:02.492 [http-nio-8080-exec-5] HQL_FUNCTIONS - String upper(STRING string)
[DEBUG] 2026-09-27 19:59:02.492 [http-nio-8080-exec-5] HQL_FUNCTIONS - Date utc_date
[DEBUG] 2026-09-27 19:59:02.492 [http-nio-8080-exec-5] HQL_FUNCTIONS - Time utc_time
[DEBUG] 2026-09-27 19:59:02.492 [http-nio-8080-exec-5] HQL_FUNCTIONS - Timestamp utc_timestamp
[DEBUG] 2026-09-27 19:59:02.492 [http-nio-8080-exec-5] HQL_FUNCTIONS - Double var_pop(NUMERIC arg)
[DEBUG] 2026-09-27 19:59:02.492 [http-nio-8080-exec-5] HQL_FUNCTIONS - Double var_samp(NUMERIC arg)
[DEBUG] 2026-09-27 19:59:02.492 [http-nio-8080-exec-5] HQL_FUNCTIONS - Double variance(NUMERIC arg)
[DEBUG] 2026-09-27 19:59:02.492 [http-nio-8080-exec-5] HQL_FUNCTIONS - Integer week(DATE arg)
[DEBUG] 2026-09-27 19:59:02.492 [http-nio-8080-exec-5] HQL_FUNCTIONS - Integer year(DATE arg)
[DEBUG] 2026-09-27 19:59:02.507 [http-nio-8080-exec-5] cache - Starting QueryInterpretationCache(2048)
[DEBUG] 2026-09-27 19:59:02.720 [http-nio-8080-exec-5] SessionFactoryServiceRegistryImpl - EventListenerRegistry access via ServiceRegistry is deprecated.  Use `sessionFactory.getEventEngine().getListenerRegistry()` instead
[DEBUG] 2026-09-27 19:59:02.722 [http-nio-8080-exec-5] EntityCopyObserverFactoryInitiator - Configured EntityCopyObserver strategy: disallow
[DEBUG] 2026-09-27 19:59:02.935 [http-nio-8080-exec-5] ClassLoaderAccessImpl - Not known whether passed class name [com.magMan.entity.Card] is safe
[DEBUG] 2026-09-27 19:59:02.935 [http-nio-8080-exec-5] ClassLoaderAccessImpl - No temp ClassLoader provided; using live ClassLoader for loading potentially unsafe class : com.magMan.entity.Card
[DEBUG] 2026-09-27 19:59:03.424 [http-nio-8080-exec-5] BytecodeProviderImpl - HHH000513: Unable to create the ReflectionOptimizer for [com.magMan.entity.Card]: private accessor [cardCmc]
[DEBUG] 2026-09-27 19:59:03.506 [http-nio-8080-exec-5] creation - Starting post-init callbacks
[DEBUG] 2026-09-27 19:59:03.506 [http-nio-8080-exec-5] creation - Starting PostInitCallbackEntry : Entity(com.magMan.entity.Card) `staticFetchableList` generator
[DEBUG] 2026-09-27 19:59:03.682 [http-nio-8080-exec-5] create - Created new SQL alias : c1_0
[DEBUG] 2026-09-27 19:59:03.687 [http-nio-8080-exec-5] create - Registration of TableGroup [StandardTableGroup(com.magMan.entity.Card)] with identifierForTableGroup [com.magMan.entity.Card] for NavigablePath [com.magMan.entity.Card] 
[DEBUG] 2026-09-27 19:59:03.740 [http-nio-8080-exec-5] AST - DomainResult Graph:
 \-EntityResultImpl [com.magMan.entity.Card]
 |  +-BasicFetch [com.magMan.entity.Card.cardCmc]
 |  +-BasicFetch [com.magMan.entity.Card.cardName]
 |  +-BasicFetch [com.magMan.entity.Card.cardQuantity]
 |  \-BasicFetch [com.magMan.entity.Card.cardType]

[DEBUG] 2026-09-27 19:59:03.760 [http-nio-8080-exec-5] tree - SQL AST Tree:
    SelectStatement {
      FromClause {
        StandardTableGroup (c1 : com.magMan.entity.Card) {
          primaryTableReference : cards as c1_0
        }
      }
    }

[DEBUG] 2026-09-27 19:59:03.780 [http-nio-8080-exec-5] AbstractEntityPersister - Static SQL for entity: com.magMan.entity.Card
[DEBUG] 2026-09-27 19:59:03.781 [http-nio-8080-exec-5] AbstractEntityPersister -  Version select: select id from cards where id=?
[DEBUG] 2026-09-27 19:59:03.781 [http-nio-8080-exec-5] AbstractEntityPersister -  Insert (0): insert into cards (cardCmc,cardName,cardQuantity,cardType) values (?,?,?,?)
[DEBUG] 2026-09-27 19:59:03.781 [http-nio-8080-exec-5] AbstractEntityPersister -  Update (0): update cards set cardCmc=?,cardName=?,cardQuantity=?,cardType=? where id=?
[DEBUG] 2026-09-27 19:59:03.781 [http-nio-8080-exec-5] AbstractEntityPersister -  Delete (0): delete from cards where id=?
[DEBUG] 2026-09-27 19:59:03.844 [http-nio-8080-exec-5] JtaPlatformInitiator - No JtaPlatform was specified, checking resolver
[DEBUG] 2026-09-27 19:59:03.844 [http-nio-8080-exec-5] JtaPlatformResolverInitiator - No JtaPlatformResolver was specified, using default [org.hibernate.engine.transaction.jta.platform.internal.StandardJtaPlatformResolver]
[DEBUG] 2026-09-27 19:59:03.855 [http-nio-8080-exec-5] StandardJtaPlatformResolver - Could not resolve JtaPlatform, using default [org.hibernate.engine.transaction.jta.platform.internal.NoJtaPlatform]
[INFO ] 2026-09-27 19:59:03.855 [http-nio-8080-exec-5] JtaPlatformInitiator - HHH000489: No JTA platform available (set 'hibernate.transaction.jta.platform' to enable JTA platform integration)
[DEBUG] 2026-09-27 19:59:03.858 [http-nio-8080-exec-5] TypeConfiguration$Scope - Scoping TypeConfiguration [org.hibernate.type.spi.TypeConfiguration@6f82a9f9] to SessionFactoryImplementor [org.hibernate.internal.SessionFactoryImpl@438a3b78]
[DEBUG] 2026-09-27 19:59:03.860 [http-nio-8080-exec-5] NamedObjectRepository - Checking 0 named HQL queries
[DEBUG] 2026-09-27 19:59:03.860 [http-nio-8080-exec-5] NamedObjectRepository - Checking 0 named SQL queries
[DEBUG] 2026-09-27 19:59:03.862 [http-nio-8080-exec-5] SchemaManagementToolCoordinator - No schema actions specified for contributor `orm`; doing nothing
[DEBUG] 2026-09-27 19:59:03.863 [http-nio-8080-exec-5] SchemaManagementToolCoordinator - No actions found; doing nothing
[DEBUG] 2026-09-27 19:59:03.868 [http-nio-8080-exec-5] SessionFactoryRegistry - Initializing SessionFactoryRegistry : org.hibernate.internal.SessionFactoryRegistry@1eb92fc6
[DEBUG] 2026-09-27 19:59:03.868 [http-nio-8080-exec-5] SessionFactoryRegistry - Registering SessionFactory: e61bcd8b-3644-4611-abf9-12394d8cd440 (<unnamed>)
[DEBUG] 2026-09-27 19:59:03.868 [http-nio-8080-exec-5] SessionFactoryRegistry - Not binding SessionFactory to JNDI, no JNDI name configured
[DEBUG] 2026-09-27 19:59:03.868 [http-nio-8080-exec-5] SessionFactoryImpl - Instantiated SessionFactory
[DEBUG] 2026-09-27 19:59:03.935 [http-nio-8080-exec-5] StatisticsInitiator - Statistics initialized [enabled=false]
[DEBUG] 2026-09-27 19:59:04.121 [http-nio-8080-exec-5] create - Created new SQL alias : c1_0
[DEBUG] 2026-09-27 19:59:04.121 [http-nio-8080-exec-5] create - Registration of TableGroup [StandardTableGroup(com.magMan.entity.Card(114753011371300))] with identifierForTableGroup [com.magMan.entity.Card] for NavigablePath [com.magMan.entity.Card] 
[DEBUG] 2026-09-27 19:59:04.140 [http-nio-8080-exec-5] BaseSqmToSqlAstConverter - Determining mapping-model type for SqmParameter : org.hibernate.query.sqm.tree.expression.SqmJpaCriteriaParameterWrapper@26d4d4be
[DEBUG] 2026-09-27 19:59:04.140 [http-nio-8080-exec-5] BaseSqmToSqlAstConverter - Determining mapping-model type for SqmPath : SqmBasicValuedSimplePath(com.magMan.entity.Card(114753011371300).cardName) 
[DEBUG] 2026-09-27 19:59:04.151 [http-nio-8080-exec-5] AST - DomainResult Graph:
 \-EntityResultImpl [com.magMan.entity.Card(114753011371300)]
 |  +-BasicFetch [com.magMan.entity.Card(114753011371300).cardCmc]
 |  +-BasicFetch [com.magMan.entity.Card(114753011371300).cardName]
 |  +-BasicFetch [com.magMan.entity.Card(114753011371300).cardQuantity]
 |  \-BasicFetch [com.magMan.entity.Card(114753011371300).cardType]

[DEBUG] 2026-09-27 19:59:04.152 [http-nio-8080-exec-5] tree - SQL AST Tree:
    SelectStatement {
      FromClause {
        StandardTableGroup (c1 : com.magMan.entity.Card(114753011371300)) {
          primaryTableReference : cards as c1_0
        }
      }
    }

[DEBUG] 2026-09-27 19:59:04.180 [http-nio-8080-exec-5] exec - Skipping reading Query result cache data: cache-enabled = false, cache-mode = NORMAL
[DEBUG] 2026-09-27 19:59:04.204 [http-nio-8080-exec-5] results - Initializer list:
	  com.magMan.entity.Card(114753011371300) -> EntityResultInitializer(com.magMan.entity.Card(114753011371300))@1502274997 (SingleTableEntityPersister(com.magMan.entity.Card))

[DEBUG] 2026-09-27 19:59:04.226 [http-nio-8080-exec-5] SQL - select c1_0.id,c1_0.cardCmc,c1_0.cardName,c1_0.cardQuantity,c1_0.cardType from cards c1_0 where c1_0.cardName like ? escape ''
[DEBUG] 2026-09-27 19:59:04.280 [http-nio-8080-exec-5] results - Extracted JDBC value [0] - [3]
[DEBUG] 2026-09-27 19:59:04.282 [http-nio-8080-exec-5] entity - (EntityResultInitializer) Hydrated EntityKey (com.magMan.entity.Card(114753011371300)): 3
[DEBUG] 2026-09-27 19:59:04.291 [http-nio-8080-exec-5] entity - (EntityResultInitializer) Created new entity instance [com.magMan.entity.Card(114753011371300)#3] : 1776109641
[DEBUG] 2026-09-27 19:59:04.293 [http-nio-8080-exec-5] results - Extracted JDBC value [1] - [4]
[DEBUG] 2026-09-27 19:59:04.293 [http-nio-8080-exec-5] results - Extracted JDBC value [2] - [Urza, Lord High Artificer]
[DEBUG] 2026-09-27 19:59:04.293 [http-nio-8080-exec-5] results - Extracted JDBC value [3] - [1]
[DEBUG] 2026-09-27 19:59:04.294 [http-nio-8080-exec-5] results - Extracted JDBC value [4] - [Creature]
[DEBUG] 2026-09-27 19:59:04.317 [http-nio-8080-exec-5] entity - (EntityResultInitializer) Done materializing entityInstance : com.magMan.entity.Card(114753011371300)#3
[DEBUG] 2026-09-27 19:59:04.317 [http-nio-8080-exec-5] loading - Calling top-level assembler (0 / 1) : org.hibernate.sql.results.graph.entity.internal.EntityAssembler@39448682
[DEBUG] 2026-09-27 19:59:04.323 [http-nio-8080-exec-5] LogicalConnectionManagedImpl - Initiating JDBC connection release from afterTransaction
[DEBUG] 2026-09-27 19:59:04.326 [http-nio-8080-exec-5] LogicalConnectionManagedImpl - Initiating JDBC connection release from afterTransaction
[DEBUG] 2026-09-27 20:04:07.703 [http-nio-8080-exec-10] create - Created new SQL alias : c1_0
[DEBUG] 2026-09-27 20:04:07.703 [http-nio-8080-exec-10] create - Registration of TableGroup [StandardTableGroup(com.magMan.entity.Card(115056721165500))] with identifierForTableGroup [com.magMan.entity.Card] for NavigablePath [com.magMan.entity.Card] 
[DEBUG] 2026-09-27 20:04:07.704 [http-nio-8080-exec-10] BaseSqmToSqlAstConverter - Determining mapping-model type for SqmParameter : org.hibernate.query.sqm.tree.expression.SqmJpaCriteriaParameterWrapper@69cc1f36
[DEBUG] 2026-09-27 20:04:07.704 [http-nio-8080-exec-10] BaseSqmToSqlAstConverter - Determining mapping-model type for SqmPath : SqmBasicValuedSimplePath(com.magMan.entity.Card(115056721165500).cardName) 
[DEBUG] 2026-09-27 20:04:07.704 [http-nio-8080-exec-10] AST - DomainResult Graph:
 \-EntityResultImpl [com.magMan.entity.Card(115056721165500)]
 |  +-BasicFetch [com.magMan.entity.Card(115056721165500).cardCmc]
 |  +-BasicFetch [com.magMan.entity.Card(115056721165500).cardName]
 |  +-BasicFetch [com.magMan.entity.Card(115056721165500).cardQuantity]
 |  \-BasicFetch [com.magMan.entity.Card(115056721165500).cardType]

[DEBUG] 2026-09-27 20:04:07.705 [http-nio-8080-exec-10] tree - SQL AST Tree:
    SelectStatement {
      FromClause {
        StandardTableGroup (c1 : com.magMan.entity.Card(115056721165500)) {
          primaryTableReference : cards as c1_0
        }
      }
    }

[DEBUG] 2026-09-27 20:04:07.705 [http-nio-8080-exec-10] exec - Skipping reading Query result cache data: cache-enabled = false, cache-mode = NORMAL
[DEBUG] 2026-09-27 20:04:07.705 [http-nio-8080-exec-10] results - Initializer list:
	  com.magMan.entity.Card(115056721165500) -> EntityResultInitializer(com.magMan.entity.Card(115056721165500))@429112317 (SingleTableEntityPersister(com.magMan.entity.Card))

[DEBUG] 2026-09-27 20:04:07.705 [http-nio-8080-exec-10] SQL - select c1_0.id,c1_0.cardCmc,c1_0.cardName,c1_0.cardQuantity,c1_0.cardType from cards c1_0 where c1_0.cardName like ? escape ''
[DEBUG] 2026-09-27 20:04:07.857 [http-nio-8080-exec-10] results - Extracted JDBC value [0] - [6]
[DEBUG] 2026-09-27 20:04:07.857 [http-nio-8080-exec-10] entity - (EntityResultInitializer) Hydrated EntityKey (com.magMan.entity.Card(115056721165500)): 6
[DEBUG] 2026-09-27 20:04:07.857 [http-nio-8080-exec-10] entity - (EntityResultInitializer) Created new entity instance [com.magMan.entity.Card(115056721165500)#6] : 987925830
[DEBUG] 2026-09-27 20:04:07.857 [http-nio-8080-exec-10] results - Extracted JDBC value [1] - [10]
[DEBUG] 2026-09-27 20:04:07.857 [http-nio-8080-exec-10] results - Extracted JDBC value [2] - [Omniscience]
[DEBUG] 2026-09-27 20:04:07.857 [http-nio-8080-exec-10] results - Extracted JDBC value [3] - [2]
[DEBUG] 2026-09-27 20:04:07.857 [http-nio-8080-exec-10] results - Extracted JDBC value [4] - [Enchantment]
[DEBUG] 2026-09-27 20:04:07.857 [http-nio-8080-exec-10] entity - (EntityResultInitializer) Done materializing entityInstance : com.magMan.entity.Card(115056721165500)#6
[DEBUG] 2026-09-27 20:04:07.857 [http-nio-8080-exec-10] loading - Calling top-level assembler (0 / 1) : org.hibernate.sql.results.graph.entity.internal.EntityAssembler@3fcb4a3b
[DEBUG] 2026-09-27 20:04:07.858 [http-nio-8080-exec-10] LogicalConnectionManagedImpl - Initiating JDBC connection release from afterTransaction
[DEBUG] 2026-09-27 20:04:07.864 [http-nio-8080-exec-10] LogicalConnectionManagedImpl - Initiating JDBC connection release from afterTransaction
