[DEBUG] 2026-10-07 14:34:05.703 [main] IntegratorServiceImpl - Adding Integrator [org.hibernate.boot.beanvalidation.BeanValidationIntegrator].
[DEBUG] 2026-10-07 14:34:05.714 [main] IntegratorServiceImpl - Adding Integrator [org.hibernate.cache.internal.CollectionCacheInvalidator].
[INFO ] 2026-10-07 14:34:05.775 [main] Version - HHH000412: Hibernate ORM core version 6.4.3.Final
[DEBUG] 2026-10-07 14:34:05.779 [main] Environment - HHH000206: 'hibernate.properties' not found
[DEBUG] 2026-10-07 14:34:06.077 [main] LocalXmlResourceResolver - Checking public/system identifiers `-//Hibernate/Hibernate Configuration DTD//EN`/`http://www.hibernate.org/dtd/hibernate-configuration-3.0.dtd` as DTD references
[DEBUG] 2026-10-07 14:34:06.105 [main] JaxbCfgProcessor - cfg.xml document did not define namespaces; wrapping in custom event reader to introduce namespace information
[DEBUG] 2026-10-07 14:34:07.177 [main] factory - Ignoring CDI for resolving IdentifierGenerator instances as extended or delayed CDI support was enabled
[DEBUG] 2026-10-07 14:34:07.184 [main] factory - Registering IdentifierGenerator strategy [uuid2] -> [org.hibernate.id.UUIDGenerator]
[DEBUG] 2026-10-07 14:34:07.185 [main] factory - Registering IdentifierGenerator strategy [guid] -> [org.hibernate.id.GUIDGenerator]
[DEBUG] 2026-10-07 14:34:07.187 [main] factory - Registering IdentifierGenerator strategy [uuid] -> [org.hibernate.id.UUIDHexGenerator]
[DEBUG] 2026-10-07 14:34:07.187 [main] factory - Registering IdentifierGenerator strategy [uuid.hex] -> [org.hibernate.id.UUIDHexGenerator]
[DEBUG] 2026-10-07 14:34:07.187 [main] factory - Registering IdentifierGenerator strategy [assigned] -> [org.hibernate.id.Assigned]
[DEBUG] 2026-10-07 14:34:07.189 [main] factory - Registering IdentifierGenerator strategy [identity] -> [org.hibernate.id.IdentityGenerator]
[DEBUG] 2026-10-07 14:34:07.189 [main] factory - Registering IdentifierGenerator strategy [select] -> [org.hibernate.id.SelectGenerator]
[DEBUG] 2026-10-07 14:34:07.191 [main] factory - Registering IdentifierGenerator strategy [sequence] -> [org.hibernate.id.enhanced.SequenceStyleGenerator]
[DEBUG] 2026-10-07 14:34:07.192 [main] factory - Registering IdentifierGenerator strategy [increment] -> [org.hibernate.id.IncrementGenerator]
[DEBUG] 2026-10-07 14:34:07.193 [main] factory - Registering IdentifierGenerator strategy [foreign] -> [org.hibernate.id.ForeignGenerator]
[DEBUG] 2026-10-07 14:34:07.194 [main] factory - Registering IdentifierGenerator strategy [enhanced-sequence] -> [org.hibernate.id.enhanced.SequenceStyleGenerator]
[DEBUG] 2026-10-07 14:34:07.196 [main] factory - Registering IdentifierGenerator strategy [enhanced-table] -> [org.hibernate.id.enhanced.TableGenerator]
[DEBUG] 2026-10-07 14:34:07.229 [main] RegionFactoryInitiator - Cannot default RegionFactory based on registered strategies as `[]` RegionFactory strategies were registered
[INFO ] 2026-10-07 14:34:07.232 [main] RegionFactoryInitiator - HHH000026: Second-level cache disabled
[DEBUG] 2026-10-07 14:34:07.877 [main] BasicTypeRegistry - Adding type registration boolean -> org.hibernate.type.BasicTypeReference@d4602a
[DEBUG] 2026-10-07 14:34:07.909 [main] BasicTypeRegistry - Adding type registration boolean -> org.hibernate.type.BasicTypeReference@d4602a
[DEBUG] 2026-10-07 14:34:07.909 [main] BasicTypeRegistry - Adding type registration java.lang.Boolean -> org.hibernate.type.BasicTypeReference@d4602a
[DEBUG] 2026-10-07 14:34:07.910 [main] BasicTypeRegistry - Adding type registration numeric_boolean -> org.hibernate.type.BasicTypeReference@21ae6e73
[DEBUG] 2026-10-07 14:34:07.910 [main] BasicTypeRegistry - Adding type registration org.hibernate.type.NumericBooleanConverter -> org.hibernate.type.BasicTypeReference@21ae6e73
[DEBUG] 2026-10-07 14:34:07.910 [main] BasicTypeRegistry - Adding type registration true_false -> org.hibernate.type.BasicTypeReference@47dd778
[DEBUG] 2026-10-07 14:34:07.915 [main] BasicTypeRegistry - Adding type registration org.hibernate.type.TrueFalseConverter -> org.hibernate.type.BasicTypeReference@47dd778
[DEBUG] 2026-10-07 14:34:07.916 [main] BasicTypeRegistry - Adding type registration yes_no -> org.hibernate.type.BasicTypeReference@15515c51
[DEBUG] 2026-10-07 14:34:07.918 [main] BasicTypeRegistry - Adding type registration org.hibernate.type.YesNoConverter -> org.hibernate.type.BasicTypeReference@15515c51
[DEBUG] 2026-10-07 14:34:07.919 [main] BasicTypeRegistry - Adding type registration byte -> org.hibernate.type.BasicTypeReference@36a7abe1
[DEBUG] 2026-10-07 14:34:07.919 [main] BasicTypeRegistry - Adding type registration byte -> org.hibernate.type.BasicTypeReference@36a7abe1
[DEBUG] 2026-10-07 14:34:07.919 [main] BasicTypeRegistry - Adding type registration java.lang.Byte -> org.hibernate.type.BasicTypeReference@36a7abe1
[DEBUG] 2026-10-07 14:34:07.920 [main] BasicTypeRegistry - Adding type registration binary -> org.hibernate.type.BasicTypeReference@64a896b0
[DEBUG] 2026-10-07 14:34:07.921 [main] BasicTypeRegistry - Adding type registration byte[] -> org.hibernate.type.BasicTypeReference@64a896b0
[DEBUG] 2026-10-07 14:34:07.921 [main] BasicTypeRegistry - Adding type registration [B -> org.hibernate.type.BasicTypeReference@64a896b0
[DEBUG] 2026-10-07 14:34:07.922 [main] BasicTypeRegistry - Adding type registration binary_wrapper -> org.hibernate.type.BasicTypeReference@e044b4a
[DEBUG] 2026-10-07 14:34:07.922 [main] BasicTypeRegistry - Adding type registration wrapper-binary -> org.hibernate.type.BasicTypeReference@e044b4a
[DEBUG] 2026-10-07 14:34:07.922 [main] BasicTypeRegistry - Adding type registration image -> org.hibernate.type.BasicTypeReference@11a82d0f
[DEBUG] 2026-10-07 14:34:07.922 [main] BasicTypeRegistry - Adding type registration blob -> org.hibernate.type.BasicTypeReference@1adb7478
[DEBUG] 2026-10-07 14:34:07.922 [main] BasicTypeRegistry - Adding type registration java.sql.Blob -> org.hibernate.type.BasicTypeReference@1adb7478
[DEBUG] 2026-10-07 14:34:07.922 [main] BasicTypeRegistry - Adding type registration materialized_blob -> org.hibernate.type.BasicTypeReference@3ae66c85
[DEBUG] 2026-10-07 14:34:07.924 [main] BasicTypeRegistry - Adding type registration materialized_blob_wrapper -> org.hibernate.type.BasicTypeReference@16943e88
[DEBUG] 2026-10-07 14:34:07.924 [main] BasicTypeRegistry - Adding type registration short -> org.hibernate.type.BasicTypeReference@4604b900
[DEBUG] 2026-10-07 14:34:07.924 [main] BasicTypeRegistry - Adding type registration short -> org.hibernate.type.BasicTypeReference@4604b900
[DEBUG] 2026-10-07 14:34:07.924 [main] BasicTypeRegistry - Adding type registration java.lang.Short -> org.hibernate.type.BasicTypeReference@4604b900
[DEBUG] 2026-10-07 14:34:07.924 [main] BasicTypeRegistry - Adding type registration integer -> org.hibernate.type.BasicTypeReference@73d6d0c
[DEBUG] 2026-10-07 14:34:07.925 [main] BasicTypeRegistry - Adding type registration int -> org.hibernate.type.BasicTypeReference@73d6d0c
[DEBUG] 2026-10-07 14:34:07.925 [main] BasicTypeRegistry - Adding type registration java.lang.Integer -> org.hibernate.type.BasicTypeReference@73d6d0c
[DEBUG] 2026-10-07 14:34:07.925 [main] BasicTypeRegistry - Adding type registration long -> org.hibernate.type.BasicTypeReference@e36bb2a
[DEBUG] 2026-10-07 14:34:07.925 [main] BasicTypeRegistry - Adding type registration long -> org.hibernate.type.BasicTypeReference@e36bb2a
[DEBUG] 2026-10-07 14:34:07.925 [main] BasicTypeRegistry - Adding type registration java.lang.Long -> org.hibernate.type.BasicTypeReference@e36bb2a
[DEBUG] 2026-10-07 14:34:07.928 [main] BasicTypeRegistry - Adding type registration float -> org.hibernate.type.BasicTypeReference@3961a41a
[DEBUG] 2026-10-07 14:34:07.928 [main] BasicTypeRegistry - Adding type registration float -> org.hibernate.type.BasicTypeReference@3961a41a
[DEBUG] 2026-10-07 14:34:07.928 [main] BasicTypeRegistry - Adding type registration java.lang.Float -> org.hibernate.type.BasicTypeReference@3961a41a
[DEBUG] 2026-10-07 14:34:07.929 [main] BasicTypeRegistry - Adding type registration double -> org.hibernate.type.BasicTypeReference@5a4ed68f
[DEBUG] 2026-10-07 14:34:07.929 [main] BasicTypeRegistry - Adding type registration double -> org.hibernate.type.BasicTypeReference@5a4ed68f
[DEBUG] 2026-10-07 14:34:07.929 [main] BasicTypeRegistry - Adding type registration java.lang.Double -> org.hibernate.type.BasicTypeReference@5a4ed68f
[DEBUG] 2026-10-07 14:34:07.929 [main] BasicTypeRegistry - Adding type registration big_integer -> org.hibernate.type.BasicTypeReference@367795c7
[DEBUG] 2026-10-07 14:34:07.929 [main] BasicTypeRegistry - Adding type registration java.math.BigInteger -> org.hibernate.type.BasicTypeReference@367795c7
[DEBUG] 2026-10-07 14:34:07.929 [main] BasicTypeRegistry - Adding type registration big_decimal -> org.hibernate.type.BasicTypeReference@d2387c8
[DEBUG] 2026-10-07 14:34:07.929 [main] BasicTypeRegistry - Adding type registration java.math.BigDecimal -> org.hibernate.type.BasicTypeReference@d2387c8
[DEBUG] 2026-10-07 14:34:07.930 [main] BasicTypeRegistry - Adding type registration character -> org.hibernate.type.BasicTypeReference@3956b302
[DEBUG] 2026-10-07 14:34:07.931 [main] BasicTypeRegistry - Adding type registration char -> org.hibernate.type.BasicTypeReference@3956b302
[DEBUG] 2026-10-07 14:34:07.931 [main] BasicTypeRegistry - Adding type registration java.lang.Character -> org.hibernate.type.BasicTypeReference@3956b302
[DEBUG] 2026-10-07 14:34:07.931 [main] BasicTypeRegistry - Adding type registration character_nchar -> org.hibernate.type.BasicTypeReference@1500e009
[DEBUG] 2026-10-07 14:34:07.931 [main] BasicTypeRegistry - Adding type registration string -> org.hibernate.type.BasicTypeReference@1fd386c3
[DEBUG] 2026-10-07 14:34:07.931 [main] BasicTypeRegistry - Adding type registration java.lang.String -> org.hibernate.type.BasicTypeReference@1fd386c3
[DEBUG] 2026-10-07 14:34:07.931 [main] BasicTypeRegistry - Adding type registration nstring -> org.hibernate.type.BasicTypeReference@edf4f36
[DEBUG] 2026-10-07 14:34:07.931 [main] BasicTypeRegistry - Adding type registration characters -> org.hibernate.type.BasicTypeReference@29d334c
[DEBUG] 2026-10-07 14:34:07.931 [main] BasicTypeRegistry - Adding type registration char[] -> org.hibernate.type.BasicTypeReference@29d334c
[DEBUG] 2026-10-07 14:34:07.933 [main] BasicTypeRegistry - Adding type registration [C -> org.hibernate.type.BasicTypeReference@29d334c
[DEBUG] 2026-10-07 14:34:07.933 [main] BasicTypeRegistry - Adding type registration wrapper-characters -> org.hibernate.type.BasicTypeReference@100f9bbe
[DEBUG] 2026-10-07 14:34:07.933 [main] BasicTypeRegistry - Adding type registration text -> org.hibernate.type.BasicTypeReference@13e9f2e2
[DEBUG] 2026-10-07 14:34:07.933 [main] BasicTypeRegistry - Adding type registration ntext -> org.hibernate.type.BasicTypeReference@673bb956
[DEBUG] 2026-10-07 14:34:07.933 [main] BasicTypeRegistry - Adding type registration clob -> org.hibernate.type.BasicTypeReference@cd7f1ae
[DEBUG] 2026-10-07 14:34:07.933 [main] BasicTypeRegistry - Adding type registration java.sql.Clob -> org.hibernate.type.BasicTypeReference@cd7f1ae
[DEBUG] 2026-10-07 14:34:07.933 [main] BasicTypeRegistry - Adding type registration nclob -> org.hibernate.type.BasicTypeReference@60e949e1
[DEBUG] 2026-10-07 14:34:07.933 [main] BasicTypeRegistry - Adding type registration java.sql.NClob -> org.hibernate.type.BasicTypeReference@60e949e1
[DEBUG] 2026-10-07 14:34:07.933 [main] BasicTypeRegistry - Adding type registration materialized_clob -> org.hibernate.type.BasicTypeReference@3c4bc9fc
[DEBUG] 2026-10-07 14:34:07.935 [main] BasicTypeRegistry - Adding type registration materialized_clob_char_array -> org.hibernate.type.BasicTypeReference@680362a
[DEBUG] 2026-10-07 14:34:07.935 [main] BasicTypeRegistry - Adding type registration materialized_clob_character_array -> org.hibernate.type.BasicTypeReference@3569edd5
[DEBUG] 2026-10-07 14:34:07.935 [main] BasicTypeRegistry - Adding type registration materialized_nclob -> org.hibernate.type.BasicTypeReference@1f651cd8
[DEBUG] 2026-10-07 14:34:07.935 [main] BasicTypeRegistry - Adding type registration materialized_nclob_character_array -> org.hibernate.type.BasicTypeReference@7d0332e1
[DEBUG] 2026-10-07 14:34:07.935 [main] BasicTypeRegistry - Adding type registration materialized_nclob_char_array -> org.hibernate.type.BasicTypeReference@7a356a0d
[DEBUG] 2026-10-07 14:34:07.935 [main] BasicTypeRegistry - Adding type registration Duration -> org.hibernate.type.BasicTypeReference@c827db
[DEBUG] 2026-10-07 14:34:07.936 [main] BasicTypeRegistry - Adding type registration java.time.Duration -> org.hibernate.type.BasicTypeReference@c827db
[DEBUG] 2026-10-07 14:34:07.936 [main] BasicTypeRegistry - Adding type registration LocalDateTime -> org.hibernate.type.BasicTypeReference@377c68c6
[DEBUG] 2026-10-07 14:34:07.936 [main] BasicTypeRegistry - Adding type registration java.time.LocalDateTime -> org.hibernate.type.BasicTypeReference@377c68c6
[DEBUG] 2026-10-07 14:34:07.937 [main] BasicTypeRegistry - Adding type registration LocalDate -> org.hibernate.type.BasicTypeReference@538cd0f2
[DEBUG] 2026-10-07 14:34:07.937 [main] BasicTypeRegistry - Adding type registration java.time.LocalDate -> org.hibernate.type.BasicTypeReference@538cd0f2
[DEBUG] 2026-10-07 14:34:07.938 [main] BasicTypeRegistry - Adding type registration LocalTime -> org.hibernate.type.BasicTypeReference@238ad8c
[DEBUG] 2026-10-07 14:34:07.938 [main] BasicTypeRegistry - Adding type registration java.time.LocalTime -> org.hibernate.type.BasicTypeReference@238ad8c
[DEBUG] 2026-10-07 14:34:07.938 [main] BasicTypeRegistry - Adding type registration OffsetDateTime -> org.hibernate.type.BasicTypeReference@430fa4ef
[DEBUG] 2026-10-07 14:34:07.938 [main] BasicTypeRegistry - Adding type registration java.time.OffsetDateTime -> org.hibernate.type.BasicTypeReference@430fa4ef
[DEBUG] 2026-10-07 14:34:07.938 [main] BasicTypeRegistry - Adding type registration OffsetDateTimeWithTimezone -> org.hibernate.type.BasicTypeReference@1761de10
[DEBUG] 2026-10-07 14:34:07.938 [main] BasicTypeRegistry - Adding type registration OffsetDateTimeWithoutTimezone -> org.hibernate.type.BasicTypeReference@22df874e
[DEBUG] 2026-10-07 14:34:07.938 [main] BasicTypeRegistry - Adding type registration OffsetTime -> org.hibernate.type.BasicTypeReference@654c1a54
[DEBUG] 2026-10-07 14:34:07.938 [main] BasicTypeRegistry - Adding type registration java.time.OffsetTime -> org.hibernate.type.BasicTypeReference@654c1a54
[DEBUG] 2026-10-07 14:34:07.938 [main] BasicTypeRegistry - Adding type registration OffsetTimeUtc -> org.hibernate.type.BasicTypeReference@5bdaf2ce
[DEBUG] 2026-10-07 14:34:07.938 [main] BasicTypeRegistry - Adding type registration OffsetTimeWithTimezone -> org.hibernate.type.BasicTypeReference@42d236fb
[DEBUG] 2026-10-07 14:34:07.938 [main] BasicTypeRegistry - Adding type registration OffsetTimeWithoutTimezone -> org.hibernate.type.BasicTypeReference@1ce93c18
[DEBUG] 2026-10-07 14:34:07.938 [main] BasicTypeRegistry - Adding type registration ZonedDateTime -> org.hibernate.type.BasicTypeReference@19f21b6b
[DEBUG] 2026-10-07 14:34:07.940 [main] BasicTypeRegistry - Adding type registration java.time.ZonedDateTime -> org.hibernate.type.BasicTypeReference@19f21b6b
[DEBUG] 2026-10-07 14:34:07.940 [main] BasicTypeRegistry - Adding type registration ZonedDateTimeWithTimezone -> org.hibernate.type.BasicTypeReference@1532c619
[DEBUG] 2026-10-07 14:34:07.941 [main] BasicTypeRegistry - Adding type registration ZonedDateTimeWithoutTimezone -> org.hibernate.type.BasicTypeReference@46044faa
[DEBUG] 2026-10-07 14:34:07.941 [main] BasicTypeRegistry - Adding type registration date -> org.hibernate.type.BasicTypeReference@1358b28e
[DEBUG] 2026-10-07 14:34:07.941 [main] BasicTypeRegistry - Adding type registration java.sql.Date -> org.hibernate.type.BasicTypeReference@1358b28e
[DEBUG] 2026-10-07 14:34:07.941 [main] BasicTypeRegistry - Adding type registration time -> org.hibernate.type.BasicTypeReference@1a78dacd
[DEBUG] 2026-10-07 14:34:07.941 [main] BasicTypeRegistry - Adding type registration java.sql.Time -> org.hibernate.type.BasicTypeReference@1a78dacd
[DEBUG] 2026-10-07 14:34:07.941 [main] BasicTypeRegistry - Adding type registration timestamp -> org.hibernate.type.BasicTypeReference@19f9d595
[DEBUG] 2026-10-07 14:34:07.941 [main] BasicTypeRegistry - Adding type registration java.sql.Timestamp -> org.hibernate.type.BasicTypeReference@19f9d595
[DEBUG] 2026-10-07 14:34:07.942 [main] BasicTypeRegistry - Adding type registration java.util.Date -> org.hibernate.type.BasicTypeReference@19f9d595
[DEBUG] 2026-10-07 14:34:07.942 [main] BasicTypeRegistry - Adding type registration calendar -> org.hibernate.type.BasicTypeReference@7de4a01f
[DEBUG] 2026-10-07 14:34:07.942 [main] BasicTypeRegistry - Adding type registration java.util.Calendar -> org.hibernate.type.BasicTypeReference@7de4a01f
[DEBUG] 2026-10-07 14:34:07.942 [main] BasicTypeRegistry - Adding type registration java.util.GregorianCalendar -> org.hibernate.type.BasicTypeReference@7de4a01f
[DEBUG] 2026-10-07 14:34:07.942 [main] BasicTypeRegistry - Adding type registration calendar_date -> org.hibernate.type.BasicTypeReference@2bfeb1ef
[DEBUG] 2026-10-07 14:34:07.942 [main] BasicTypeRegistry - Adding type registration calendar_time -> org.hibernate.type.BasicTypeReference@778ca8ef
[DEBUG] 2026-10-07 14:34:07.942 [main] BasicTypeRegistry - Adding type registration instant -> org.hibernate.type.BasicTypeReference@208e9ef6
[DEBUG] 2026-10-07 14:34:07.942 [main] BasicTypeRegistry - Adding type registration java.time.Instant -> org.hibernate.type.BasicTypeReference@208e9ef6
[DEBUG] 2026-10-07 14:34:07.943 [main] BasicTypeRegistry - Adding type registration uuid -> org.hibernate.type.BasicTypeReference@78b236a0
[DEBUG] 2026-10-07 14:34:07.943 [main] BasicTypeRegistry - Adding type registration java.util.UUID -> org.hibernate.type.BasicTypeReference@78b236a0
[DEBUG] 2026-10-07 14:34:07.943 [main] BasicTypeRegistry - Adding type registration pg-uuid -> org.hibernate.type.BasicTypeReference@78b236a0
[DEBUG] 2026-10-07 14:34:07.944 [main] BasicTypeRegistry - Adding type registration uuid-binary -> org.hibernate.type.BasicTypeReference@261d8190
[DEBUG] 2026-10-07 14:34:07.944 [main] BasicTypeRegistry - Adding type registration uuid-char -> org.hibernate.type.BasicTypeReference@34448e6c
[DEBUG] 2026-10-07 14:34:07.944 [main] BasicTypeRegistry - Adding type registration class -> org.hibernate.type.BasicTypeReference@60e9df3c
[DEBUG] 2026-10-07 14:34:07.944 [main] BasicTypeRegistry - Adding type registration java.lang.Class -> org.hibernate.type.BasicTypeReference@60e9df3c
[DEBUG] 2026-10-07 14:34:07.945 [main] BasicTypeRegistry - Adding type registration currency -> org.hibernate.type.BasicTypeReference@907f2b7
[DEBUG] 2026-10-07 14:34:07.945 [main] BasicTypeRegistry - Adding type registration Currency -> org.hibernate.type.BasicTypeReference@907f2b7
[DEBUG] 2026-10-07 14:34:07.945 [main] BasicTypeRegistry - Adding type registration java.util.Currency -> org.hibernate.type.BasicTypeReference@907f2b7
[DEBUG] 2026-10-07 14:34:07.946 [main] BasicTypeRegistry - Adding type registration locale -> org.hibernate.type.BasicTypeReference@435ce306
[DEBUG] 2026-10-07 14:34:07.949 [main] BasicTypeRegistry - Adding type registration java.util.Locale -> org.hibernate.type.BasicTypeReference@435ce306
[DEBUG] 2026-10-07 14:34:07.949 [main] BasicTypeRegistry - Adding type registration serializable -> org.hibernate.type.BasicTypeReference@537b32ef
[DEBUG] 2026-10-07 14:34:07.949 [main] BasicTypeRegistry - Adding type registration java.io.Serializable -> org.hibernate.type.BasicTypeReference@537b32ef
[DEBUG] 2026-10-07 14:34:07.949 [main] BasicTypeRegistry - Adding type registration timezone -> org.hibernate.type.BasicTypeReference@7dc51783
[DEBUG] 2026-10-07 14:34:07.949 [main] BasicTypeRegistry - Adding type registration java.util.TimeZone -> org.hibernate.type.BasicTypeReference@7dc51783
[DEBUG] 2026-10-07 14:34:07.949 [main] BasicTypeRegistry - Adding type registration ZoneOffset -> org.hibernate.type.BasicTypeReference@4b61d0c6
[DEBUG] 2026-10-07 14:34:07.950 [main] BasicTypeRegistry - Adding type registration java.time.ZoneOffset -> org.hibernate.type.BasicTypeReference@4b61d0c6
[DEBUG] 2026-10-07 14:34:07.950 [main] BasicTypeRegistry - Adding type registration url -> org.hibernate.type.BasicTypeReference@6f815e7f
[DEBUG] 2026-10-07 14:34:07.951 [main] BasicTypeRegistry - Adding type registration java.net.URL -> org.hibernate.type.BasicTypeReference@6f815e7f
[DEBUG] 2026-10-07 14:34:07.951 [main] BasicTypeRegistry - Adding type registration vector -> org.hibernate.type.BasicTypeReference@65e7f52a
[DEBUG] 2026-10-07 14:34:07.951 [main] BasicTypeRegistry - Adding type registration row_version -> org.hibernate.type.BasicTypeReference@304b9f1a
[DEBUG] 2026-10-07 14:34:07.973 [main] BasicTypeRegistry - Adding type registration object -> org.hibernate.type.JavaObjectType@7e31ce0f
[DEBUG] 2026-10-07 14:34:07.973 [main] BasicTypeRegistry - Adding type registration java.lang.Object -> org.hibernate.type.JavaObjectType@7e31ce0f
[DEBUG] 2026-10-07 14:34:07.979 [main] BasicTypeRegistry - Adding type registration null -> org.hibernate.type.NullType@29d37757
[DEBUG] 2026-10-07 14:34:07.982 [main] BasicTypeRegistry - Adding type registration imm_date -> org.hibernate.type.BasicTypeReference@4fcc529
[DEBUG] 2026-10-07 14:34:07.984 [main] BasicTypeRegistry - Adding type registration imm_time -> org.hibernate.type.BasicTypeReference@25cc7470
[DEBUG] 2026-10-07 14:34:07.986 [main] BasicTypeRegistry - Adding type registration imm_timestamp -> org.hibernate.type.BasicTypeReference@4beddc56
[DEBUG] 2026-10-07 14:34:07.986 [main] BasicTypeRegistry - Adding type registration imm_calendar -> org.hibernate.type.BasicTypeReference@79b663b3
[DEBUG] 2026-10-07 14:34:07.986 [main] BasicTypeRegistry - Adding type registration imm_calendar_date -> org.hibernate.type.BasicTypeReference@1b812421
[DEBUG] 2026-10-07 14:34:07.986 [main] BasicTypeRegistry - Adding type registration imm_calendar_time -> org.hibernate.type.BasicTypeReference@5d28bcd5
[DEBUG] 2026-10-07 14:34:07.986 [main] BasicTypeRegistry - Adding type registration imm_binary -> org.hibernate.type.BasicTypeReference@7882c44a
[DEBUG] 2026-10-07 14:34:07.987 [main] BasicTypeRegistry - Adding type registration imm_serializable -> org.hibernate.type.BasicTypeReference@32639b12
[INFO ] 2026-10-07 14:34:08.162 [main] c3p0 - HHH010002: C3P0 using driver: com.mysql.cj.jdbc.Driver at URL: jdbc:mysql://localhost:3306/mtg_manager_test
[INFO ] 2026-10-07 14:34:08.164 [main] c3p0 - HHH10001001: Connection properties: {password=****, user=root}
[INFO ] 2026-10-07 14:34:08.168 [main] c3p0 - HHH10001003: Autocommit mode: false
[INFO ] 2026-10-07 14:34:08.752 [main] c3p0 - HHH10001007: JDBC isolation level: <unknown>
[DEBUG] 2026-10-07 14:34:09.718 [main] JdbcEnvironmentInitiator - Database ->
       name : MySQL
    version : 8.0.35-0ubuntu0.22.04.1
      major : 8
      minor : 0
[DEBUG] 2026-10-07 14:34:09.719 [main] JdbcEnvironmentInitiator - Driver ->
       name : MySQL Connector/J
    version : mysql-connector-j-8.4.0 (Revision: 1c3f5c149e0bfe31c7fbeb24e2d260cd890972c4)
      major : 8
      minor : 4
[DEBUG] 2026-10-07 14:34:09.719 [main] JdbcEnvironmentInitiator - JDBC version : 4.2
[DEBUG] 2026-10-07 14:34:09.884 [main] dialect - HHH035001: Using dialect: org.hibernate.dialect.MySQLDialect, version: 8.0
[DEBUG] 2026-10-07 14:34:09.894 [main] IdentifierHelperBuilder - JDBC driver metadata reported database stores quoted identifiers in more than one case
[DEBUG] 2026-10-07 14:34:09.894 [main] IdentifierHelperBuilder - IdentifierCaseStrategy for both quoted and unquoted identifiers was set to the same strategy [MIXED]; that will likely lead to problems in schema update and validation if using quoted identifiers
[DEBUG] 2026-10-07 14:34:09.912 [main] DdlTypeRegistry - addDescriptor(12, org.hibernate.type.descriptor.sql.internal.CapacityDependentDdlType@70e889e9) replaced previous registration(org.hibernate.type.descriptor.sql.internal.CapacityDependentDdlType@418c020b)
[DEBUG] 2026-10-07 14:34:09.912 [main] DdlTypeRegistry - addDescriptor(-9, org.hibernate.type.descriptor.sql.internal.CapacityDependentDdlType@51351f28) replaced previous registration(org.hibernate.type.descriptor.sql.internal.CapacityDependentDdlType@21618fa7)
[DEBUG] 2026-10-07 14:34:09.912 [main] DdlTypeRegistry - addDescriptor(-3, org.hibernate.type.descriptor.sql.internal.CapacityDependentDdlType@15f2eda3) replaced previous registration(org.hibernate.type.descriptor.sql.internal.CapacityDependentDdlType@34cf294c)
[DEBUG] 2026-10-07 14:34:09.912 [main] DdlTypeRegistry - addDescriptor(4003, org.hibernate.type.descriptor.sql.internal.DdlTypeImpl@4d7aaca2) replaced previous registration(org.hibernate.type.descriptor.sql.internal.DdlTypeImpl@604b1e1d)
[DEBUG] 2026-10-07 14:34:09.913 [main] DdlTypeRegistry - addDescriptor(4001, org.hibernate.type.descriptor.sql.internal.DdlTypeImpl@62566842) replaced previous registration(org.hibernate.type.descriptor.sql.internal.DdlTypeImpl@2f1ea80d)
[DEBUG] 2026-10-07 14:34:09.913 [main] DdlTypeRegistry - addDescriptor(4002, org.hibernate.type.descriptor.sql.internal.DdlTypeImpl@37191ef0) replaced previous registration(org.hibernate.type.descriptor.sql.internal.DdlTypeImpl@f1a45f8)
[DEBUG] 2026-10-07 14:34:09.913 [main] DdlTypeRegistry - addDescriptor(2004, org.hibernate.type.descriptor.sql.internal.CapacityDependentDdlType@5edf2821) replaced previous registration(org.hibernate.type.descriptor.sql.internal.DdlTypeImpl@4dbad37)
[DEBUG] 2026-10-07 14:34:09.913 [main] DdlTypeRegistry - addDescriptor(2005, org.hibernate.type.descriptor.sql.internal.CapacityDependentDdlType@7b4acdc2) replaced previous registration(org.hibernate.type.descriptor.sql.internal.DdlTypeImpl@26a262d6)
[DEBUG] 2026-10-07 14:34:09.913 [main] DdlTypeRegistry - addDescriptor(2011, org.hibernate.type.descriptor.sql.internal.CapacityDependentDdlType@11bd803) replaced previous registration(org.hibernate.type.descriptor.sql.internal.DdlTypeImpl@58f07f02)
[DEBUG] 2026-10-07 14:34:09.915 [main] JdbcTypeRegistry - addDescriptor(NCharTypeDescriptor) replaced previous registration(CharTypeDescriptor)
[DEBUG] 2026-10-07 14:34:09.915 [main] JdbcTypeRegistry - addDescriptor(NVarcharTypeDescriptor) replaced previous registration(VarcharTypeDescriptor)
[DEBUG] 2026-10-07 14:34:09.916 [main] JdbcTypeRegistry - addDescriptor(LongNVarcharTypeDescriptor) replaced previous registration(LongVarcharTypeDescriptor)
[DEBUG] 2026-10-07 14:34:09.917 [main] JdbcTypeRegistry - addDescriptor(NClobTypeDescriptor(DEFAULT)) replaced previous registration(ClobTypeDescriptor(DEFAULT))
[DEBUG] 2026-10-07 14:34:09.917 [main] JdbcTypeRegistry - addDescriptor(2005, ClobTypeDescriptor(STREAM_BINDING)) replaced previous registration(ClobTypeDescriptor(DEFAULT))
[DEBUG] 2026-10-07 14:34:09.920 [main] BasicTypeRegistry - Adding type registration null -> org.hibernate.type.NullType@4248e66b
[DEBUG] 2026-10-07 14:34:09.920 [main] BasicTypeRegistry - Type registration key [null] overrode previous entry : `org.hibernate.type.NullType@29d37757`
[DEBUG] 2026-10-07 14:34:09.925 [main] BasicTypeRegistry - Adding type registration org.hibernate.type.DurationType -> basicType@1(java.time.Duration,2)
[DEBUG] 2026-10-07 14:34:09.925 [main] BasicTypeRegistry - Adding type registration Duration -> basicType@1(java.time.Duration,2)
[DEBUG] 2026-10-07 14:34:09.925 [main] BasicTypeRegistry - Adding type registration java.time.Duration -> basicType@1(java.time.Duration,2)
[DEBUG] 2026-10-07 14:34:09.928 [main] BasicTypeRegistry - Adding type registration org.hibernate.type.OffsetDateTimeType -> basicType@2(java.time.OffsetDateTime,3003)
[DEBUG] 2026-10-07 14:34:09.928 [main] BasicTypeRegistry - Adding type registration OffsetDateTime -> basicType@2(java.time.OffsetDateTime,3003)
[DEBUG] 2026-10-07 14:34:09.928 [main] BasicTypeRegistry - Adding type registration java.time.OffsetDateTime -> basicType@2(java.time.OffsetDateTime,3003)
[DEBUG] 2026-10-07 14:34:09.928 [main] BasicTypeRegistry - Adding type registration org.hibernate.type.ZonedDateTimeType -> basicType@3(java.time.ZonedDateTime,3003)
[DEBUG] 2026-10-07 14:34:09.928 [main] BasicTypeRegistry - Adding type registration ZonedDateTime -> basicType@3(java.time.ZonedDateTime,3003)
[DEBUG] 2026-10-07 14:34:09.928 [main] BasicTypeRegistry - Adding type registration java.time.ZonedDateTime -> basicType@3(java.time.ZonedDateTime,3003)
[DEBUG] 2026-10-07 14:34:09.929 [main] BasicTypeRegistry - Adding type registration org.hibernate.type.OffsetTimeType -> basicType@4(java.time.OffsetTime,3007)
[DEBUG] 2026-10-07 14:34:09.929 [main] BasicTypeRegistry - Adding type registration OffsetTime -> basicType@4(java.time.OffsetTime,3007)
[DEBUG] 2026-10-07 14:34:09.929 [main] BasicTypeRegistry - Adding type registration java.time.OffsetTime -> basicType@4(java.time.OffsetTime,3007)
[DEBUG] 2026-10-07 14:34:09.930 [main] TypeConfiguration$Scope - Scoping TypeConfiguration [org.hibernate.type.spi.TypeConfiguration@30c0d731] to MetadataBuildingContext [org.hibernate.boot.internal.MetadataBuildingContextRootImpl@6d5037a9]
[DEBUG] 2026-10-07 14:34:09.978 [main] Namespace - Created database namespace [logicalName=Name{catalog=null, schema=null}, physicalName=Name{catalog=null, schema=null}]
[DEBUG] 2026-10-07 14:34:10.024 [main] EntityBinder - Binding entity from annotated class: com.magMan.entity.Card
[DEBUG] 2026-10-07 14:34:10.032 [main] EntityBinder - Import with entity name Card
[DEBUG] 2026-10-07 14:34:10.040 [main] EntityBinder - Bind entity com.magMan.entity.Card on table cards
[DEBUG] 2026-10-07 14:34:10.050 [main] AnnotatedColumn - Binding column: AnnotatedDiscriminatorColumn(column='DTYPE')
[DEBUG] 2026-10-07 14:34:10.068 [main] AnnotatedColumn - Binding column: AnnotatedColumn()
[DEBUG] 2026-10-07 14:34:10.069 [main] ClassLoaderAccessImpl - Not known whether passed class name [com.magMan.entity.Card] is safe
[DEBUG] 2026-10-07 14:34:10.069 [main] ClassLoaderAccessImpl - No temp ClassLoader provided; using live ClassLoader for loading potentially unsafe class : com.magMan.entity.Card
[DEBUG] 2026-10-07 14:34:10.071 [main] PropertyBinder - MetadataSourceProcessor property id with lazy=false
[DEBUG] 2026-10-07 14:34:10.074 [main] AbstractPropertyHolder - Attempting to locate auto-apply AttributeConverter for property [com.magMan.entity.Card:id]
[DEBUG] 2026-10-07 14:34:10.078 [main] BasicValueBinder - building BasicValue for id
[DEBUG] 2026-10-07 14:34:10.081 [main] BasicValue - Skipping column re-registration: cards.id
[DEBUG] 2026-10-07 14:34:10.082 [main] PropertyBinder - Building property id
[DEBUG] 2026-10-07 14:34:10.086 [main] BinderHelper - #makeIdGenerator(BasicValue([Column(id)]), id, org.hibernate.id.enhanced.SequenceStyleGenerator, native, ...)
[DEBUG] 2026-10-07 14:34:10.092 [main] AnnotatedColumn - Binding column: AnnotatedColumn(column='cardCmc')
[DEBUG] 2026-10-07 14:34:10.092 [main] PropertyBinder - MetadataSourceProcessor property cardCmc with lazy=false
[DEBUG] 2026-10-07 14:34:10.092 [main] AbstractPropertyHolder - Attempting to locate auto-apply AttributeConverter for property [com.magMan.entity.Card:cardCmc]
[DEBUG] 2026-10-07 14:34:10.092 [main] BasicValueBinder - building BasicValue for cardCmc
[DEBUG] 2026-10-07 14:34:10.093 [main] BasicValue - Skipping column re-registration: cards.cardCmc
[DEBUG] 2026-10-07 14:34:10.093 [main] PropertyBinder - Building property cardCmc
[DEBUG] 2026-10-07 14:34:10.093 [main] AnnotatedColumn - Binding column: AnnotatedColumn(column='cardName')
[DEBUG] 2026-10-07 14:34:10.094 [main] PropertyBinder - MetadataSourceProcessor property cardName with lazy=false
[DEBUG] 2026-10-07 14:34:10.094 [main] AbstractPropertyHolder - Attempting to locate auto-apply AttributeConverter for property [com.magMan.entity.Card:cardName]
[DEBUG] 2026-10-07 14:34:10.094 [main] BasicValueBinder - building BasicValue for cardName
[DEBUG] 2026-10-07 14:34:10.094 [main] BasicValue - Skipping column re-registration: cards.cardName
[DEBUG] 2026-10-07 14:34:10.094 [main] PropertyBinder - Building property cardName
[DEBUG] 2026-10-07 14:34:10.094 [main] AnnotatedColumn - Binding column: AnnotatedColumn(column='cardQuantity')
[DEBUG] 2026-10-07 14:34:10.094 [main] PropertyBinder - MetadataSourceProcessor property cardQuantity with lazy=false
[DEBUG] 2026-10-07 14:34:10.094 [main] AbstractPropertyHolder - Attempting to locate auto-apply AttributeConverter for property [com.magMan.entity.Card:cardQuantity]
[DEBUG] 2026-10-07 14:34:10.094 [main] BasicValueBinder - building BasicValue for cardQuantity
[DEBUG] 2026-10-07 14:34:10.094 [main] BasicValue - Skipping column re-registration: cards.cardQuantity
[DEBUG] 2026-10-07 14:34:10.095 [main] PropertyBinder - Building property cardQuantity
[DEBUG] 2026-10-07 14:34:10.095 [main] AnnotatedColumn - Binding column: AnnotatedColumn(column='cardType')
[DEBUG] 2026-10-07 14:34:10.095 [main] PropertyBinder - MetadataSourceProcessor property cardType with lazy=false
[DEBUG] 2026-10-07 14:34:10.095 [main] AbstractPropertyHolder - Attempting to locate auto-apply AttributeConverter for property [com.magMan.entity.Card:cardType]
[DEBUG] 2026-10-07 14:34:10.095 [main] BasicValueBinder - building BasicValue for cardType
[DEBUG] 2026-10-07 14:34:10.095 [main] BasicValue - Skipping column re-registration: cards.cardType
[DEBUG] 2026-10-07 14:34:10.095 [main] PropertyBinder - Building property cardType
[DEBUG] 2026-10-07 14:34:10.096 [main] ClassLoaderServiceImpl - HHH000194: Package not found or wo package-info.java: com.magMan.entity
[DEBUG] 2026-10-07 14:34:10.103 [main] BasicValueBinder - Starting `BasicValueBinder#fillSimpleValue` for id
[DEBUG] 2026-10-07 14:34:10.103 [main] BasicValueBinder - Starting `BasicValueBinder#fillSimpleValue` for cardCmc
[DEBUG] 2026-10-07 14:34:10.105 [main] BasicValueBinder - Starting `BasicValueBinder#fillSimpleValue` for cardName
[DEBUG] 2026-10-07 14:34:10.105 [main] BasicValueBinder - Starting `BasicValueBinder#fillSimpleValue` for cardQuantity
[DEBUG] 2026-10-07 14:34:10.105 [main] BasicValueBinder - Starting `BasicValueBinder#fillSimpleValue` for cardType
[DEBUG] 2026-10-07 14:34:10.108 [main] PrimaryKey - Forcing column [id] to be non-null as it is part of the primary key for table [cards]
[DEBUG] 2026-10-07 14:34:10.378 [main] SessionFactoryImpl - Building session factory
[DEBUG] 2026-10-07 14:34:10.463 [main] SessionFactoryServiceRegistryImpl - EventListenerRegistry access via ServiceRegistry is deprecated.  Use `sessionFactory.getEventEngine().getListenerRegistry()` instead
[DEBUG] 2026-10-07 14:34:10.464 [main] SessionFactoryImpl - Instantiating SessionFactory with settings: {sun.desktop=gnome, awt.toolkit=sun.awt.X11.XToolkit, java.specification.version=11, sun.cpu.isalist=, hibernate.c3p0.idle_test_period=3000, sun.jnu.encoding=UTF-8, hibernate.c3p0.min_size=5, java.class.path=/snap/intellij-idea-ultimate/830/lib/idea_rt.jar:/snap/intellij-idea-ultimate/830/plugins/junit/lib/junit5-rt.jar:/snap/intellij-idea-ultimate/830/plugins/junit/lib/junit-rt.jar:/home/student/IdeaProjects/MtgManager/target/test-classes:/home/student/IdeaProjects/MtgManager/target/classes:/home/student/.m2/repository/javax/javaee-web-api/7.0/javaee-web-api-7.0.jar:/home/student/.m2/repository/org/glassfish/web/javax.servlet.jsp.jstl/1.2.5/javax.servlet.jsp.jstl-1.2.5.jar:/home/student/.m2/repository/javax/servlet/jsp/jstl/jstl-api/1.2/jstl-api-1.2.jar:/home/student/.m2/repository/javax/servlet/servlet-api/2.5/servlet-api-2.5.jar:/home/student/.m2/repository/javax/servlet/jsp/jsp-api/2.1/jsp-api-2.1.jar:/home/student/.m2/repository/xalan/xalan/2.7.2/xalan-2.7.2.jar:/home/student/.m2/repository/xalan/serializer/2.7.2/serializer-2.7.2.jar:/home/student/.m2/repository/xml-apis/xml-apis/1.3.04/xml-apis-1.3.04.jar:/home/student/.m2/repository/com/mysql/mysql-connector-j/8.4.0/mysql-connector-j-8.4.0.jar:/home/student/.m2/repository/com/google/protobuf/protobuf-java/3.25.1/protobuf-java-3.25.1.jar:/home/student/.m2/repository/org/apache/logging/log4j/log4j-api/2.17.1/log4j-api-2.17.1.jar:/home/student/.m2/repository/org/apache/logging/log4j/log4j-core/2.17.1/log4j-core-2.17.1.jar:/home/student/.m2/repository/junit/junit/4.12/junit-4.12.jar:/home/student/.m2/repository/org/hamcrest/hamcrest-core/1.3/hamcrest-core-1.3.jar:/home/student/.m2/repository/org/junit/platform/junit-platform-runner/1.0.0/junit-platform-runner-1.0.0.jar:/home/student/.m2/repository/org/apiguardian/apiguardian-api/1.0.0/apiguardian-api-1.0.0.jar:/home/student/.m2/repository/org/junit/platform/junit-platform-launcher/1.0.0/junit-platform-launcher-1.0.0.jar:/home/student/.m2/repository/org/junit/platform/junit-platform-suite-api/1.0.0/junit-platform-suite-api-1.0.0.jar:/home/student/.m2/repository/org/junit/platform/junit-platform-commons/1.0.0/junit-platform-commons-1.0.0.jar:/home/student/.m2/repository/org/junit/vintage/junit-vintage-engine/4.12.0/junit-vintage-engine-4.12.0.jar:/home/student/.m2/repository/org/junit/platform/junit-platform-engine/1.0.0/junit-platform-engine-1.0.0.jar:/home/student/.m2/repository/org/opentest4j/opentest4j/1.0.0/opentest4j-1.0.0.jar:/home/student/.m2/repository/org/junit/jupiter/junit-jupiter-engine/5.0.0/junit-jupiter-engine-5.0.0.jar:/home/student/.m2/repository/org/junit/jupiter/junit-jupiter-api/5.0.0/junit-jupiter-api-5.0.0.jar:/home/student/.m2/repository/org/hibernate/orm/hibernate-core/6.4.3.Final/hibernate-core-6.4.3.Final.jar:/home/student/.m2/repository/jakarta/persistence/jakarta.persistence-api/3.1.0/jakarta.persistence-api-3.1.0.jar:/home/student/.m2/repository/jakarta/transaction/jakarta.transaction-api/2.0.1/jakarta.transaction-api-2.0.1.jar:/home/student/.m2/repository/org/jboss/logging/jboss-logging/3.5.0.Final/jboss-logging-3.5.0.Final.jar:/home/student/.m2/repository/org/hibernate/common/hibernate-commons-annotations/6.0.6.Final/hibernate-commons-annotations-6.0.6.Final.jar:/home/student/.m2/repository/io/smallrye/jandex/3.1.2/jandex-3.1.2.jar:/home/student/.m2/repository/com/fasterxml/classmate/1.5.1/classmate-1.5.1.jar:/home/student/.m2/repository/net/bytebuddy/byte-buddy/1.14.7/byte-buddy-1.14.7.jar:/home/student/.m2/repository/jakarta/xml/bind/jakarta.xml.bind-api/4.0.0/jakarta.xml.bind-api-4.0.0.jar:/home/student/.m2/repository/jakarta/activation/jakarta.activation-api/2.1.0/jakarta.activation-api-2.1.0.jar:/home/student/.m2/repository/org/glassfish/jaxb/jaxb-runtime/4.0.2/jaxb-runtime-4.0.2.jar:/home/student/.m2/repository/org/glassfish/jaxb/jaxb-core/4.0.2/jaxb-core-4.0.2.jar:/home/student/.m2/repository/org/eclipse/angus/angus-activation/2.0.0/angus-activation-2.0.0.jar:/home/student/.m2/repository/org/glassfish/jaxb/txw2/4.0.2/txw2-4.0.2.jar:/home/student/.m2/repository/com/sun/istack/istack-commons-runtime/4.1.1/istack-commons-runtime-4.1.1.jar:/home/student/.m2/repository/jakarta/inject/jakarta.inject-api/2.0.1/jakarta.inject-api-2.0.1.jar:/home/student/.m2/repository/org/antlr/antlr4-runtime/4.13.0/antlr4-runtime-4.13.0.jar:/home/student/.m2/repository/org/hibernate/orm/hibernate-c3p0/6.4.3.Final/hibernate-c3p0-6.4.3.Final.jar:/home/student/.m2/repository/com/mchange/c3p0/0.9.5.5/c3p0-0.9.5.5.jar:/home/student/.m2/repository/com/mchange/mchange-commons-java/0.2.19/mchange-commons-java-0.2.19.jar, kotlinx.coroutines.debug.enable.mutable.state.flows.stack.trace=true, java.vm.vendor=Ubuntu, sun.arch.data.model=64, idea.test.cyclic.buffer.size=1048576, java.vendor.url=https://ubuntu.com/, user.timezone=America/Chicago, os.name=Linux, java.vm.specification.version=11, sun.java.launcher=SUN_STANDARD, user.country=US, sun.boot.library.path=/usr/lib/jvm/java-11-openjdk-amd64/lib, sun.java.command=com.intellij.rt.junit.JUnitStarter -ideVersion5 -junit5 com.magMan.persistence.CardDaoTest, jdk.debug=release, sun.cpu.endian=little, user.home=/home/student, hibernate.c3p0.max_statements=50, user.language=en, java.specification.vendor=Oracle Corporation, java.version.date=2023-10-17, java.home=/usr/lib/jvm/java-11-openjdk-amd64, file.separator=/, java.vm.compressedOopsMode=32-bit, line.separator=
, hibernate.c3p0.timeout=300, java.specification.name=Java Platform API Specification, java.vm.specification.vendor=Oracle Corporation, intellij.debug.agent=true, java.awt.graphicsenv=sun.awt.X11GraphicsEnvironment, connection.password=student, sun.management.compiler=HotSpot 64-Bit Tiered Compilers, hibernate.c3p0.max_size=20, java.runtime.version=11.0.21+9-post-Ubuntu-0ubuntu122.04, user.name=student, path.separator=:, kotlinx.coroutines.debug.enable.creation.stack.trace=false, hibernate.connection.username=****, os.version=5.15.0-91-generic, java.runtime.name=OpenJDK Runtime Environment, hibernate.connection.url=jdbc:mysql://localhost:3306/mtg_manager_test, file.encoding=UTF-8, debugger.agent.enable.log.capture=true, java.vm.name=OpenJDK 64-Bit Server VM, hibernate.connection.driver_class=com.mysql.cj.jdbc.Driver, java.vendor.url.bug=https://bugs.launchpad.net/ubuntu/+source/openjdk-lts, java.io.tmpdir=/tmp, java.version=11.0.21, jboss.modules.system.pkgs=com.intellij.rt, user.dir=/home/student/IdeaProjects/MtgManager, os.arch=amd64, connection.username=root, java.vm.specification.name=Java Virtual Machine Specification, java.awt.printerjob=sun.print.PSPrinterJob, hibernate.connection.password=****, sun.os.patch.level=unknown, connection.driver_class=com.mysql.cj.jdbc.Driver, hibernate.boot.CfgXmlAccessService.key=org.hibernate.boot.cfgxml.spi.LoadedConfig@12ad1b2a, kotlinx.coroutines.debug.enable.flows.stack.trace=true, java.library.path=/usr/java/packages/lib:/usr/lib/x86_64-linux-gnu/jni:/lib/x86_64-linux-gnu:/usr/lib/x86_64-linux-gnu:/usr/lib/jni:/lib:/usr/lib, java.vendor=Ubuntu, java.vm.info=mixed mode, sharing, java.vm.version=11.0.21+9-post-Ubuntu-0ubuntu122.04, java.specification.maintenance.version=2, debugger.async.stack.trace.for.all.threads=true, java.rmi.server.randomIDs=true, sun.io.unicode.encoding=UnicodeLittle, connection.url=jdbc:mysql://localhost:3306/mtg_manager_test, debugger.agent.enable.coroutines=true, java.class.version=55.0}
[DEBUG] 2026-10-07 14:34:10.485 [main] SessionFactoryImpl - Session factory constructed with filter configurations : {}
[DEBUG] 2026-10-07 14:34:10.505 [main] SchemaManagementToolCoordinator - No schema actions specified for contributor `orm`; doing nothing
[DEBUG] 2026-10-07 14:34:10.597 [main] SqmFunctionRegistry - Registered SqmFunctionTemplate [NamedSqmFunctionTemplate(max)] under max; prior registration was null
[DEBUG] 2026-10-07 14:34:10.598 [main] SqmFunctionRegistry - Registered SqmFunctionTemplate [NamedSqmFunctionTemplate(min)] under min; prior registration was null
[DEBUG] 2026-10-07 14:34:10.599 [main] SqmFunctionRegistry - Registered SqmFunctionTemplate [NamedSqmFunctionTemplate(sum)] under sum; prior registration was null
[DEBUG] 2026-10-07 14:34:10.600 [main] SqmFunctionRegistry - Registered SqmFunctionTemplate [NamedSqmFunctionTemplate(avg)] under avg; prior registration was null
[DEBUG] 2026-10-07 14:34:10.601 [main] SqmFunctionRegistry - Registered SqmFunctionTemplate [org.hibernate.dialect.function.CountFunction@d3f4505] under count; prior registration was null
[DEBUG] 2026-10-07 14:34:10.602 [main] SqmFunctionRegistry - Registered SqmFunctionTemplate [org.hibernate.dialect.function.EveryAnyEmulation@6807a356] under every; prior registration was null
[DEBUG] 2026-10-07 14:34:10.602 [main] SqmFunctionRegistry - Registered SqmFunctionTemplate [org.hibernate.dialect.function.EveryAnyEmulation@7ddd84b5] under any; prior registration was null
[DEBUG] 2026-10-07 14:34:10.602 [main] SqmFunctionRegistry - Registered SqmFunctionTemplate [NamedSqmFunctionTemplate(floor)] under floor; prior registration was null
[DEBUG] 2026-10-07 14:34:10.602 [main] SqmFunctionRegistry - Registered SqmFunctionTemplate [NamedSqmFunctionTemplate(ceiling)] under ceiling; prior registration was null
[DEBUG] 2026-10-07 14:34:10.603 [main] SqmFunctionRegistry - Registered SqmFunctionTemplate [NamedSqmFunctionTemplate(mod)] under mod; prior registration was null
[DEBUG] 2026-10-07 14:34:10.603 [main] SqmFunctionRegistry - Registered SqmFunctionTemplate [NamedSqmFunctionTemplate(abs)] under abs; prior registration was null
[DEBUG] 2026-10-07 14:34:10.603 [main] SqmFunctionRegistry - Registered SqmFunctionTemplate [NamedSqmFunctionTemplate(sign)] under sign; prior registration was null
[DEBUG] 2026-10-07 14:34:10.603 [main] SqmFunctionRegistry - Registered SqmFunctionTemplate [NamedSqmFunctionTemplate(sqrt)] under sqrt; prior registration was null
[DEBUG] 2026-10-07 14:34:10.603 [main] SqmFunctionRegistry - Registered SqmFunctionTemplate [NamedSqmFunctionTemplate(ln)] under ln; prior registration was null
[DEBUG] 2026-10-07 14:34:10.603 [main] SqmFunctionRegistry - Registered SqmFunctionTemplate [NamedSqmFunctionTemplate(exp)] under exp; prior registration was null
[DEBUG] 2026-10-07 14:34:10.603 [main] SqmFunctionRegistry - Registered SqmFunctionTemplate [NamedSqmFunctionTemplate(power)] under power; prior registration was null
[DEBUG] 2026-10-07 14:34:10.603 [main] SqmFunctionRegistry - Registered SqmFunctionTemplate [NamedSqmFunctionTemplate(round)] under round; prior registration was null
[DEBUG] 2026-10-07 14:34:10.603 [main] SqmFunctionRegistry - Registered SqmFunctionTemplate [NamedSqmFunctionTemplate(sin)] under sin; prior registration was null
[DEBUG] 2026-10-07 14:34:10.603 [main] SqmFunctionRegistry - Registered SqmFunctionTemplate [NamedSqmFunctionTemplate(cos)] under cos; prior registration was null
[DEBUG] 2026-10-07 14:34:10.603 [main] SqmFunctionRegistry - Registered SqmFunctionTemplate [NamedSqmFunctionTemplate(tan)] under tan; prior registration was null
[DEBUG] 2026-10-07 14:34:10.604 [main] SqmFunctionRegistry - Registered SqmFunctionTemplate [NamedSqmFunctionTemplate(asin)] under asin; prior registration was null
[DEBUG] 2026-10-07 14:34:10.604 [main] SqmFunctionRegistry - Registered SqmFunctionTemplate [NamedSqmFunctionTemplate(acos)] under acos; prior registration was null
[DEBUG] 2026-10-07 14:34:10.604 [main] SqmFunctionRegistry - Registered SqmFunctionTemplate [NamedSqmFunctionTemplate(atan)] under atan; prior registration was null
[DEBUG] 2026-10-07 14:34:10.604 [main] SqmFunctionRegistry - Registered SqmFunctionTemplate [NamedSqmFunctionTemplate(atan2)] under atan2; prior registration was null
[DEBUG] 2026-10-07 14:34:10.612 [main] SqmFunctionRegistry - Registered SqmFunctionTemplate [org.hibernate.query.sqm.function.PatternBasedSqmFunctionDescriptor@1fbf088b] under sinh; prior registration was null
[DEBUG] 2026-10-07 14:34:10.612 [main] SqmFunctionRegistry - Registered SqmFunctionTemplate [org.hibernate.query.sqm.function.PatternBasedSqmFunctionDescriptor@1943c1f2] under cosh; prior registration was null
[DEBUG] 2026-10-07 14:34:10.612 [main] SqmFunctionRegistry - Registered SqmFunctionTemplate [org.hibernate.query.sqm.function.PatternBasedSqmFunctionDescriptor@d70f722] under tanh; prior registration was null
[DEBUG] 2026-10-07 14:34:10.612 [main] SqmFunctionRegistry - Registered SqmFunctionTemplate [org.hibernate.query.sqm.function.PatternBasedSqmFunctionDescriptor@1e1eeedd] under pi; prior registration was null
[DEBUG] 2026-10-07 14:34:10.612 [main] SqmFunctionRegistry - Registered SqmFunctionTemplate [org.hibernate.query.sqm.function.PatternBasedSqmFunctionDescriptor@798256c5] under log; prior registration was null
[DEBUG] 2026-10-07 14:34:10.613 [main] SqmFunctionRegistry - Registered SqmFunctionTemplate [NamedSqmFunctionTemplate(coalesce)] under coalesce; prior registration was null
[DEBUG] 2026-10-07 14:34:10.613 [main] SqmFunctionRegistry - Registered SqmFunctionTemplate [NamedSqmFunctionTemplate(nullif)] under nullif; prior registration was null
[DEBUG] 2026-10-07 14:34:10.613 [main] SqmFunctionRegistry - Registered SqmFunctionTemplate [NamedSqmFunctionTemplate(left)] under left; prior registration was null
[DEBUG] 2026-10-07 14:34:10.613 [main] SqmFunctionRegistry - Registered SqmFunctionTemplate [NamedSqmFunctionTemplate(right)] under right; prior registration was null
[DEBUG] 2026-10-07 14:34:10.613 [main] SqmFunctionRegistry - Registered SqmFunctionTemplate [NamedSqmFunctionTemplate(replace)] under replace; prior registration was null
[DEBUG] 2026-10-07 14:34:10.613 [main] SqmFunctionRegistry - Registered SqmFunctionTemplate [NamedSqmFunctionTemplate(concat)] under concat; prior registration was null
[DEBUG] 2026-10-07 14:34:10.613 [main] SqmFunctionRegistry - Registered SqmFunctionTemplate [NamedSqmFunctionTemplate(lower)] under lower; prior registration was null
[DEBUG] 2026-10-07 14:34:10.613 [main] SqmFunctionRegistry - Registered SqmFunctionTemplate [NamedSqmFunctionTemplate(upper)] under upper; prior registration was null
[DEBUG] 2026-10-07 14:34:10.613 [main] SqmFunctionRegistry - Registered SqmFunctionTemplate [NamedSqmFunctionTemplate(substring)] under substring; prior registration was null
[DEBUG] 2026-10-07 14:34:10.614 [main] SqmFunctionRegistry - Registered SqmFunctionTemplate [NamedSqmFunctionTemplate(locate)] under locate; prior registration was null
[DEBUG] 2026-10-07 14:34:10.614 [main] SqmFunctionRegistry - Registered SqmFunctionTemplate [NamedSqmFunctionTemplate(character_length)] under character_length; prior registration was null
[DEBUG] 2026-10-07 14:34:10.614 [main] SqmFunctionRegistry - Registering alternate key : length -> character_length
[DEBUG] 2026-10-07 14:34:10.614 [main] SqmFunctionRegistry - Registered SqmFunctionTemplate [org.hibernate.dialect.function.LocatePositionEmulation@6fff46bf] under position; prior registration was null
[DEBUG] 2026-10-07 14:34:10.616 [main] SqmFunctionRegistry - Registered SqmFunctionTemplate [org.hibernate.dialect.function.InsertSubstringOverlayEmulation@2db33feb] under overlay; prior registration was null
[DEBUG] 2026-10-07 14:34:10.617 [main] SqmFunctionRegistry - Registered SqmFunctionTemplate [org.hibernate.dialect.function.TrimFunction@60990e5c] under trim; prior registration was null
[DEBUG] 2026-10-07 14:34:10.618 [main] SqmFunctionRegistry - Registered SqmFunctionTemplate [org.hibernate.dialect.function.CastFunction@4a92c6a9] under cast; prior registration was null
[DEBUG] 2026-10-07 14:34:10.618 [main] SqmFunctionRegistry - Registered SqmFunctionTemplate [org.hibernate.query.sqm.function.PatternBasedSqmFunctionDescriptor@5c9934da] under collate; prior registration was null
[DEBUG] 2026-10-07 14:34:10.619 [main] SqmFunctionRegistry - Registered SqmFunctionTemplate [org.hibernate.dialect.function.ExtractFunction@71ed560f] under extract; prior registration was null
[DEBUG] 2026-10-07 14:34:10.619 [main] SqmFunctionRegistry - Registered SqmFunctionTemplate [NamedSqmFunctionTemplate(least)] under least; prior registration was null
[DEBUG] 2026-10-07 14:34:10.619 [main] SqmFunctionRegistry - Registered SqmFunctionTemplate [NamedSqmFunctionTemplate(greatest)] under greatest; prior registration was null
[DEBUG] 2026-10-07 14:34:10.619 [main] SqmFunctionRegistry - Registered SqmFunctionTemplate [org.hibernate.dialect.function.CoalesceIfnullEmulation@1bf14704] under ifnull; prior registration was null
[DEBUG] 2026-10-07 14:34:10.619 [main] SqmFunctionRegistry - Registered SqmFunctionTemplate [NamedSqmFunctionTemplate(lpad)] under lpad; prior registration was null
[DEBUG] 2026-10-07 14:34:10.619 [main] SqmFunctionRegistry - Registered SqmFunctionTemplate [NamedSqmFunctionTemplate(rpad)] under rpad; prior registration was null
[DEBUG] 2026-10-07 14:34:10.619 [main] SqmFunctionRegistry - Registered SqmFunctionTemplate [org.hibernate.dialect.function.LpadRpadPadEmulation@315105f] under pad; prior registration was null
[DEBUG] 2026-10-07 14:34:10.620 [main] SqmFunctionRegistry - Registered SqmFunctionTemplate [org.hibernate.dialect.function.CastStrEmulation@14c93774] under str; prior registration was null
[DEBUG] 2026-10-07 14:34:10.621 [main] SqmFunctionRegistry - Registered SqmFunctionTemplate [org.hibernate.dialect.function.FormatFunction@45658133] under format; prior registration was null
[DEBUG] 2026-10-07 14:34:10.622 [main] SqmFunctionRegistry - Registered SqmFunctionTemplate [org.hibernate.dialect.function.TimestampaddFunction@d16be4f] under timestampadd; prior registration was null
[DEBUG] 2026-10-07 14:34:10.622 [main] SqmFunctionRegistry - Registered SqmFunctionTemplate [org.hibernate.dialect.function.TimestampdiffFunction@6d67f5eb] under timestampdiff; prior registration was null
[DEBUG] 2026-10-07 14:34:10.622 [main] SqmFunctionRegistry - Registering alternate key : dateadd -> timestampadd
[DEBUG] 2026-10-07 14:34:10.622 [main] SqmFunctionRegistry - Registering alternate key : datediff -> timestampdiff
[DEBUG] 2026-10-07 14:34:10.623 [main] SqmFunctionRegistry - Registered SqmFunctionTemplate [org.hibernate.dialect.function.CurrentFunction@558b4942] under current_date; prior registration was null
[DEBUG] 2026-10-07 14:34:10.623 [main] SqmFunctionRegistry - Registered SqmFunctionTemplate [org.hibernate.dialect.function.CurrentFunction@30ec7d21] under current_time; prior registration was null
[DEBUG] 2026-10-07 14:34:10.623 [main] SqmFunctionRegistry - Registered SqmFunctionTemplate [org.hibernate.dialect.function.CurrentFunction@70025b99] under current_timestamp; prior registration was null
[DEBUG] 2026-10-07 14:34:10.623 [main] SqmFunctionRegistry - Registering alternate key : current date -> current_date
[DEBUG] 2026-10-07 14:34:10.623 [main] SqmFunctionRegistry - Registering alternate key : current time -> current_time
[DEBUG] 2026-10-07 14:34:10.623 [main] SqmFunctionRegistry - Registering alternate key : current timestamp -> current_timestamp
[DEBUG] 2026-10-07 14:34:10.623 [main] SqmFunctionRegistry - Registered SqmFunctionTemplate [org.hibernate.dialect.function.CurrentFunction@7efa3f63] under local_date; prior registration was null
[DEBUG] 2026-10-07 14:34:10.623 [main] SqmFunctionRegistry - Registered SqmFunctionTemplate [org.hibernate.dialect.function.CurrentFunction@7134b8a7] under local_time; prior registration was null
[DEBUG] 2026-10-07 14:34:10.623 [main] SqmFunctionRegistry - Registered SqmFunctionTemplate [org.hibernate.dialect.function.CurrentFunction@2262d6d5] under local_datetime; prior registration was null
[DEBUG] 2026-10-07 14:34:10.623 [main] SqmFunctionRegistry - Registered SqmFunctionTemplate [org.hibernate.dialect.function.CurrentFunction@40de8f93] under offset_datetime; prior registration was null
[DEBUG] 2026-10-07 14:34:10.623 [main] SqmFunctionRegistry - Registering alternate key : local date -> local_date
[DEBUG] 2026-10-07 14:34:10.623 [main] SqmFunctionRegistry - Registering alternate key : local time -> local_time
[DEBUG] 2026-10-07 14:34:10.624 [main] SqmFunctionRegistry - Registering alternate key : local datetime -> local_datetime
[DEBUG] 2026-10-07 14:34:10.624 [main] SqmFunctionRegistry - Registering alternate key : offset datetime -> offset_datetime
[DEBUG] 2026-10-07 14:34:10.624 [main] SqmFunctionRegistry - Registered SqmFunctionTemplate [org.hibernate.dialect.function.CurrentFunction@6ff0b1cc] under instant; prior registration was null
[DEBUG] 2026-10-07 14:34:10.624 [main] SqmFunctionRegistry - Registering alternate key : current_instant -> instant
[DEBUG] 2026-10-07 14:34:10.624 [main] SqmFunctionRegistry - Registered SqmFunctionTemplate [org.hibernate.dialect.function.SqlFunction@51b77cdf] under sql; prior registration was null
[DEBUG] 2026-10-07 14:34:10.624 [main] SqmFunctionRegistry - Registered SqmFunctionTemplate [NamedSqmFunctionTemplate(soundex)] under soundex; prior registration was null
[DEBUG] 2026-10-07 14:34:10.624 [main] SqmFunctionRegistry - Registered SqmFunctionTemplate [NamedSqmFunctionTemplate(radians)] under radians; prior registration was null
[DEBUG] 2026-10-07 14:34:10.624 [main] SqmFunctionRegistry - Registered SqmFunctionTemplate [NamedSqmFunctionTemplate(degrees)] under degrees; prior registration was null
[DEBUG] 2026-10-07 14:34:10.624 [main] SqmFunctionRegistry - Registered SqmFunctionTemplate [NamedSqmFunctionTemplate(cot)] under cot; prior registration was null
[DEBUG] 2026-10-07 14:34:10.624 [main] SqmFunctionRegistry - Registered SqmFunctionTemplate [NamedSqmFunctionTemplate(log)] under log; prior registration was org.hibernate.query.sqm.function.PatternBasedSqmFunctionDescriptor@798256c5
[DEBUG] 2026-10-07 14:34:10.624 [main] SqmFunctionRegistry - Registered SqmFunctionTemplate [NamedSqmFunctionTemplate(log2)] under log2; prior registration was null
[DEBUG] 2026-10-07 14:34:10.624 [main] SqmFunctionRegistry - Registered SqmFunctionTemplate [NamedSqmFunctionTemplate(log10)] under log10; prior registration was null
[DEBUG] 2026-10-07 14:34:10.625 [main] SqmFunctionRegistry - Registered SqmFunctionTemplate [NamedSqmFunctionTemplate(ltrim)] under ltrim; prior registration was null
[DEBUG] 2026-10-07 14:34:10.625 [main] SqmFunctionRegistry - Registered SqmFunctionTemplate [NamedSqmFunctionTemplate(rtrim)] under rtrim; prior registration was null
[DEBUG] 2026-10-07 14:34:10.625 [main] SqmFunctionRegistry - Registered SqmFunctionTemplate [NamedSqmFunctionTemplate(octet_length)] under octet_length; prior registration was null
[DEBUG] 2026-10-07 14:34:10.625 [main] SqmFunctionRegistry - Registered SqmFunctionTemplate [NamedSqmFunctionTemplate(reverse)] under reverse; prior registration was null
[DEBUG] 2026-10-07 14:34:10.625 [main] SqmFunctionRegistry - Registered SqmFunctionTemplate [NamedSqmFunctionTemplate(space)] under space; prior registration was null
[DEBUG] 2026-10-07 14:34:10.625 [main] SqmFunctionRegistry - Registered SqmFunctionTemplate [NamedSqmFunctionTemplate(repeat)] under repeat; prior registration was null
[DEBUG] 2026-10-07 14:34:10.625 [main] SqmFunctionRegistry - Registered SqmFunctionTemplate [org.hibernate.query.sqm.function.MultipatternSqmFunctionDescriptor@2f10f633] under lpad; prior registration was NamedSqmFunctionTemplate(lpad)
[DEBUG] 2026-10-07 14:34:10.626 [main] SqmFunctionRegistry - Registered SqmFunctionTemplate [org.hibernate.query.sqm.function.MultipatternSqmFunctionDescriptor@1642eeae] under rpad; prior registration was NamedSqmFunctionTemplate(rpad)
[DEBUG] 2026-10-07 14:34:10.626 [main] SqmFunctionRegistry - Registered SqmFunctionTemplate [NamedSqmFunctionTemplate(md5)] under md5; prior registration was null
[DEBUG] 2026-10-07 14:34:10.626 [main] SqmFunctionRegistry - Registered SqmFunctionTemplate [NamedSqmFunctionTemplate(day)] under day; prior registration was null
[DEBUG] 2026-10-07 14:34:10.626 [main] SqmFunctionRegistry - Registered SqmFunctionTemplate [NamedSqmFunctionTemplate(month)] under month; prior registration was null
[DEBUG] 2026-10-07 14:34:10.626 [main] SqmFunctionRegistry - Registered SqmFunctionTemplate [NamedSqmFunctionTemplate(year)] under year; prior registration was null
[DEBUG] 2026-10-07 14:34:10.626 [main] SqmFunctionRegistry - Registered SqmFunctionTemplate [NamedSqmFunctionTemplate(hour)] under hour; prior registration was null
[DEBUG] 2026-10-07 14:34:10.626 [main] SqmFunctionRegistry - Registered SqmFunctionTemplate [NamedSqmFunctionTemplate(minute)] under minute; prior registration was null
[DEBUG] 2026-10-07 14:34:10.626 [main] SqmFunctionRegistry - Registered SqmFunctionTemplate [NamedSqmFunctionTemplate(second)] under second; prior registration was null
[DEBUG] 2026-10-07 14:34:10.626 [main] SqmFunctionRegistry - Registered SqmFunctionTemplate [NamedSqmFunctionTemplate(microsecond)] under microsecond; prior registration was null
[DEBUG] 2026-10-07 14:34:10.626 [main] SqmFunctionRegistry - Registered SqmFunctionTemplate [NamedSqmFunctionTemplate(dayofweek)] under dayofweek; prior registration was null
[DEBUG] 2026-10-07 14:34:10.626 [main] SqmFunctionRegistry - Registered SqmFunctionTemplate [NamedSqmFunctionTemplate(dayofmonth)] under dayofmonth; prior registration was null
[DEBUG] 2026-10-07 14:34:10.626 [main] SqmFunctionRegistry - Registering alternate key : day -> dayofmonth
[DEBUG] 2026-10-07 14:34:10.626 [main] SqmFunctionRegistry - Registered SqmFunctionTemplate [NamedSqmFunctionTemplate(dayofyear)] under dayofyear; prior registration was null
[DEBUG] 2026-10-07 14:34:10.626 [main] SqmFunctionRegistry - Registered SqmFunctionTemplate [NamedSqmFunctionTemplate(week)] under week; prior registration was null
[DEBUG] 2026-10-07 14:34:10.626 [main] SqmFunctionRegistry - Registered SqmFunctionTemplate [NamedSqmFunctionTemplate(quarter)] under quarter; prior registration was null
[DEBUG] 2026-10-07 14:34:10.626 [main] SqmFunctionRegistry - Registered SqmFunctionTemplate [NamedSqmFunctionTemplate(monthname)] under monthname; prior registration was null
[DEBUG] 2026-10-07 14:34:10.626 [main] SqmFunctionRegistry - Registered SqmFunctionTemplate [NamedSqmFunctionTemplate(dayname)] under dayname; prior registration was null
[DEBUG] 2026-10-07 14:34:10.627 [main] SqmFunctionRegistry - Registered SqmFunctionTemplate [NamedSqmFunctionTemplate(last_day)] under last_day; prior registration was null
[DEBUG] 2026-10-07 14:34:10.627 [main] SqmFunctionRegistry - Registered SqmFunctionTemplate [NamedSqmFunctionTemplate(date)] under date; prior registration was null
[DEBUG] 2026-10-07 14:34:10.627 [main] SqmFunctionRegistry - Registered SqmFunctionTemplate [NamedSqmFunctionTemplate(timestamp)] under timestamp; prior registration was null
[DEBUG] 2026-10-07 14:34:10.627 [main] SqmFunctionRegistry - Registered SqmFunctionTemplate [NamedSqmFunctionTemplate(time)] under time; prior registration was null
[DEBUG] 2026-10-07 14:34:10.627 [main] SqmFunctionRegistry - Registered SqmFunctionTemplate [NamedSqmFunctionTemplate(utc_date)] under utc_date; prior registration was null
[DEBUG] 2026-10-07 14:34:10.627 [main] SqmFunctionRegistry - Registered SqmFunctionTemplate [NamedSqmFunctionTemplate(utc_time)] under utc_time; prior registration was null
[DEBUG] 2026-10-07 14:34:10.627 [main] SqmFunctionRegistry - Registered SqmFunctionTemplate [NamedSqmFunctionTemplate(utc_timestamp)] under utc_timestamp; prior registration was null
[DEBUG] 2026-10-07 14:34:10.627 [main] SqmFunctionRegistry - Registered SqmFunctionTemplate [NamedSqmFunctionTemplate(rand)] under rand; prior registration was null
[DEBUG] 2026-10-07 14:34:10.627 [main] SqmFunctionRegistry - Registered SqmFunctionTemplate [NamedSqmFunctionTemplate(crc32)] under crc32; prior registration was null
[DEBUG] 2026-10-07 14:34:10.627 [main] SqmFunctionRegistry - Registered SqmFunctionTemplate [NamedSqmFunctionTemplate(sha1)] under sha1; prior registration was null
[DEBUG] 2026-10-07 14:34:10.627 [main] SqmFunctionRegistry - Registered SqmFunctionTemplate [NamedSqmFunctionTemplate(sha2)] under sha2; prior registration was null
[DEBUG] 2026-10-07 14:34:10.627 [main] SqmFunctionRegistry - Registered SqmFunctionTemplate [NamedSqmFunctionTemplate(sha)] under sha; prior registration was null
[DEBUG] 2026-10-07 14:34:10.627 [main] SqmFunctionRegistry - Registered SqmFunctionTemplate [NamedSqmFunctionTemplate(bit_length)] under bit_length; prior registration was null
[DEBUG] 2026-10-07 14:34:10.627 [main] SqmFunctionRegistry - Registered SqmFunctionTemplate [NamedSqmFunctionTemplate(octet_length)] under octet_length; prior registration was NamedSqmFunctionTemplate(octet_length)
[DEBUG] 2026-10-07 14:34:10.628 [main] SqmFunctionRegistry - Registered SqmFunctionTemplate [NamedSqmFunctionTemplate(ascii)] under ascii; prior registration was null
[DEBUG] 2026-10-07 14:34:10.628 [main] SqmFunctionRegistry - Registered SqmFunctionTemplate [NamedSqmFunctionTemplate(instr)] under instr; prior registration was null
[DEBUG] 2026-10-07 14:34:10.628 [main] SqmFunctionRegistry - Registered SqmFunctionTemplate [NamedSqmFunctionTemplate(substr)] under substr; prior registration was null
[DEBUG] 2026-10-07 14:34:10.628 [main] SqmFunctionRegistry - Registered SqmFunctionTemplate [org.hibernate.query.sqm.function.PatternBasedSqmFunctionDescriptor@3440e9cd] under position; prior registration was org.hibernate.dialect.function.LocatePositionEmulation@6fff46bf
[DEBUG] 2026-10-07 14:34:10.628 [main] SqmFunctionRegistry - Registered SqmFunctionTemplate [NamedSqmFunctionTemplate(curtime)] under curtime; prior registration was null
[DEBUG] 2026-10-07 14:34:10.628 [main] SqmFunctionRegistry - Registered SqmFunctionTemplate [NamedSqmFunctionTemplate(curdate)] under curdate; prior registration was null
[DEBUG] 2026-10-07 14:34:10.628 [main] SqmFunctionRegistry - Registered SqmFunctionTemplate [NamedSqmFunctionTemplate(now)] under now; prior registration was null
[DEBUG] 2026-10-07 14:34:10.632 [main] SqmFunctionRegistry - Registered SqmFunctionTemplate [org.hibernate.dialect.function.TruncFunction@50eb4a2c] under trunc; prior registration was null
[DEBUG] 2026-10-07 14:34:10.632 [main] SqmFunctionRegistry - Registering alternate key : truncate -> trunc
[DEBUG] 2026-10-07 14:34:10.632 [main] SqmFunctionRegistry - Registered SqmFunctionTemplate [NamedSqmFunctionTemplate(insert)] under insert; prior registration was null
[DEBUG] 2026-10-07 14:34:10.633 [main] SqmFunctionRegistry - Registered SqmFunctionTemplate [org.hibernate.query.sqm.function.PatternBasedSqmFunctionDescriptor@1a256d80] under bitand; prior registration was null
[DEBUG] 2026-10-07 14:34:10.633 [main] SqmFunctionRegistry - Registered SqmFunctionTemplate [org.hibernate.query.sqm.function.PatternBasedSqmFunctionDescriptor@3069a360] under bitor; prior registration was null
[DEBUG] 2026-10-07 14:34:10.633 [main] SqmFunctionRegistry - Registered SqmFunctionTemplate [org.hibernate.query.sqm.function.PatternBasedSqmFunctionDescriptor@7235f92b] under bitxor; prior registration was null
[DEBUG] 2026-10-07 14:34:10.633 [main] SqmFunctionRegistry - Registered SqmFunctionTemplate [org.hibernate.query.sqm.function.PatternBasedSqmFunctionDescriptor@7885776b] under bitnot; prior registration was null
[DEBUG] 2026-10-07 14:34:10.633 [main] SqmFunctionRegistry - Registered SqmFunctionTemplate [NamedSqmFunctionTemplate(bit_and)] under bit_and; prior registration was null
[DEBUG] 2026-10-07 14:34:10.633 [main] SqmFunctionRegistry - Registered SqmFunctionTemplate [NamedSqmFunctionTemplate(bit_or)] under bit_or; prior registration was null
[DEBUG] 2026-10-07 14:34:10.633 [main] SqmFunctionRegistry - Registered SqmFunctionTemplate [NamedSqmFunctionTemplate(stddev)] under stddev; prior registration was null
[DEBUG] 2026-10-07 14:34:10.633 [main] SqmFunctionRegistry - Registered SqmFunctionTemplate [NamedSqmFunctionTemplate(stddev_pop)] under stddev_pop; prior registration was null
[DEBUG] 2026-10-07 14:34:10.634 [main] SqmFunctionRegistry - Registered SqmFunctionTemplate [NamedSqmFunctionTemplate(stddev_samp)] under stddev_samp; prior registration was null
[DEBUG] 2026-10-07 14:34:10.634 [main] SqmFunctionRegistry - Registered SqmFunctionTemplate [NamedSqmFunctionTemplate(variance)] under variance; prior registration was null
[DEBUG] 2026-10-07 14:34:10.634 [main] SqmFunctionRegistry - Registered SqmFunctionTemplate [NamedSqmFunctionTemplate(var_pop)] under var_pop; prior registration was null
[DEBUG] 2026-10-07 14:34:10.634 [main] SqmFunctionRegistry - Registered SqmFunctionTemplate [NamedSqmFunctionTemplate(var_samp)] under var_samp; prior registration was null
[DEBUG] 2026-10-07 14:34:10.634 [main] SqmFunctionRegistry - Registered SqmFunctionTemplate [NamedSqmFunctionTemplate(datediff)] under datediff; prior registration was null
[DEBUG] 2026-10-07 14:34:10.634 [main] SqmFunctionRegistry - Registered SqmFunctionTemplate [NamedSqmFunctionTemplate(adddate)] under adddate; prior registration was null
[DEBUG] 2026-10-07 14:34:10.634 [main] SqmFunctionRegistry - Registered SqmFunctionTemplate [NamedSqmFunctionTemplate(subdate)] under subdate; prior registration was null
[DEBUG] 2026-10-07 14:34:10.634 [main] SqmFunctionRegistry - Registered SqmFunctionTemplate [NamedSqmFunctionTemplate(addtime)] under addtime; prior registration was null
[DEBUG] 2026-10-07 14:34:10.634 [main] SqmFunctionRegistry - Registered SqmFunctionTemplate [NamedSqmFunctionTemplate(subtime)] under subtime; prior registration was null
[DEBUG] 2026-10-07 14:34:10.635 [main] SqmFunctionRegistry - Registered SqmFunctionTemplate [org.hibernate.dialect.function.FormatFunction@497d4c96] under format; prior registration was org.hibernate.dialect.function.FormatFunction@45658133
[DEBUG] 2026-10-07 14:34:10.635 [main] SqmFunctionRegistry - Registered SqmFunctionTemplate [NamedSqmFunctionTemplate(makedate)] under makedate; prior registration was null
[DEBUG] 2026-10-07 14:34:10.635 [main] SqmFunctionRegistry - Registered SqmFunctionTemplate [NamedSqmFunctionTemplate(maketime)] under maketime; prior registration was null
[DEBUG] 2026-10-07 14:34:10.635 [main] SqmFunctionRegistry - Registered SqmFunctionTemplate [NamedSqmFunctionTemplate(localtime)] under localtime; prior registration was null
[DEBUG] 2026-10-07 14:34:10.635 [main] SqmFunctionRegistry - Registered SqmFunctionTemplate [NamedSqmFunctionTemplate(localtimestamp)] under localtimestamp; prior registration was null
[DEBUG] 2026-10-07 14:34:10.635 [main] SqmFunctionRegistry - Registered SqmFunctionTemplate [NamedSqmFunctionTemplate(localtime)] under local_time; prior registration was org.hibernate.dialect.function.CurrentFunction@7134b8a7
[DEBUG] 2026-10-07 14:34:10.635 [main] SqmFunctionRegistry - Registered SqmFunctionTemplate [NamedSqmFunctionTemplate(localtimestamp)] under local_datetime; prior registration was org.hibernate.dialect.function.CurrentFunction@2262d6d5
[DEBUG] 2026-10-07 14:34:10.635 [main] SqmFunctionRegistry - Registered SqmFunctionTemplate [NamedSqmFunctionTemplate(localtime)] under localtime; prior registration was NamedSqmFunctionTemplate(localtime)
[DEBUG] 2026-10-07 14:34:10.636 [main] SqmFunctionRegistry - Registered SqmFunctionTemplate [org.hibernate.query.sqm.function.PatternBasedSqmFunctionDescriptor@3472947a] under pi; prior registration was org.hibernate.query.sqm.function.PatternBasedSqmFunctionDescriptor@1e1eeedd
[DEBUG] 2026-10-07 14:34:10.636 [main] SqmFunctionRegistry - Registered SqmFunctionTemplate [org.hibernate.query.sqm.function.PatternBasedSqmFunctionDescriptor@69d3cf7e] under chr; prior registration was null
[DEBUG] 2026-10-07 14:34:10.636 [main] SqmFunctionRegistry - Registering alternate key : char -> chr
[DEBUG] 2026-10-07 14:34:10.636 [main] SqmFunctionRegistry - Registered SqmFunctionTemplate [org.hibernate.query.sqm.function.PatternBasedSqmFunctionDescriptor@3a3ed300] under sysdate; prior registration was null
[DEBUG] 2026-10-07 14:34:10.637 [main] SqmFunctionRegistry - Registered SqmFunctionTemplate [org.hibernate.dialect.function.ListaggGroupConcatEmulation@2404b5a] under listagg; prior registration was null
[DEBUG] 2026-10-07 14:34:10.644 [main] HQL_FUNCTIONS - abs(NUMERIC arg)
[DEBUG] 2026-10-07 14:34:10.644 [main] HQL_FUNCTIONS - Double acos(NUMERIC arg)
[DEBUG] 2026-10-07 14:34:10.644 [main] HQL_FUNCTIONS - adddate(DATE datetime, INTEGER days)
[DEBUG] 2026-10-07 14:34:10.644 [main] HQL_FUNCTIONS - addtime(TIME datetime, TIME time)
[DEBUG] 2026-10-07 14:34:10.644 [main] HQL_FUNCTIONS - Boolean any(BOOLEAN arg)
[DEBUG] 2026-10-07 14:34:10.644 [main] HQL_FUNCTIONS - Integer ascii(STRING arg)
[DEBUG] 2026-10-07 14:34:10.644 [main] HQL_FUNCTIONS - Double asin(NUMERIC arg)
[DEBUG] 2026-10-07 14:34:10.644 [main] HQL_FUNCTIONS - Double atan(NUMERIC arg)
[DEBUG] 2026-10-07 14:34:10.645 [main] HQL_FUNCTIONS - Double atan2(NUMERIC arg0, NUMERIC arg1)
[DEBUG] 2026-10-07 14:34:10.645 [main] HQL_FUNCTIONS - avg(arg)
[DEBUG] 2026-10-07 14:34:10.645 [main] HQL_FUNCTIONS - bit_and(arg)
[DEBUG] 2026-10-07 14:34:10.645 [main] HQL_FUNCTIONS - Integer bit_length(STRING_OR_CLOB arg)
[DEBUG] 2026-10-07 14:34:10.645 [main] HQL_FUNCTIONS - bit_or(arg)
[DEBUG] 2026-10-07 14:34:10.645 [main] HQL_FUNCTIONS - bitand(arg0, arg1)
[DEBUG] 2026-10-07 14:34:10.645 [main] HQL_FUNCTIONS - bitnot(arg)
[DEBUG] 2026-10-07 14:34:10.645 [main] HQL_FUNCTIONS - bitor(arg0, arg1)
[DEBUG] 2026-10-07 14:34:10.645 [main] HQL_FUNCTIONS - bitxor(arg0, arg1)
[DEBUG] 2026-10-07 14:34:10.645 [main] HQL_FUNCTIONS - cast(arg as Type)
[DEBUG] 2026-10-07 14:34:10.645 [main] HQL_FUNCTIONS - ceiling(NUMERIC arg)
[DEBUG] 2026-10-07 14:34:10.645 [main] HQL_FUNCTIONS - Character char(INTEGER arg)
[DEBUG] 2026-10-07 14:34:10.645 [main] HQL_FUNCTIONS - Integer character_length(STRING_OR_CLOB arg)
[DEBUG] 2026-10-07 14:34:10.645 [main] HQL_FUNCTIONS - Character chr(INTEGER arg)
[DEBUG] 2026-10-07 14:34:10.645 [main] HQL_FUNCTIONS - coalesce(arg0[, arg1[, ...]])
[DEBUG] 2026-10-07 14:34:10.645 [main] HQL_FUNCTIONS - String collate(STRING string as COLLATION collation)
[DEBUG] 2026-10-07 14:34:10.645 [main] HQL_FUNCTIONS - String concat(STRING string0[, STRING string1[, ...]])
[DEBUG] 2026-10-07 14:34:10.645 [main] HQL_FUNCTIONS - Double cos(NUMERIC arg)
[DEBUG] 2026-10-07 14:34:10.645 [main] HQL_FUNCTIONS - Double cosh(NUMERIC arg)
[DEBUG] 2026-10-07 14:34:10.645 [main] HQL_FUNCTIONS - Double cot(NUMERIC arg)
[DEBUG] 2026-10-07 14:34:10.645 [main] HQL_FUNCTIONS - Long count([distinct ]{arg|*})
[DEBUG] 2026-10-07 14:34:10.645 [main] HQL_FUNCTIONS - Integer crc32(arg)
[DEBUG] 2026-10-07 14:34:10.645 [main] HQL_FUNCTIONS - Date curdate()
[DEBUG] 2026-10-07 14:34:10.646 [main] HQL_FUNCTIONS - Date current date
[DEBUG] 2026-10-07 14:34:10.646 [main] HQL_FUNCTIONS - Time current time
[DEBUG] 2026-10-07 14:34:10.646 [main] HQL_FUNCTIONS - Timestamp current timestamp
[DEBUG] 2026-10-07 14:34:10.646 [main] HQL_FUNCTIONS - Date current_date
[DEBUG] 2026-10-07 14:34:10.646 [main] HQL_FUNCTIONS - Instant current_instant
[DEBUG] 2026-10-07 14:34:10.646 [main] HQL_FUNCTIONS - Time current_time
[DEBUG] 2026-10-07 14:34:10.646 [main] HQL_FUNCTIONS - Timestamp current_timestamp
[DEBUG] 2026-10-07 14:34:10.646 [main] HQL_FUNCTIONS - Time curtime()
[DEBUG] 2026-10-07 14:34:10.646 [main] HQL_FUNCTIONS - Date date(arg)
[DEBUG] 2026-10-07 14:34:10.646 [main] HQL_FUNCTIONS - dateadd(TEMPORAL_UNIT field, INTEGER magnitude, TEMPORAL datetime)
[DEBUG] 2026-10-07 14:34:10.646 [main] HQL_FUNCTIONS - Integer datediff(DATE end, DATE start)
[DEBUG] 2026-10-07 14:34:10.646 [main] HQL_FUNCTIONS - Integer day(DATE arg)
[DEBUG] 2026-10-07 14:34:10.646 [main] HQL_FUNCTIONS - String dayname(DATE arg)
[DEBUG] 2026-10-07 14:34:10.646 [main] HQL_FUNCTIONS - Integer dayofmonth(DATE arg)
[DEBUG] 2026-10-07 14:34:10.646 [main] HQL_FUNCTIONS - Integer dayofweek(DATE arg)
[DEBUG] 2026-10-07 14:34:10.646 [main] HQL_FUNCTIONS - Integer dayofyear(DATE arg)
[DEBUG] 2026-10-07 14:34:10.646 [main] HQL_FUNCTIONS - Double degrees(NUMERIC arg)
[DEBUG] 2026-10-07 14:34:10.646 [main] HQL_FUNCTIONS - Boolean every(BOOLEAN arg)
[DEBUG] 2026-10-07 14:34:10.646 [main] HQL_FUNCTIONS - Double exp(NUMERIC arg)
[DEBUG] 2026-10-07 14:34:10.646 [main] HQL_FUNCTIONS - extract(TEMPORAL_UNIT field from TEMPORAL arg)
[DEBUG] 2026-10-07 14:34:10.646 [main] HQL_FUNCTIONS - floor(NUMERIC arg)
[DEBUG] 2026-10-07 14:34:10.646 [main] HQL_FUNCTIONS - String format(TEMPORAL datetime as STRING pattern)
[DEBUG] 2026-10-07 14:34:10.646 [main] HQL_FUNCTIONS - greatest(COMPARABLE arg0, COMPARABLE arg1[, arg2[, ...]])
[DEBUG] 2026-10-07 14:34:10.646 [main] HQL_FUNCTIONS - Integer hour(TIME arg)
[DEBUG] 2026-10-07 14:34:10.647 [main] HQL_FUNCTIONS - ifnull(arg0, arg1)
[DEBUG] 2026-10-07 14:34:10.647 [main] HQL_FUNCTIONS - String insert(STRING string, INTEGER start, INTEGER length, STRING replacement)
[DEBUG] 2026-10-07 14:34:10.647 [main] HQL_FUNCTIONS - Instant instant
[DEBUG] 2026-10-07 14:34:10.647 [main] HQL_FUNCTIONS - Integer instr(STRING string, STRING pattern[, INTEGER start[, INTEGER occurrence]])
[DEBUG] 2026-10-07 14:34:10.647 [main] HQL_FUNCTIONS - Date last_day(DATE arg)
[DEBUG] 2026-10-07 14:34:10.647 [main] HQL_FUNCTIONS - least(COMPARABLE arg0, COMPARABLE arg1[, arg2[, ...]])
[DEBUG] 2026-10-07 14:34:10.647 [main] HQL_FUNCTIONS - String left(STRING string, INTEGER length)
[DEBUG] 2026-10-07 14:34:10.647 [main] HQL_FUNCTIONS - Integer length(STRING_OR_CLOB arg)
[DEBUG] 2026-10-07 14:34:10.647 [main] HQL_FUNCTIONS - String listagg(STRING arg0, STRING arg1)
[DEBUG] 2026-10-07 14:34:10.647 [main] HQL_FUNCTIONS - Double ln(NUMERIC arg)
[DEBUG] 2026-10-07 14:34:10.647 [main] HQL_FUNCTIONS - LocalDate local date
[DEBUG] 2026-10-07 14:34:10.647 [main] HQL_FUNCTIONS - LocalDateTime local datetime
[DEBUG] 2026-10-07 14:34:10.647 [main] HQL_FUNCTIONS - LocalTime local time
[DEBUG] 2026-10-07 14:34:10.647 [main] HQL_FUNCTIONS - LocalDate local_date
[DEBUG] 2026-10-07 14:34:10.647 [main] HQL_FUNCTIONS - LocalDateTime local_datetime
[DEBUG] 2026-10-07 14:34:10.647 [main] HQL_FUNCTIONS - LocalTime local_time
[DEBUG] 2026-10-07 14:34:10.647 [main] HQL_FUNCTIONS - Timestamp localtime
[DEBUG] 2026-10-07 14:34:10.647 [main] HQL_FUNCTIONS - Timestamp localtimestamp
[DEBUG] 2026-10-07 14:34:10.647 [main] HQL_FUNCTIONS - Integer locate(STRING pattern, STRING string[, INTEGER start])
[DEBUG] 2026-10-07 14:34:10.647 [main] HQL_FUNCTIONS - Double log(NUMERIC arg0[, NUMERIC arg1])
[DEBUG] 2026-10-07 14:34:10.647 [main] HQL_FUNCTIONS - Double log10(NUMERIC arg)
[DEBUG] 2026-10-07 14:34:10.647 [main] HQL_FUNCTIONS - Double log2(NUMERIC arg)
[DEBUG] 2026-10-07 14:34:10.647 [main] HQL_FUNCTIONS - String lower(STRING string)
[DEBUG] 2026-10-07 14:34:10.647 [main] HQL_FUNCTIONS - String lpad(string, length[, padding])
[DEBUG] 2026-10-07 14:34:10.648 [main] HQL_FUNCTIONS - String ltrim(STRING string[, STRING characters])
[DEBUG] 2026-10-07 14:34:10.648 [main] HQL_FUNCTIONS - Date makedate(INTEGER year, INTEGER dayofyear)
[DEBUG] 2026-10-07 14:34:10.648 [main] HQL_FUNCTIONS - Time maketime(INTEGER hour, INTEGER min, INTEGER sec)
[DEBUG] 2026-10-07 14:34:10.648 [main] HQL_FUNCTIONS - max(COMPARABLE arg)
[DEBUG] 2026-10-07 14:34:10.648 [main] HQL_FUNCTIONS - String md5(arg)
[DEBUG] 2026-10-07 14:34:10.648 [main] HQL_FUNCTIONS - Integer microsecond(TIME arg)
[DEBUG] 2026-10-07 14:34:10.648 [main] HQL_FUNCTIONS - min(COMPARABLE arg)
[DEBUG] 2026-10-07 14:34:10.648 [main] HQL_FUNCTIONS - Integer minute(TIME arg)
[DEBUG] 2026-10-07 14:34:10.648 [main] HQL_FUNCTIONS - Integer mod(INTEGER arg0, INTEGER arg1)
[DEBUG] 2026-10-07 14:34:10.648 [main] HQL_FUNCTIONS - Integer month(DATE arg)
[DEBUG] 2026-10-07 14:34:10.648 [main] HQL_FUNCTIONS - String monthname(DATE arg)
[DEBUG] 2026-10-07 14:34:10.648 [main] HQL_FUNCTIONS - Timestamp now()
[DEBUG] 2026-10-07 14:34:10.648 [main] HQL_FUNCTIONS - nullif(arg0, arg1)
[DEBUG] 2026-10-07 14:34:10.648 [main] HQL_FUNCTIONS - Integer octet_length(STRING_OR_CLOB arg)
[DEBUG] 2026-10-07 14:34:10.648 [main] HQL_FUNCTIONS - OffsetDateTime offset datetime
[DEBUG] 2026-10-07 14:34:10.648 [main] HQL_FUNCTIONS - OffsetDateTime offset_datetime
[DEBUG] 2026-10-07 14:34:10.649 [main] HQL_FUNCTIONS - String overlay(STRING string placing STRING replacement from INTEGER start[ for INTEGER length])
[DEBUG] 2026-10-07 14:34:10.649 [main] HQL_FUNCTIONS - String pad(STRING string with INTEGER length {leading|trailing}[ STRING character])
[DEBUG] 2026-10-07 14:34:10.649 [main] HQL_FUNCTIONS - Double pi
[DEBUG] 2026-10-07 14:34:10.649 [main] HQL_FUNCTIONS - Integer position(STRING pattern in STRING string)
[DEBUG] 2026-10-07 14:34:10.649 [main] HQL_FUNCTIONS - Double power(NUMERIC arg0, NUMERIC arg1)
[DEBUG] 2026-10-07 14:34:10.649 [main] HQL_FUNCTIONS - Integer quarter(DATE arg)
[DEBUG] 2026-10-07 14:34:10.649 [main] HQL_FUNCTIONS - Double radians(NUMERIC arg)
[DEBUG] 2026-10-07 14:34:10.649 [main] HQL_FUNCTIONS - Double rand([INTEGER seed])
[DEBUG] 2026-10-07 14:34:10.649 [main] HQL_FUNCTIONS - String repeat(STRING string, INTEGER times)
[DEBUG] 2026-10-07 14:34:10.649 [main] HQL_FUNCTIONS - String replace(STRING string, STRING pattern, STRING replacement)
[DEBUG] 2026-10-07 14:34:10.649 [main] HQL_FUNCTIONS - String reverse(STRING arg)
[DEBUG] 2026-10-07 14:34:10.649 [main] HQL_FUNCTIONS - String right(STRING string, INTEGER length)
[DEBUG] 2026-10-07 14:34:10.649 [main] HQL_FUNCTIONS - round(NUMERIC number[, INTEGER places])
[DEBUG] 2026-10-07 14:34:10.649 [main] HQL_FUNCTIONS - String rpad(string, length[, padding])
[DEBUG] 2026-10-07 14:34:10.650 [main] HQL_FUNCTIONS - String rtrim(STRING string[, STRING characters])
[DEBUG] 2026-10-07 14:34:10.650 [main] HQL_FUNCTIONS - Integer second(TIME arg)
[DEBUG] 2026-10-07 14:34:10.650 [main] HQL_FUNCTIONS - String sha(arg)
[DEBUG] 2026-10-07 14:34:10.650 [main] HQL_FUNCTIONS - String sha1(arg)
[DEBUG] 2026-10-07 14:34:10.650 [main] HQL_FUNCTIONS - String sha2(arg0, arg1)
[DEBUG] 2026-10-07 14:34:10.650 [main] HQL_FUNCTIONS - Integer sign(NUMERIC arg)
[DEBUG] 2026-10-07 14:34:10.650 [main] HQL_FUNCTIONS - Double sin(NUMERIC arg)
[DEBUG] 2026-10-07 14:34:10.650 [main] HQL_FUNCTIONS - Double sinh(NUMERIC arg)
[DEBUG] 2026-10-07 14:34:10.650 [main] HQL_FUNCTIONS - String soundex(arg)
[DEBUG] 2026-10-07 14:34:10.650 [main] HQL_FUNCTIONS - String space(INTEGER arg)
[DEBUG] 2026-10-07 14:34:10.650 [main] HQL_FUNCTIONS - Object sql
[DEBUG] 2026-10-07 14:34:10.650 [main] HQL_FUNCTIONS - Double sqrt(NUMERIC arg)
[DEBUG] 2026-10-07 14:34:10.650 [main] HQL_FUNCTIONS - Double stddev(NUMERIC arg)
[DEBUG] 2026-10-07 14:34:10.650 [main] HQL_FUNCTIONS - Double stddev_pop(NUMERIC arg)
[DEBUG] 2026-10-07 14:34:10.650 [main] HQL_FUNCTIONS - Double stddev_samp(NUMERIC arg)
[DEBUG] 2026-10-07 14:34:10.650 [main] HQL_FUNCTIONS - String str(arg)
[DEBUG] 2026-10-07 14:34:10.650 [main] HQL_FUNCTIONS - subdate(DATE datetime, INTEGER days)
[DEBUG] 2026-10-07 14:34:10.650 [main] HQL_FUNCTIONS - String substr(STRING string, INTEGER start[, INTEGER length])
[DEBUG] 2026-10-07 14:34:10.650 [main] HQL_FUNCTIONS - String substring(STRING string{ from|,} INTEGER start[{ for|,} INTEGER length])
[DEBUG] 2026-10-07 14:34:10.650 [main] HQL_FUNCTIONS - subtime(TIME datetime, TIME time)
[DEBUG] 2026-10-07 14:34:10.650 [main] HQL_FUNCTIONS - sum(arg)
[DEBUG] 2026-10-07 14:34:10.650 [main] HQL_FUNCTIONS - Timestamp sysdate()
[DEBUG] 2026-10-07 14:34:10.650 [main] HQL_FUNCTIONS - Double tan(NUMERIC arg)
[DEBUG] 2026-10-07 14:34:10.650 [main] HQL_FUNCTIONS - Double tanh(NUMERIC arg)
[DEBUG] 2026-10-07 14:34:10.650 [main] HQL_FUNCTIONS - String time(arg)
[DEBUG] 2026-10-07 14:34:10.651 [main] HQL_FUNCTIONS - Timestamp timestamp(arg0[, arg1])
[DEBUG] 2026-10-07 14:34:10.651 [main] HQL_FUNCTIONS - timestampadd(TEMPORAL_UNIT field, INTEGER magnitude, TEMPORAL datetime)
[DEBUG] 2026-10-07 14:34:10.651 [main] HQL_FUNCTIONS - basicType@14(java.lang.Long,-5)|basicType@17(java.lang.Double,8) timestampdiff(TEMPORAL_UNIT field, TEMPORAL start, TEMPORAL end)
[DEBUG] 2026-10-07 14:34:10.651 [main] HQL_FUNCTIONS - String trim([[{leading|trailing|both} ][STRING arg0 ]from] STRING arg1)
[DEBUG] 2026-10-07 14:34:10.651 [main] HQL_FUNCTIONS - trunc( ... )
[DEBUG] 2026-10-07 14:34:10.651 [main] HQL_FUNCTIONS - truncate( ... )
[DEBUG] 2026-10-07 14:34:10.651 [main] HQL_FUNCTIONS - String upper(STRING string)
[DEBUG] 2026-10-07 14:34:10.651 [main] HQL_FUNCTIONS - Date utc_date
[DEBUG] 2026-10-07 14:34:10.651 [main] HQL_FUNCTIONS - Time utc_time
[DEBUG] 2026-10-07 14:34:10.651 [main] HQL_FUNCTIONS - Timestamp utc_timestamp
[DEBUG] 2026-10-07 14:34:10.651 [main] HQL_FUNCTIONS - Double var_pop(NUMERIC arg)
[DEBUG] 2026-10-07 14:34:10.651 [main] HQL_FUNCTIONS - Double var_samp(NUMERIC arg)
[DEBUG] 2026-10-07 14:34:10.651 [main] HQL_FUNCTIONS - Double variance(NUMERIC arg)
[DEBUG] 2026-10-07 14:34:10.652 [main] HQL_FUNCTIONS - Integer week(DATE arg)
[DEBUG] 2026-10-07 14:34:10.652 [main] HQL_FUNCTIONS - Integer year(DATE arg)
[DEBUG] 2026-10-07 14:34:10.660 [main] cache - Starting QueryInterpretationCache(2048)
[DEBUG] 2026-10-07 14:34:10.789 [main] SessionFactoryServiceRegistryImpl - EventListenerRegistry access via ServiceRegistry is deprecated.  Use `sessionFactory.getEventEngine().getListenerRegistry()` instead
[DEBUG] 2026-10-07 14:34:10.791 [main] EntityCopyObserverFactoryInitiator - Configured EntityCopyObserver strategy: disallow
[DEBUG] 2026-10-07 14:34:10.946 [main] ClassLoaderAccessImpl - Not known whether passed class name [com.magMan.entity.Card] is safe
[DEBUG] 2026-10-07 14:34:10.947 [main] ClassLoaderAccessImpl - No temp ClassLoader provided; using live ClassLoader for loading potentially unsafe class : com.magMan.entity.Card
[DEBUG] 2026-10-07 14:34:11.135 [main] BytecodeProviderImpl - HHH000513: Unable to create the ReflectionOptimizer for [com.magMan.entity.Card]: private accessor [cardCmc]
[DEBUG] 2026-10-07 14:34:11.197 [main] creation - Starting post-init callbacks
[DEBUG] 2026-10-07 14:34:11.197 [main] creation - Starting PostInitCallbackEntry : Entity(com.magMan.entity.Card) `staticFetchableList` generator
[DEBUG] 2026-10-07 14:34:11.281 [main] create - Created new SQL alias : c1_0
[DEBUG] 2026-10-07 14:34:11.283 [main] create - Registration of TableGroup [StandardTableGroup(com.magMan.entity.Card)] with identifierForTableGroup [com.magMan.entity.Card] for NavigablePath [com.magMan.entity.Card] 
[DEBUG] 2026-10-07 14:34:11.301 [main] AST - DomainResult Graph:
 \-EntityResultImpl [com.magMan.entity.Card]
 |  +-BasicFetch [com.magMan.entity.Card.cardCmc]
 |  +-BasicFetch [com.magMan.entity.Card.cardName]
 |  +-BasicFetch [com.magMan.entity.Card.cardQuantity]
 |  \-BasicFetch [com.magMan.entity.Card.cardType]

[DEBUG] 2026-10-07 14:34:11.312 [main] tree - SQL AST Tree:
    SelectStatement {
      FromClause {
        StandardTableGroup (c1 : com.magMan.entity.Card) {
          primaryTableReference : cards as c1_0
        }
      }
    }

[DEBUG] 2026-10-07 14:34:11.321 [main] AbstractEntityPersister - Static SQL for entity: com.magMan.entity.Card
[DEBUG] 2026-10-07 14:34:11.321 [main] AbstractEntityPersister -  Version select: select id from cards where id=?
[DEBUG] 2026-10-07 14:34:11.322 [main] AbstractEntityPersister -  Insert (0): insert into cards (cardCmc,cardName,cardQuantity,cardType) values (?,?,?,?)
[DEBUG] 2026-10-07 14:34:11.322 [main] AbstractEntityPersister -  Update (0): update cards set cardCmc=?,cardName=?,cardQuantity=?,cardType=? where id=?
[DEBUG] 2026-10-07 14:34:11.322 [main] AbstractEntityPersister -  Delete (0): delete from cards where id=?
[DEBUG] 2026-10-07 14:34:11.346 [main] JtaPlatformInitiator - No JtaPlatform was specified, checking resolver
[DEBUG] 2026-10-07 14:34:11.346 [main] JtaPlatformResolverInitiator - No JtaPlatformResolver was specified, using default [org.hibernate.engine.transaction.jta.platform.internal.StandardJtaPlatformResolver]
[DEBUG] 2026-10-07 14:34:11.349 [main] StandardJtaPlatformResolver - Could not resolve JtaPlatform, using default [org.hibernate.engine.transaction.jta.platform.internal.NoJtaPlatform]
[INFO ] 2026-10-07 14:34:11.349 [main] JtaPlatformInitiator - HHH000489: No JTA platform available (set 'hibernate.transaction.jta.platform' to enable JTA platform integration)
[DEBUG] 2026-10-07 14:34:11.350 [main] TypeConfiguration$Scope - Scoping TypeConfiguration [org.hibernate.type.spi.TypeConfiguration@30c0d731] to SessionFactoryImplementor [org.hibernate.internal.SessionFactoryImpl@7af1d072]
[DEBUG] 2026-10-07 14:34:11.351 [main] NamedObjectRepository - Checking 0 named HQL queries
[DEBUG] 2026-10-07 14:34:11.351 [main] NamedObjectRepository - Checking 0 named SQL queries
[DEBUG] 2026-10-07 14:34:11.352 [main] SchemaManagementToolCoordinator - No schema actions specified for contributor `orm`; doing nothing
[DEBUG] 2026-10-07 14:34:11.352 [main] SchemaManagementToolCoordinator - No actions found; doing nothing
[DEBUG] 2026-10-07 14:34:11.354 [main] SessionFactoryRegistry - Initializing SessionFactoryRegistry : org.hibernate.internal.SessionFactoryRegistry@7ddeb27f
[DEBUG] 2026-10-07 14:34:11.354 [main] SessionFactoryRegistry - Registering SessionFactory: 98f648f3-da8f-4bcd-bff3-15620bffc0d1 (<unnamed>)
[DEBUG] 2026-10-07 14:34:11.354 [main] SessionFactoryRegistry - Not binding SessionFactory to JNDI, no JNDI name configured
[DEBUG] 2026-10-07 14:34:11.354 [main] SessionFactoryImpl - Instantiated SessionFactory
[DEBUG] 2026-10-07 14:34:11.523 [main] StatisticsInitiator - Statistics initialized [enabled=false]
[DEBUG] 2026-10-07 14:34:11.546 [main] exec - Skipping reading Query result cache data: cache-enabled = false, cache-mode = IGNORE
[DEBUG] 2026-10-07 14:34:11.564 [main] results - Initializer list:
	  com.magMan.entity.Card -> EntityResultInitializer(com.magMan.entity.Card)@1353172779 (SingleTableEntityPersister(com.magMan.entity.Card))

[DEBUG] 2026-10-07 14:34:11.572 [main] SQL - select c1_0.id,c1_0.cardCmc,c1_0.cardName,c1_0.cardQuantity,c1_0.cardType from cards c1_0 where c1_0.id=?
[DEBUG] 2026-10-07 14:34:11.598 [main] entity - (EntityResultInitializer) Hydrated EntityKey (com.magMan.entity.Card): 2
[DEBUG] 2026-10-07 14:34:11.601 [main] entity - (EntityResultInitializer) Created new entity instance [com.magMan.entity.Card#2] : 2106287833
[DEBUG] 2026-10-07 14:34:11.603 [main] results - Extracted JDBC value [1] - [1]
[DEBUG] 2026-10-07 14:34:11.603 [main] results - Extracted JDBC value [2] - [Sol Ring]
[DEBUG] 2026-10-07 14:34:11.604 [main] results - Extracted JDBC value [3] - [20]
[DEBUG] 2026-10-07 14:34:11.604 [main] results - Extracted JDBC value [4] - [Artifact]
[DEBUG] 2026-10-07 14:34:11.608 [main] entity - (EntityResultInitializer) Done materializing entityInstance : com.magMan.entity.Card#2
[DEBUG] 2026-10-07 14:34:11.608 [main] loading - Calling top-level assembler (0 / 1) : org.hibernate.sql.results.graph.entity.internal.EntityAssembler@11c7a0b4
[DEBUG] 2026-10-07 14:34:11.610 [main] LogicalConnectionManagedImpl - Initiating JDBC connection release from afterTransaction
[DEBUG] 2026-10-07 14:34:11.614 [main] TransactionImpl - On TransactionImpl creation, JpaCompliance#isJpaTransactionComplianceEnabled == false
[DEBUG] 2026-10-07 14:34:11.614 [main] TransactionImpl - begin
[DEBUG] 2026-10-07 14:34:11.626 [main] TransactionImpl - committing
[DEBUG] 2026-10-07 14:34:11.627 [main] AbstractFlushingEventListener - Processing flush-time cascades
[DEBUG] 2026-10-07 14:34:11.627 [main] AbstractFlushingEventListener - Dirty checking collections
[DEBUG] 2026-10-07 14:34:11.630 [main] AbstractFlushingEventListener - Flushed: 0 insertions, 0 updates, 1 deletions to 1 objects
[DEBUG] 2026-10-07 14:34:11.630 [main] AbstractFlushingEventListener - Flushed: 0 (re)creations, 0 updates, 0 removals to 0 collections
[DEBUG] 2026-10-07 14:34:11.631 [main] EntityPrinter - Listing entities:
[DEBUG] 2026-10-07 14:34:11.633 [main] EntityPrinter - com.magMan.entity.Card{cardName=Sol Ring, cardQuantity=20, cardType=Artifact, cardCmc=1, id=2}
[DEBUG] 2026-10-07 14:34:11.641 [main] SQL - delete from cards where id=?
[DEBUG] 2026-10-07 14:34:11.653 [main] LogicalConnectionManagedImpl - Initiating JDBC connection release from afterTransaction
[DEBUG] 2026-10-07 14:34:11.654 [main] LogicalConnectionManagedImpl - Initiating JDBC connection release from afterTransaction
[DEBUG] 2026-10-07 14:34:11.655 [main] exec - Skipping reading Query result cache data: cache-enabled = false, cache-mode = IGNORE
[DEBUG] 2026-10-07 14:34:11.655 [main] results - Initializer list:
	  com.magMan.entity.Card -> EntityResultInitializer(com.magMan.entity.Card)@1877964230 (SingleTableEntityPersister(com.magMan.entity.Card))

[DEBUG] 2026-10-07 14:34:11.655 [main] SQL - select c1_0.id,c1_0.cardCmc,c1_0.cardName,c1_0.cardQuantity,c1_0.cardType from cards c1_0 where c1_0.id=?
[DEBUG] 2026-10-07 14:34:11.658 [main] LogicalConnectionManagedImpl - Initiating JDBC connection release from afterTransaction
[DEBUG] 2026-10-07 14:34:12.007 [main] create - Created new SQL alias : c1_0
[DEBUG] 2026-10-07 14:34:12.008 [main] create - Registration of TableGroup [StandardTableGroup(com.magMan.entity.Card(6499421231235))] with identifierForTableGroup [com.magMan.entity.Card] for NavigablePath [com.magMan.entity.Card] 
[DEBUG] 2026-10-07 14:34:12.019 [main] AST - DomainResult Graph:
 \-EntityResultImpl [com.magMan.entity.Card(6499421231235)]
 |  +-BasicFetch [com.magMan.entity.Card(6499421231235).cardCmc]
 |  +-BasicFetch [com.magMan.entity.Card(6499421231235).cardName]
 |  +-BasicFetch [com.magMan.entity.Card(6499421231235).cardQuantity]
 |  \-BasicFetch [com.magMan.entity.Card(6499421231235).cardType]

[DEBUG] 2026-10-07 14:34:12.019 [main] tree - SQL AST Tree:
    SelectStatement {
      FromClause {
        StandardTableGroup (c1 : com.magMan.entity.Card(6499421231235)) {
          primaryTableReference : cards as c1_0
        }
      }
    }

[DEBUG] 2026-10-07 14:34:12.021 [main] exec - Skipping reading Query result cache data: cache-enabled = false, cache-mode = NORMAL
[DEBUG] 2026-10-07 14:34:12.022 [main] results - Initializer list:
	  com.magMan.entity.Card(6499421231235) -> EntityResultInitializer(com.magMan.entity.Card(6499421231235))@1545982161 (SingleTableEntityPersister(com.magMan.entity.Card))

[DEBUG] 2026-10-07 14:34:12.022 [main] SQL - select c1_0.id,c1_0.cardCmc,c1_0.cardName,c1_0.cardQuantity,c1_0.cardType from cards c1_0
[DEBUG] 2026-10-07 14:34:12.025 [main] results - Extracted JDBC value [0] - [1]
[DEBUG] 2026-10-07 14:34:12.025 [main] entity - (EntityResultInitializer) Hydrated EntityKey (com.magMan.entity.Card(6499421231235)): 1
[DEBUG] 2026-10-07 14:34:12.025 [main] entity - (EntityResultInitializer) Created new entity instance [com.magMan.entity.Card(6499421231235)#1] : 1605399367
[DEBUG] 2026-10-07 14:34:12.025 [main] results - Extracted JDBC value [1] - [2]
[DEBUG] 2026-10-07 14:34:12.025 [main] results - Extracted JDBC value [2] - [Counterspell]
[DEBUG] 2026-10-07 14:34:12.025 [main] results - Extracted JDBC value [3] - [20]
[DEBUG] 2026-10-07 14:34:12.026 [main] results - Extracted JDBC value [4] - [Instant]
[DEBUG] 2026-10-07 14:34:12.026 [main] entity - (EntityResultInitializer) Done materializing entityInstance : com.magMan.entity.Card(6499421231235)#1
[DEBUG] 2026-10-07 14:34:12.026 [main] loading - Calling top-level assembler (0 / 1) : org.hibernate.sql.results.graph.entity.internal.EntityAssembler@5d717f19
[DEBUG] 2026-10-07 14:34:12.026 [main] results - Extracted JDBC value [0] - [2]
[DEBUG] 2026-10-07 14:34:12.026 [main] entity - (EntityResultInitializer) Hydrated EntityKey (com.magMan.entity.Card(6499421231235)): 2
[DEBUG] 2026-10-07 14:34:12.026 [main] entity - (EntityResultInitializer) Created new entity instance [com.magMan.entity.Card(6499421231235)#2] : 25630139
[DEBUG] 2026-10-07 14:34:12.026 [main] results - Extracted JDBC value [1] - [1]
[DEBUG] 2026-10-07 14:34:12.026 [main] results - Extracted JDBC value [2] - [Sol Ring]
[DEBUG] 2026-10-07 14:34:12.026 [main] results - Extracted JDBC value [3] - [20]
[DEBUG] 2026-10-07 14:34:12.026 [main] results - Extracted JDBC value [4] - [Artifact]
[DEBUG] 2026-10-07 14:34:12.026 [main] entity - (EntityResultInitializer) Done materializing entityInstance : com.magMan.entity.Card(6499421231235)#2
[DEBUG] 2026-10-07 14:34:12.026 [main] loading - Calling top-level assembler (0 / 1) : org.hibernate.sql.results.graph.entity.internal.EntityAssembler@5d717f19
[DEBUG] 2026-10-07 14:34:12.027 [main] results - Extracted JDBC value [0] - [3]
[DEBUG] 2026-10-07 14:34:12.028 [main] entity - (EntityResultInitializer) Hydrated EntityKey (com.magMan.entity.Card(6499421231235)): 3
[DEBUG] 2026-10-07 14:34:12.029 [main] entity - (EntityResultInitializer) Created new entity instance [com.magMan.entity.Card(6499421231235)#3] : 706322686
[DEBUG] 2026-10-07 14:34:12.032 [main] results - Extracted JDBC value [1] - [4]
[DEBUG] 2026-10-07 14:34:12.032 [main] results - Extracted JDBC value [2] - [Urza, Lord High Artificer]
[DEBUG] 2026-10-07 14:34:12.032 [main] results - Extracted JDBC value [3] - [1]
[DEBUG] 2026-10-07 14:34:12.032 [main] results - Extracted JDBC value [4] - [Creature]
[DEBUG] 2026-10-07 14:34:12.033 [main] entity - (EntityResultInitializer) Done materializing entityInstance : com.magMan.entity.Card(6499421231235)#3
[DEBUG] 2026-10-07 14:34:12.033 [main] loading - Calling top-level assembler (0 / 1) : org.hibernate.sql.results.graph.entity.internal.EntityAssembler@5d717f19
[DEBUG] 2026-10-07 14:34:12.033 [main] results - Extracted JDBC value [0] - [4]
[DEBUG] 2026-10-07 14:34:12.033 [main] entity - (EntityResultInitializer) Hydrated EntityKey (com.magMan.entity.Card(6499421231235)): 4
[DEBUG] 2026-10-07 14:34:12.033 [main] entity - (EntityResultInitializer) Created new entity instance [com.magMan.entity.Card(6499421231235)#4] : 729248981
[DEBUG] 2026-10-07 14:34:12.033 [main] results - Extracted JDBC value [1] - [null]
[DEBUG] 2026-10-07 14:34:12.033 [main] results - Extracted JDBC value [2] - [Island]
[DEBUG] 2026-10-07 14:34:12.033 [main] results - Extracted JDBC value [3] - [100]
[DEBUG] 2026-10-07 14:34:12.033 [main] results - Extracted JDBC value [4] - [Land]
[DEBUG] 2026-10-07 14:34:12.033 [main] entity - (EntityResultInitializer) Done materializing entityInstance : com.magMan.entity.Card(6499421231235)#4
[DEBUG] 2026-10-07 14:34:12.033 [main] loading - Calling top-level assembler (0 / 1) : org.hibernate.sql.results.graph.entity.internal.EntityAssembler@5d717f19
[DEBUG] 2026-10-07 14:34:12.033 [main] results - Extracted JDBC value [0] - [5]
[DEBUG] 2026-10-07 14:34:12.033 [main] entity - (EntityResultInitializer) Hydrated EntityKey (com.magMan.entity.Card(6499421231235)): 5
[DEBUG] 2026-10-07 14:34:12.033 [main] entity - (EntityResultInitializer) Created new entity instance [com.magMan.entity.Card(6499421231235)#5] : 2099793685
[DEBUG] 2026-10-07 14:34:12.033 [main] results - Extracted JDBC value [1] - [3]
[DEBUG] 2026-10-07 14:34:12.033 [main] results - Extracted JDBC value [2] - [Tinker]
[DEBUG] 2026-10-07 14:34:12.034 [main] results - Extracted JDBC value [3] - [10]
[DEBUG] 2026-10-07 14:34:12.034 [main] results - Extracted JDBC value [4] - [Sorcery]
[DEBUG] 2026-10-07 14:34:12.034 [main] entity - (EntityResultInitializer) Done materializing entityInstance : com.magMan.entity.Card(6499421231235)#5
[DEBUG] 2026-10-07 14:34:12.034 [main] loading - Calling top-level assembler (0 / 1) : org.hibernate.sql.results.graph.entity.internal.EntityAssembler@5d717f19
[DEBUG] 2026-10-07 14:34:12.034 [main] results - Extracted JDBC value [0] - [6]
[DEBUG] 2026-10-07 14:34:12.034 [main] entity - (EntityResultInitializer) Hydrated EntityKey (com.magMan.entity.Card(6499421231235)): 6
[DEBUG] 2026-10-07 14:34:12.034 [main] entity - (EntityResultInitializer) Created new entity instance [com.magMan.entity.Card(6499421231235)#6] : 1153152966
[DEBUG] 2026-10-07 14:34:12.034 [main] results - Extracted JDBC value [1] - [10]
[DEBUG] 2026-10-07 14:34:12.034 [main] results - Extracted JDBC value [2] - [Omniscience]
[DEBUG] 2026-10-07 14:34:12.034 [main] results - Extracted JDBC value [3] - [2]
[DEBUG] 2026-10-07 14:34:12.034 [main] results - Extracted JDBC value [4] - [Enchantment]
[DEBUG] 2026-10-07 14:34:12.037 [main] entity - (EntityResultInitializer) Done materializing entityInstance : com.magMan.entity.Card(6499421231235)#6
[DEBUG] 2026-10-07 14:34:12.037 [main] loading - Calling top-level assembler (0 / 1) : org.hibernate.sql.results.graph.entity.internal.EntityAssembler@5d717f19
[DEBUG] 2026-10-07 14:34:12.037 [main] results - Extracted JDBC value [0] - [7]
[DEBUG] 2026-10-07 14:34:12.037 [main] entity - (EntityResultInitializer) Hydrated EntityKey (com.magMan.entity.Card(6499421231235)): 7
[DEBUG] 2026-10-07 14:34:12.037 [main] entity - (EntityResultInitializer) Created new entity instance [com.magMan.entity.Card(6499421231235)#7] : 591589887
[DEBUG] 2026-10-07 14:34:12.038 [main] results - Extracted JDBC value [1] - [4]
[DEBUG] 2026-10-07 14:34:12.038 [main] results - Extracted JDBC value [2] - [Jace, Wielder of Mysteries]
[DEBUG] 2026-10-07 14:34:12.038 [main] results - Extracted JDBC value [3] - [1]
[DEBUG] 2026-10-07 14:34:12.038 [main] results - Extracted JDBC value [4] - [Planeswalker]
[DEBUG] 2026-10-07 14:34:12.038 [main] entity - (EntityResultInitializer) Done materializing entityInstance : com.magMan.entity.Card(6499421231235)#7
[DEBUG] 2026-10-07 14:34:12.038 [main] loading - Calling top-level assembler (0 / 1) : org.hibernate.sql.results.graph.entity.internal.EntityAssembler@5d717f19
[DEBUG] 2026-10-07 14:34:12.038 [main] results - Extracted JDBC value [0] - [8]
[DEBUG] 2026-10-07 14:34:12.038 [main] entity - (EntityResultInitializer) Hydrated EntityKey (com.magMan.entity.Card(6499421231235)): 8
[DEBUG] 2026-10-07 14:34:12.038 [main] entity - (EntityResultInitializer) Created new entity instance [com.magMan.entity.Card(6499421231235)#8] : 855894174
[DEBUG] 2026-10-07 14:34:12.038 [main] results - Extracted JDBC value [1] - [0]
[DEBUG] 2026-10-07 14:34:12.038 [main] results - Extracted JDBC value [2] - [Welding Jar]
[DEBUG] 2026-10-07 14:34:12.038 [main] results - Extracted JDBC value [3] - [8]
[DEBUG] 2026-10-07 14:34:12.038 [main] results - Extracted JDBC value [4] - [Artifact]
[DEBUG] 2026-10-07 14:34:12.038 [main] entity - (EntityResultInitializer) Done materializing entityInstance : com.magMan.entity.Card(6499421231235)#8
[DEBUG] 2026-10-07 14:34:12.038 [main] loading - Calling top-level assembler (0 / 1) : org.hibernate.sql.results.graph.entity.internal.EntityAssembler@5d717f19
[DEBUG] 2026-10-07 14:34:12.039 [main] LogicalConnectionManagedImpl - Initiating JDBC connection release from afterTransaction
[DEBUG] 2026-10-07 14:34:12.042 [main] LogicalConnectionManagedImpl - Initiating JDBC connection release from afterTransaction
[DEBUG] 2026-10-07 14:34:12.191 [main] create - Created new SQL alias : c1_0
[DEBUG] 2026-10-07 14:34:12.192 [main] create - Registration of TableGroup [StandardTableGroup(com.magMan.entity.Card(6499715365179))] with identifierForTableGroup [com.magMan.entity.Card] for NavigablePath [com.magMan.entity.Card] 
[DEBUG] 2026-10-07 14:34:12.196 [main] BaseSqmToSqlAstConverter - Determining mapping-model type for SqmParameter : org.hibernate.query.sqm.tree.expression.SqmJpaCriteriaParameterWrapper@6736f40f
[DEBUG] 2026-10-07 14:34:12.196 [main] BaseSqmToSqlAstConverter - Determining mapping-model type for SqmPath : SqmBasicValuedSimplePath(com.magMan.entity.Card(6499715365179).cardName) 
[DEBUG] 2026-10-07 14:34:12.200 [main] AST - DomainResult Graph:
 \-EntityResultImpl [com.magMan.entity.Card(6499715365179)]
 |  +-BasicFetch [com.magMan.entity.Card(6499715365179).cardCmc]
 |  +-BasicFetch [com.magMan.entity.Card(6499715365179).cardName]
 |  +-BasicFetch [com.magMan.entity.Card(6499715365179).cardQuantity]
 |  \-BasicFetch [com.magMan.entity.Card(6499715365179).cardType]

[DEBUG] 2026-10-07 14:34:12.200 [main] tree - SQL AST Tree:
    SelectStatement {
      FromClause {
        StandardTableGroup (c1 : com.magMan.entity.Card(6499715365179)) {
          primaryTableReference : cards as c1_0
        }
      }
    }

[DEBUG] 2026-10-07 14:34:12.201 [main] exec - Skipping reading Query result cache data: cache-enabled = false, cache-mode = NORMAL
[DEBUG] 2026-10-07 14:34:12.201 [main] results - Initializer list:
	  com.magMan.entity.Card(6499715365179) -> EntityResultInitializer(com.magMan.entity.Card(6499715365179))@356318598 (SingleTableEntityPersister(com.magMan.entity.Card))

[DEBUG] 2026-10-07 14:34:12.201 [main] SQL - select c1_0.id,c1_0.cardCmc,c1_0.cardName,c1_0.cardQuantity,c1_0.cardType from cards c1_0 where c1_0.cardName=?
[DEBUG] 2026-10-07 14:34:12.205 [main] results - Extracted JDBC value [0] - [7]
[DEBUG] 2026-10-07 14:34:12.206 [main] entity - (EntityResultInitializer) Hydrated EntityKey (com.magMan.entity.Card(6499715365179)): 7
[DEBUG] 2026-10-07 14:34:12.206 [main] entity - (EntityResultInitializer) Created new entity instance [com.magMan.entity.Card(6499715365179)#7] : 392377326
[DEBUG] 2026-10-07 14:34:12.207 [main] results - Extracted JDBC value [1] - [4]
[DEBUG] 2026-10-07 14:34:12.207 [main] results - Extracted JDBC value [2] - [Jace, Wielder of Mysteries]
[DEBUG] 2026-10-07 14:34:12.207 [main] results - Extracted JDBC value [3] - [1]
[DEBUG] 2026-10-07 14:34:12.207 [main] results - Extracted JDBC value [4] - [Planeswalker]
[DEBUG] 2026-10-07 14:34:12.207 [main] entity - (EntityResultInitializer) Done materializing entityInstance : com.magMan.entity.Card(6499715365179)#7
[DEBUG] 2026-10-07 14:34:12.207 [main] loading - Calling top-level assembler (0 / 1) : org.hibernate.sql.results.graph.entity.internal.EntityAssembler@18e6b72b
[DEBUG] 2026-10-07 14:34:12.210 [main] LogicalConnectionManagedImpl - Initiating JDBC connection release from afterTransaction
[DEBUG] 2026-10-07 14:34:12.219 [main] LogicalConnectionManagedImpl - Initiating JDBC connection release from afterTransaction
[DEBUG] 2026-10-07 14:34:12.345 [main] create - Created new SQL alias : c1_0
[DEBUG] 2026-10-07 14:34:12.345 [main] create - Registration of TableGroup [StandardTableGroup(com.magMan.entity.Card(6499873329060))] with identifierForTableGroup [com.magMan.entity.Card] for NavigablePath [com.magMan.entity.Card] 
[DEBUG] 2026-10-07 14:34:12.346 [main] BaseSqmToSqlAstConverter - Determining mapping-model type for SqmParameter : org.hibernate.query.sqm.tree.expression.SqmJpaCriteriaParameterWrapper@77cddc0c
[DEBUG] 2026-10-07 14:34:12.346 [main] BaseSqmToSqlAstConverter - Determining mapping-model type for SqmPath : SqmBasicValuedSimplePath(com.magMan.entity.Card(6499873329060).cardName) 
[DEBUG] 2026-10-07 14:34:12.347 [main] AST - DomainResult Graph:
 \-EntityResultImpl [com.magMan.entity.Card(6499873329060)]
 |  +-BasicFetch [com.magMan.entity.Card(6499873329060).cardCmc]
 |  +-BasicFetch [com.magMan.entity.Card(6499873329060).cardName]
 |  +-BasicFetch [com.magMan.entity.Card(6499873329060).cardQuantity]
 |  \-BasicFetch [com.magMan.entity.Card(6499873329060).cardType]

[DEBUG] 2026-10-07 14:34:12.347 [main] tree - SQL AST Tree:
    SelectStatement {
      FromClause {
        StandardTableGroup (c1 : com.magMan.entity.Card(6499873329060)) {
          primaryTableReference : cards as c1_0
        }
      }
    }

[DEBUG] 2026-10-07 14:34:12.347 [main] exec - Skipping reading Query result cache data: cache-enabled = false, cache-mode = NORMAL
[DEBUG] 2026-10-07 14:34:12.347 [main] results - Initializer list:
	  com.magMan.entity.Card(6499873329060) -> EntityResultInitializer(com.magMan.entity.Card(6499873329060))@490567348 (SingleTableEntityPersister(com.magMan.entity.Card))

[DEBUG] 2026-10-07 14:34:12.347 [main] SQL - select c1_0.id,c1_0.cardCmc,c1_0.cardName,c1_0.cardQuantity,c1_0.cardType from cards c1_0 where c1_0.cardName like replace(?,'\\','\\\\')
[DEBUG] 2026-10-07 14:34:12.350 [main] results - Extracted JDBC value [0] - [2]
[DEBUG] 2026-10-07 14:34:12.350 [main] entity - (EntityResultInitializer) Hydrated EntityKey (com.magMan.entity.Card(6499873329060)): 2
[DEBUG] 2026-10-07 14:34:12.350 [main] entity - (EntityResultInitializer) Created new entity instance [com.magMan.entity.Card(6499873329060)#2] : 293786079
[DEBUG] 2026-10-07 14:34:12.350 [main] results - Extracted JDBC value [1] - [1]
[DEBUG] 2026-10-07 14:34:12.351 [main] results - Extracted JDBC value [2] - [Sol Ring]
[DEBUG] 2026-10-07 14:34:12.351 [main] results - Extracted JDBC value [3] - [20]
[DEBUG] 2026-10-07 14:34:12.351 [main] results - Extracted JDBC value [4] - [Artifact]
[DEBUG] 2026-10-07 14:34:12.351 [main] entity - (EntityResultInitializer) Done materializing entityInstance : com.magMan.entity.Card(6499873329060)#2
[DEBUG] 2026-10-07 14:34:12.351 [main] loading - Calling top-level assembler (0 / 1) : org.hibernate.sql.results.graph.entity.internal.EntityAssembler@31c7c281
[DEBUG] 2026-10-07 14:34:12.351 [main] results - Extracted JDBC value [0] - [5]
[DEBUG] 2026-10-07 14:34:12.351 [main] entity - (EntityResultInitializer) Hydrated EntityKey (com.magMan.entity.Card(6499873329060)): 5
[DEBUG] 2026-10-07 14:34:12.351 [main] entity - (EntityResultInitializer) Created new entity instance [com.magMan.entity.Card(6499873329060)#5] : 838015776
[DEBUG] 2026-10-07 14:34:12.351 [main] results - Extracted JDBC value [1] - [3]
[DEBUG] 2026-10-07 14:34:12.351 [main] results - Extracted JDBC value [2] - [Tinker]
[DEBUG] 2026-10-07 14:34:12.351 [main] results - Extracted JDBC value [3] - [10]
[DEBUG] 2026-10-07 14:34:12.351 [main] results - Extracted JDBC value [4] - [Sorcery]
[DEBUG] 2026-10-07 14:34:12.352 [main] entity - (EntityResultInitializer) Done materializing entityInstance : com.magMan.entity.Card(6499873329060)#5
[DEBUG] 2026-10-07 14:34:12.352 [main] loading - Calling top-level assembler (0 / 1) : org.hibernate.sql.results.graph.entity.internal.EntityAssembler@31c7c281
[DEBUG] 2026-10-07 14:34:12.352 [main] results - Extracted JDBC value [0] - [8]
[DEBUG] 2026-10-07 14:34:12.352 [main] entity - (EntityResultInitializer) Hydrated EntityKey (com.magMan.entity.Card(6499873329060)): 8
[DEBUG] 2026-10-07 14:34:12.355 [main] entity - (EntityResultInitializer) Created new entity instance [com.magMan.entity.Card(6499873329060)#8] : 1281325903
[DEBUG] 2026-10-07 14:34:12.356 [main] results - Extracted JDBC value [1] - [0]
[DEBUG] 2026-10-07 14:34:12.356 [main] results - Extracted JDBC value [2] - [Welding Jar]
[DEBUG] 2026-10-07 14:34:12.356 [main] results - Extracted JDBC value [3] - [8]
[DEBUG] 2026-10-07 14:34:12.356 [main] results - Extracted JDBC value [4] - [Artifact]
[DEBUG] 2026-10-07 14:34:12.356 [main] entity - (EntityResultInitializer) Done materializing entityInstance : com.magMan.entity.Card(6499873329060)#8
[DEBUG] 2026-10-07 14:34:12.357 [main] loading - Calling top-level assembler (0 / 1) : org.hibernate.sql.results.graph.entity.internal.EntityAssembler@31c7c281
[DEBUG] 2026-10-07 14:34:12.357 [main] LogicalConnectionManagedImpl - Initiating JDBC connection release from afterTransaction
[DEBUG] 2026-10-07 14:34:12.359 [main] LogicalConnectionManagedImpl - Initiating JDBC connection release from afterTransaction
[DEBUG] 2026-10-07 14:34:12.513 [main] exec - Skipping reading Query result cache data: cache-enabled = false, cache-mode = IGNORE
[DEBUG] 2026-10-07 14:34:12.514 [main] results - Initializer list:
	  com.magMan.entity.Card -> EntityResultInitializer(com.magMan.entity.Card)@1837858473 (SingleTableEntityPersister(com.magMan.entity.Card))

[DEBUG] 2026-10-07 14:34:12.514 [main] SQL - select c1_0.id,c1_0.cardCmc,c1_0.cardName,c1_0.cardQuantity,c1_0.cardType from cards c1_0 where c1_0.id=?
[DEBUG] 2026-10-07 14:34:12.522 [main] entity - (EntityResultInitializer) Hydrated EntityKey (com.magMan.entity.Card): 1
[DEBUG] 2026-10-07 14:34:12.522 [main] entity - (EntityResultInitializer) Created new entity instance [com.magMan.entity.Card#1] : 663741480
[DEBUG] 2026-10-07 14:34:12.522 [main] results - Extracted JDBC value [1] - [2]
[DEBUG] 2026-10-07 14:34:12.522 [main] results - Extracted JDBC value [2] - [Counterspell]
[DEBUG] 2026-10-07 14:34:12.522 [main] results - Extracted JDBC value [3] - [20]
[DEBUG] 2026-10-07 14:34:12.522 [main] results - Extracted JDBC value [4] - [Instant]
[DEBUG] 2026-10-07 14:34:12.524 [main] entity - (EntityResultInitializer) Done materializing entityInstance : com.magMan.entity.Card#1
[DEBUG] 2026-10-07 14:34:12.524 [main] loading - Calling top-level assembler (0 / 1) : org.hibernate.sql.results.graph.entity.internal.EntityAssembler@3b4bd341
[DEBUG] 2026-10-07 14:34:12.525 [main] LogicalConnectionManagedImpl - Initiating JDBC connection release from afterTransaction
[DEBUG] 2026-10-07 14:34:12.600 [main] exec - Skipping reading Query result cache data: cache-enabled = false, cache-mode = IGNORE
[DEBUG] 2026-10-07 14:34:12.601 [main] results - Initializer list:
	  com.magMan.entity.Card -> EntityResultInitializer(com.magMan.entity.Card)@1931327807 (SingleTableEntityPersister(com.magMan.entity.Card))

[DEBUG] 2026-10-07 14:34:12.603 [main] SQL - select c1_0.id,c1_0.cardCmc,c1_0.cardName,c1_0.cardQuantity,c1_0.cardType from cards c1_0 where c1_0.id=?
[DEBUG] 2026-10-07 14:34:12.605 [main] entity - (EntityResultInitializer) Hydrated EntityKey (com.magMan.entity.Card): 1
[DEBUG] 2026-10-07 14:34:12.606 [main] entity - (EntityResultInitializer) Created new entity instance [com.magMan.entity.Card#1] : 261849385
[DEBUG] 2026-10-07 14:34:12.606 [main] results - Extracted JDBC value [1] - [2]
[DEBUG] 2026-10-07 14:34:12.607 [main] results - Extracted JDBC value [2] - [Counterspell]
[DEBUG] 2026-10-07 14:34:12.607 [main] results - Extracted JDBC value [3] - [20]
[DEBUG] 2026-10-07 14:34:12.607 [main] results - Extracted JDBC value [4] - [Instant]
[DEBUG] 2026-10-07 14:34:12.608 [main] entity - (EntityResultInitializer) Done materializing entityInstance : com.magMan.entity.Card#1
[DEBUG] 2026-10-07 14:34:12.608 [main] loading - Calling top-level assembler (0 / 1) : org.hibernate.sql.results.graph.entity.internal.EntityAssembler@7530090a
[DEBUG] 2026-10-07 14:34:12.608 [main] LogicalConnectionManagedImpl - Initiating JDBC connection release from afterTransaction
[DEBUG] 2026-10-07 14:34:12.610 [main] TransactionImpl - On TransactionImpl creation, JpaCompliance#isJpaTransactionComplianceEnabled == false
[DEBUG] 2026-10-07 14:34:12.610 [main] TransactionImpl - begin
[DEBUG] 2026-10-07 14:34:12.618 [main] create - Created new SQL alias : c1_0
[DEBUG] 2026-10-07 14:34:12.618 [main] create - Registration of TableGroup [StandardTableGroup(com.magMan.entity.Card)] with identifierForTableGroup [com.magMan.entity.Card] for NavigablePath [com.magMan.entity.Card] 
[DEBUG] 2026-10-07 14:34:12.620 [main] AST - DomainResult Graph:
 \-EntityResultImpl [com.magMan.entity.Card]
 |  +-BasicFetch [com.magMan.entity.Card.cardCmc]
 |  +-BasicFetch [com.magMan.entity.Card.cardName]
 |  +-BasicFetch [com.magMan.entity.Card.cardQuantity]
 |  \-BasicFetch [com.magMan.entity.Card.cardType]

[DEBUG] 2026-10-07 14:34:12.620 [main] tree - SQL AST Tree:
    SelectStatement {
      FromClause {
        StandardTableGroup (c1 : com.magMan.entity.Card) {
          primaryTableReference : cards as c1_0
        }
      }
    }

[DEBUG] 2026-10-07 14:34:12.621 [main] exec - Skipping reading Query result cache data: cache-enabled = false, cache-mode = IGNORE
[DEBUG] 2026-10-07 14:34:12.621 [main] results - Initializer list:
	  com.magMan.entity.Card -> EntityResultInitializer(com.magMan.entity.Card)@2118050088 (SingleTableEntityPersister(com.magMan.entity.Card))

[DEBUG] 2026-10-07 14:34:12.621 [main] SQL - select c1_0.id,c1_0.cardCmc,c1_0.cardName,c1_0.cardQuantity,c1_0.cardType from cards c1_0 where c1_0.id=?
[DEBUG] 2026-10-07 14:34:12.623 [main] entity - (EntityResultInitializer) Hydrated EntityKey (com.magMan.entity.Card): 1
[DEBUG] 2026-10-07 14:34:12.623 [main] entity - (EntityResultInitializer) Created new entity instance [com.magMan.entity.Card#1] : 2111069331
[DEBUG] 2026-10-07 14:34:12.624 [main] results - Extracted JDBC value [1] - [2]
[DEBUG] 2026-10-07 14:34:12.624 [main] results - Extracted JDBC value [2] - [Counterspell]
[DEBUG] 2026-10-07 14:34:12.624 [main] results - Extracted JDBC value [3] - [20]
[DEBUG] 2026-10-07 14:34:12.624 [main] results - Extracted JDBC value [4] - [Instant]
[DEBUG] 2026-10-07 14:34:12.624 [main] entity - (EntityResultInitializer) Done materializing entityInstance : com.magMan.entity.Card#1
[DEBUG] 2026-10-07 14:34:12.624 [main] loading - Calling top-level assembler (0 / 1) : org.hibernate.sql.results.graph.entity.internal.EntityAssembler@374b6e33
[DEBUG] 2026-10-07 14:34:12.625 [main] TransactionImpl - committing
[DEBUG] 2026-10-07 14:34:12.625 [main] AbstractFlushingEventListener - Processing flush-time cascades
[DEBUG] 2026-10-07 14:34:12.625 [main] AbstractFlushingEventListener - Dirty checking collections
[DEBUG] 2026-10-07 14:34:12.631 [main] AbstractFlushingEventListener - Flushed: 0 insertions, 1 updates, 0 deletions to 1 objects
[DEBUG] 2026-10-07 14:34:12.632 [main] AbstractFlushingEventListener - Flushed: 0 (re)creations, 0 updates, 0 removals to 0 collections
[DEBUG] 2026-10-07 14:34:12.632 [main] EntityPrinter - Listing entities:
[DEBUG] 2026-10-07 14:34:12.632 [main] EntityPrinter - com.magMan.entity.Card{cardName=FakeCardName, cardQuantity=20, cardType=Instant, cardCmc=2, id=1}
[DEBUG] 2026-10-07 14:34:12.639 [main] SQL - update cards set cardCmc=?,cardName=?,cardQuantity=?,cardType=? where id=?
[DEBUG] 2026-10-07 14:34:12.647 [main] LogicalConnectionManagedImpl - Initiating JDBC connection release from afterTransaction
[DEBUG] 2026-10-07 14:34:12.647 [main] LogicalConnectionManagedImpl - Initiating JDBC connection release from afterTransaction
[DEBUG] 2026-10-07 14:34:12.649 [main] exec - Skipping reading Query result cache data: cache-enabled = false, cache-mode = IGNORE
[DEBUG] 2026-10-07 14:34:12.650 [main] results - Initializer list:
	  com.magMan.entity.Card -> EntityResultInitializer(com.magMan.entity.Card)@201213864 (SingleTableEntityPersister(com.magMan.entity.Card))

[DEBUG] 2026-10-07 14:34:12.650 [main] SQL - select c1_0.id,c1_0.cardCmc,c1_0.cardName,c1_0.cardQuantity,c1_0.cardType from cards c1_0 where c1_0.id=?
[DEBUG] 2026-10-07 14:34:12.651 [main] entity - (EntityResultInitializer) Hydrated EntityKey (com.magMan.entity.Card): 1
[DEBUG] 2026-10-07 14:34:12.652 [main] entity - (EntityResultInitializer) Created new entity instance [com.magMan.entity.Card#1] : 675100200
[DEBUG] 2026-10-07 14:34:12.652 [main] results - Extracted JDBC value [1] - [2]
[DEBUG] 2026-10-07 14:34:12.652 [main] results - Extracted JDBC value [2] - [FakeCardName]
[DEBUG] 2026-10-07 14:34:12.652 [main] results - Extracted JDBC value [3] - [20]
[DEBUG] 2026-10-07 14:34:12.652 [main] results - Extracted JDBC value [4] - [Instant]
[DEBUG] 2026-10-07 14:34:12.652 [main] entity - (EntityResultInitializer) Done materializing entityInstance : com.magMan.entity.Card#1
[DEBUG] 2026-10-07 14:34:12.652 [main] loading - Calling top-level assembler (0 / 1) : org.hibernate.sql.results.graph.entity.internal.EntityAssembler@5b3518e1
[DEBUG] 2026-10-07 14:34:12.652 [main] LogicalConnectionManagedImpl - Initiating JDBC connection release from afterTransaction
[DEBUG] 2026-10-07 14:34:12.736 [main] TransactionImpl - On TransactionImpl creation, JpaCompliance#isJpaTransactionComplianceEnabled == false
[DEBUG] 2026-10-07 14:34:12.736 [main] TransactionImpl - begin
[DEBUG] 2026-10-07 14:34:12.753 [main] ActionQueue - Executing identity-insert immediately
[DEBUG] 2026-10-07 14:34:12.757 [main] SQL - insert into cards (cardCmc,cardName,cardQuantity,cardType) values (?,?,?,?)
[DEBUG] 2026-10-07 14:34:12.773 [main] IdentifierGeneratorHelper - Natively generated identity (com.magMan.entity.Card) : 9
[DEBUG] 2026-10-07 14:34:12.776 [main] ResourceRegistryStandardImpl - HHH000387: ResultSet's statement was not registered
[DEBUG] 2026-10-07 14:34:12.787 [main] ResourceRegistryStandardImpl - Exception clearing maxRows/queryTimeout [You can't operate on a closed Statement!!!]
[DEBUG] 2026-10-07 14:34:12.790 [main] TransactionImpl - committing
[DEBUG] 2026-10-07 14:34:12.790 [main] AbstractFlushingEventListener - Processing flush-time cascades
[DEBUG] 2026-10-07 14:34:12.791 [main] AbstractFlushingEventListener - Dirty checking collections
[DEBUG] 2026-10-07 14:34:12.791 [main] AbstractFlushingEventListener - Flushed: 0 insertions, 0 updates, 0 deletions to 1 objects
[DEBUG] 2026-10-07 14:34:12.791 [main] AbstractFlushingEventListener - Flushed: 0 (re)creations, 0 updates, 0 removals to 0 collections
[DEBUG] 2026-10-07 14:34:12.791 [main] EntityPrinter - Listing entities:
[DEBUG] 2026-10-07 14:34:12.792 [main] EntityPrinter - com.magMan.entity.Card{cardName=Static Orb, cardQuantity=1, cardType=Artifact, cardCmc=3, id=9}
[DEBUG] 2026-10-07 14:34:12.795 [main] LogicalConnectionManagedImpl - Initiating JDBC connection release from afterTransaction
[DEBUG] 2026-10-07 14:34:12.796 [main] LogicalConnectionManagedImpl - Initiating JDBC connection release from afterTransaction
[DEBUG] 2026-10-07 14:34:12.798 [main] exec - Skipping reading Query result cache data: cache-enabled = false, cache-mode = IGNORE
[DEBUG] 2026-10-07 14:34:12.799 [main] results - Initializer list:
	  com.magMan.entity.Card -> EntityResultInitializer(com.magMan.entity.Card)@1467981309 (SingleTableEntityPersister(com.magMan.entity.Card))

[DEBUG] 2026-10-07 14:34:12.799 [main] SQL - select c1_0.id,c1_0.cardCmc,c1_0.cardName,c1_0.cardQuantity,c1_0.cardType from cards c1_0 where c1_0.id=?
[DEBUG] 2026-10-07 14:34:12.803 [main] entity - (EntityResultInitializer) Hydrated EntityKey (com.magMan.entity.Card): 9
[DEBUG] 2026-10-07 14:34:12.804 [main] entity - (EntityResultInitializer) Created new entity instance [com.magMan.entity.Card#9] : 1495931010
[DEBUG] 2026-10-07 14:34:12.804 [main] results - Extracted JDBC value [1] - [3]
[DEBUG] 2026-10-07 14:34:12.804 [main] results - Extracted JDBC value [2] - [Static Orb]
[DEBUG] 2026-10-07 14:34:12.804 [main] results - Extracted JDBC value [3] - [1]
[DEBUG] 2026-10-07 14:34:12.804 [main] results - Extracted JDBC value [4] - [Artifact]
[DEBUG] 2026-10-07 14:34:12.804 [main] entity - (EntityResultInitializer) Done materializing entityInstance : com.magMan.entity.Card#9
[DEBUG] 2026-10-07 14:34:12.804 [main] loading - Calling top-level assembler (0 / 1) : org.hibernate.sql.results.graph.entity.internal.EntityAssembler@48368a08
[DEBUG] 2026-10-07 14:34:12.805 [main] LogicalConnectionManagedImpl - Initiating JDBC connection release from afterTransaction
