[DEBUG] 2026-10-10 17:59:38.273 [main] IntegratorServiceImpl - Adding Integrator [org.hibernate.boot.beanvalidation.BeanValidationIntegrator].
[DEBUG] 2026-10-10 17:59:38.281 [main] IntegratorServiceImpl - Adding Integrator [org.hibernate.cache.internal.CollectionCacheInvalidator].
[INFO ] 2026-10-10 17:59:38.308 [main] Version - HHH000412: Hibernate ORM core version 6.4.3.Final
[DEBUG] 2026-10-10 17:59:38.309 [main] Environment - HHH000206: 'hibernate.properties' not found
[DEBUG] 2026-10-10 17:59:38.415 [main] LocalXmlResourceResolver - Checking public/system identifiers `-//Hibernate/Hibernate Configuration DTD//EN`/`http://www.hibernate.org/dtd/hibernate-configuration-3.0.dtd` as DTD references
[DEBUG] 2026-10-10 17:59:38.431 [main] JaxbCfgProcessor - cfg.xml document did not define namespaces; wrapping in custom event reader to introduce namespace information
[DEBUG] 2026-10-10 17:59:38.755 [main] factory - Ignoring CDI for resolving IdentifierGenerator instances as extended or delayed CDI support was enabled
[DEBUG] 2026-10-10 17:59:38.761 [main] factory - Registering IdentifierGenerator strategy [uuid2] -> [org.hibernate.id.UUIDGenerator]
[DEBUG] 2026-10-10 17:59:38.764 [main] factory - Registering IdentifierGenerator strategy [guid] -> [org.hibernate.id.GUIDGenerator]
[DEBUG] 2026-10-10 17:59:38.764 [main] factory - Registering IdentifierGenerator strategy [uuid] -> [org.hibernate.id.UUIDHexGenerator]
[DEBUG] 2026-10-10 17:59:38.764 [main] factory - Registering IdentifierGenerator strategy [uuid.hex] -> [org.hibernate.id.UUIDHexGenerator]
[DEBUG] 2026-10-10 17:59:38.765 [main] factory - Registering IdentifierGenerator strategy [assigned] -> [org.hibernate.id.Assigned]
[DEBUG] 2026-10-10 17:59:38.765 [main] factory - Registering IdentifierGenerator strategy [identity] -> [org.hibernate.id.IdentityGenerator]
[DEBUG] 2026-10-10 17:59:38.766 [main] factory - Registering IdentifierGenerator strategy [select] -> [org.hibernate.id.SelectGenerator]
[DEBUG] 2026-10-10 17:59:38.767 [main] factory - Registering IdentifierGenerator strategy [sequence] -> [org.hibernate.id.enhanced.SequenceStyleGenerator]
[DEBUG] 2026-10-10 17:59:38.768 [main] factory - Registering IdentifierGenerator strategy [increment] -> [org.hibernate.id.IncrementGenerator]
[DEBUG] 2026-10-10 17:59:38.768 [main] factory - Registering IdentifierGenerator strategy [foreign] -> [org.hibernate.id.ForeignGenerator]
[DEBUG] 2026-10-10 17:59:38.769 [main] factory - Registering IdentifierGenerator strategy [enhanced-sequence] -> [org.hibernate.id.enhanced.SequenceStyleGenerator]
[DEBUG] 2026-10-10 17:59:38.770 [main] factory - Registering IdentifierGenerator strategy [enhanced-table] -> [org.hibernate.id.enhanced.TableGenerator]
[DEBUG] 2026-10-10 17:59:38.786 [main] RegionFactoryInitiator - Cannot default RegionFactory based on registered strategies as `[]` RegionFactory strategies were registered
[INFO ] 2026-10-10 17:59:38.787 [main] RegionFactoryInitiator - HHH000026: Second-level cache disabled
[DEBUG] 2026-10-10 17:59:38.875 [main] BasicTypeRegistry - Adding type registration boolean -> org.hibernate.type.BasicTypeReference@5833f5cd
[DEBUG] 2026-10-10 17:59:38.875 [main] BasicTypeRegistry - Adding type registration boolean -> org.hibernate.type.BasicTypeReference@5833f5cd
[DEBUG] 2026-10-10 17:59:38.875 [main] BasicTypeRegistry - Adding type registration java.lang.Boolean -> org.hibernate.type.BasicTypeReference@5833f5cd
[DEBUG] 2026-10-10 17:59:38.876 [main] BasicTypeRegistry - Adding type registration numeric_boolean -> org.hibernate.type.BasicTypeReference@10fbbdb
[DEBUG] 2026-10-10 17:59:38.876 [main] BasicTypeRegistry - Adding type registration org.hibernate.type.NumericBooleanConverter -> org.hibernate.type.BasicTypeReference@10fbbdb
[DEBUG] 2026-10-10 17:59:38.876 [main] BasicTypeRegistry - Adding type registration true_false -> org.hibernate.type.BasicTypeReference@23f3dbf0
[DEBUG] 2026-10-10 17:59:38.877 [main] BasicTypeRegistry - Adding type registration org.hibernate.type.TrueFalseConverter -> org.hibernate.type.BasicTypeReference@23f3dbf0
[DEBUG] 2026-10-10 17:59:38.877 [main] BasicTypeRegistry - Adding type registration yes_no -> org.hibernate.type.BasicTypeReference@31d6f3fe
[DEBUG] 2026-10-10 17:59:38.877 [main] BasicTypeRegistry - Adding type registration org.hibernate.type.YesNoConverter -> org.hibernate.type.BasicTypeReference@31d6f3fe
[DEBUG] 2026-10-10 17:59:38.877 [main] BasicTypeRegistry - Adding type registration byte -> org.hibernate.type.BasicTypeReference@760cf594
[DEBUG] 2026-10-10 17:59:38.877 [main] BasicTypeRegistry - Adding type registration byte -> org.hibernate.type.BasicTypeReference@760cf594
[DEBUG] 2026-10-10 17:59:38.878 [main] BasicTypeRegistry - Adding type registration java.lang.Byte -> org.hibernate.type.BasicTypeReference@760cf594
[DEBUG] 2026-10-10 17:59:38.878 [main] BasicTypeRegistry - Adding type registration binary -> org.hibernate.type.BasicTypeReference@aa149ed
[DEBUG] 2026-10-10 17:59:38.878 [main] BasicTypeRegistry - Adding type registration byte[] -> org.hibernate.type.BasicTypeReference@aa149ed
[DEBUG] 2026-10-10 17:59:38.878 [main] BasicTypeRegistry - Adding type registration [B -> org.hibernate.type.BasicTypeReference@aa149ed
[DEBUG] 2026-10-10 17:59:38.878 [main] BasicTypeRegistry - Adding type registration binary_wrapper -> org.hibernate.type.BasicTypeReference@37303f12
[DEBUG] 2026-10-10 17:59:38.878 [main] BasicTypeRegistry - Adding type registration wrapper-binary -> org.hibernate.type.BasicTypeReference@37303f12
[DEBUG] 2026-10-10 17:59:38.878 [main] BasicTypeRegistry - Adding type registration image -> org.hibernate.type.BasicTypeReference@31ff6309
[DEBUG] 2026-10-10 17:59:38.878 [main] BasicTypeRegistry - Adding type registration blob -> org.hibernate.type.BasicTypeReference@204e90f7
[DEBUG] 2026-10-10 17:59:38.878 [main] BasicTypeRegistry - Adding type registration java.sql.Blob -> org.hibernate.type.BasicTypeReference@204e90f7
[DEBUG] 2026-10-10 17:59:38.878 [main] BasicTypeRegistry - Adding type registration materialized_blob -> org.hibernate.type.BasicTypeReference@20a05b32
[DEBUG] 2026-10-10 17:59:38.879 [main] BasicTypeRegistry - Adding type registration materialized_blob_wrapper -> org.hibernate.type.BasicTypeReference@165e389b
[DEBUG] 2026-10-10 17:59:38.879 [main] BasicTypeRegistry - Adding type registration short -> org.hibernate.type.BasicTypeReference@5c73f672
[DEBUG] 2026-10-10 17:59:38.879 [main] BasicTypeRegistry - Adding type registration short -> org.hibernate.type.BasicTypeReference@5c73f672
[DEBUG] 2026-10-10 17:59:38.879 [main] BasicTypeRegistry - Adding type registration java.lang.Short -> org.hibernate.type.BasicTypeReference@5c73f672
[DEBUG] 2026-10-10 17:59:38.880 [main] BasicTypeRegistry - Adding type registration integer -> org.hibernate.type.BasicTypeReference@8ee0c23
[DEBUG] 2026-10-10 17:59:38.880 [main] BasicTypeRegistry - Adding type registration int -> org.hibernate.type.BasicTypeReference@8ee0c23
[DEBUG] 2026-10-10 17:59:38.880 [main] BasicTypeRegistry - Adding type registration java.lang.Integer -> org.hibernate.type.BasicTypeReference@8ee0c23
[DEBUG] 2026-10-10 17:59:38.880 [main] BasicTypeRegistry - Adding type registration long -> org.hibernate.type.BasicTypeReference@2ab5afc7
[DEBUG] 2026-10-10 17:59:38.880 [main] BasicTypeRegistry - Adding type registration long -> org.hibernate.type.BasicTypeReference@2ab5afc7
[DEBUG] 2026-10-10 17:59:38.881 [main] BasicTypeRegistry - Adding type registration java.lang.Long -> org.hibernate.type.BasicTypeReference@2ab5afc7
[DEBUG] 2026-10-10 17:59:38.881 [main] BasicTypeRegistry - Adding type registration float -> org.hibernate.type.BasicTypeReference@4dc8c0ea
[DEBUG] 2026-10-10 17:59:38.881 [main] BasicTypeRegistry - Adding type registration float -> org.hibernate.type.BasicTypeReference@4dc8c0ea
[DEBUG] 2026-10-10 17:59:38.881 [main] BasicTypeRegistry - Adding type registration java.lang.Float -> org.hibernate.type.BasicTypeReference@4dc8c0ea
[DEBUG] 2026-10-10 17:59:38.884 [main] BasicTypeRegistry - Adding type registration double -> org.hibernate.type.BasicTypeReference@e4b6f47
[DEBUG] 2026-10-10 17:59:38.884 [main] BasicTypeRegistry - Adding type registration double -> org.hibernate.type.BasicTypeReference@e4b6f47
[DEBUG] 2026-10-10 17:59:38.884 [main] BasicTypeRegistry - Adding type registration java.lang.Double -> org.hibernate.type.BasicTypeReference@e4b6f47
[DEBUG] 2026-10-10 17:59:38.884 [main] BasicTypeRegistry - Adding type registration big_integer -> org.hibernate.type.BasicTypeReference@763cf5b9
[DEBUG] 2026-10-10 17:59:38.884 [main] BasicTypeRegistry - Adding type registration java.math.BigInteger -> org.hibernate.type.BasicTypeReference@763cf5b9
[DEBUG] 2026-10-10 17:59:38.885 [main] BasicTypeRegistry - Adding type registration big_decimal -> org.hibernate.type.BasicTypeReference@71f0b72e
[DEBUG] 2026-10-10 17:59:38.885 [main] BasicTypeRegistry - Adding type registration java.math.BigDecimal -> org.hibernate.type.BasicTypeReference@71f0b72e
[DEBUG] 2026-10-10 17:59:38.885 [main] BasicTypeRegistry - Adding type registration character -> org.hibernate.type.BasicTypeReference@7a34f66a
[DEBUG] 2026-10-10 17:59:38.886 [main] BasicTypeRegistry - Adding type registration char -> org.hibernate.type.BasicTypeReference@7a34f66a
[DEBUG] 2026-10-10 17:59:38.886 [main] BasicTypeRegistry - Adding type registration java.lang.Character -> org.hibernate.type.BasicTypeReference@7a34f66a
[DEBUG] 2026-10-10 17:59:38.886 [main] BasicTypeRegistry - Adding type registration character_nchar -> org.hibernate.type.BasicTypeReference@2f508f3c
[DEBUG] 2026-10-10 17:59:38.886 [main] BasicTypeRegistry - Adding type registration string -> org.hibernate.type.BasicTypeReference@3ed03652
[DEBUG] 2026-10-10 17:59:38.886 [main] BasicTypeRegistry - Adding type registration java.lang.String -> org.hibernate.type.BasicTypeReference@3ed03652
[DEBUG] 2026-10-10 17:59:38.886 [main] BasicTypeRegistry - Adding type registration nstring -> org.hibernate.type.BasicTypeReference@4aedaf61
[DEBUG] 2026-10-10 17:59:38.886 [main] BasicTypeRegistry - Adding type registration characters -> org.hibernate.type.BasicTypeReference@173797f0
[DEBUG] 2026-10-10 17:59:38.886 [main] BasicTypeRegistry - Adding type registration char[] -> org.hibernate.type.BasicTypeReference@173797f0
[DEBUG] 2026-10-10 17:59:38.886 [main] BasicTypeRegistry - Adding type registration [C -> org.hibernate.type.BasicTypeReference@173797f0
[DEBUG] 2026-10-10 17:59:38.886 [main] BasicTypeRegistry - Adding type registration wrapper-characters -> org.hibernate.type.BasicTypeReference@3c35c345
[DEBUG] 2026-10-10 17:59:38.887 [main] BasicTypeRegistry - Adding type registration text -> org.hibernate.type.BasicTypeReference@3681037
[DEBUG] 2026-10-10 17:59:38.887 [main] BasicTypeRegistry - Adding type registration ntext -> org.hibernate.type.BasicTypeReference@2459319c
[DEBUG] 2026-10-10 17:59:38.887 [main] BasicTypeRegistry - Adding type registration clob -> org.hibernate.type.BasicTypeReference@ffaaaf0
[DEBUG] 2026-10-10 17:59:38.887 [main] BasicTypeRegistry - Adding type registration java.sql.Clob -> org.hibernate.type.BasicTypeReference@ffaaaf0
[DEBUG] 2026-10-10 17:59:38.887 [main] BasicTypeRegistry - Adding type registration nclob -> org.hibernate.type.BasicTypeReference@1dc76fa1
[DEBUG] 2026-10-10 17:59:38.887 [main] BasicTypeRegistry - Adding type registration java.sql.NClob -> org.hibernate.type.BasicTypeReference@1dc76fa1
[DEBUG] 2026-10-10 17:59:38.887 [main] BasicTypeRegistry - Adding type registration materialized_clob -> org.hibernate.type.BasicTypeReference@5eed2d86
[DEBUG] 2026-10-10 17:59:38.887 [main] BasicTypeRegistry - Adding type registration materialized_clob_char_array -> org.hibernate.type.BasicTypeReference@33d53216
[DEBUG] 2026-10-10 17:59:38.887 [main] BasicTypeRegistry - Adding type registration materialized_clob_character_array -> org.hibernate.type.BasicTypeReference@69a2b3b6
[DEBUG] 2026-10-10 17:59:38.887 [main] BasicTypeRegistry - Adding type registration materialized_nclob -> org.hibernate.type.BasicTypeReference@4f3e7344
[DEBUG] 2026-10-10 17:59:38.888 [main] BasicTypeRegistry - Adding type registration materialized_nclob_character_array -> org.hibernate.type.BasicTypeReference@7808f638
[DEBUG] 2026-10-10 17:59:38.888 [main] BasicTypeRegistry - Adding type registration materialized_nclob_char_array -> org.hibernate.type.BasicTypeReference@62d73ead
[DEBUG] 2026-10-10 17:59:38.888 [main] BasicTypeRegistry - Adding type registration Duration -> org.hibernate.type.BasicTypeReference@1e141e42
[DEBUG] 2026-10-10 17:59:38.888 [main] BasicTypeRegistry - Adding type registration java.time.Duration -> org.hibernate.type.BasicTypeReference@1e141e42
[DEBUG] 2026-10-10 17:59:38.889 [main] BasicTypeRegistry - Adding type registration LocalDateTime -> org.hibernate.type.BasicTypeReference@228cea97
[DEBUG] 2026-10-10 17:59:38.889 [main] BasicTypeRegistry - Adding type registration java.time.LocalDateTime -> org.hibernate.type.BasicTypeReference@228cea97
[DEBUG] 2026-10-10 17:59:38.889 [main] BasicTypeRegistry - Adding type registration LocalDate -> org.hibernate.type.BasicTypeReference@1d0a61c8
[DEBUG] 2026-10-10 17:59:38.889 [main] BasicTypeRegistry - Adding type registration java.time.LocalDate -> org.hibernate.type.BasicTypeReference@1d0a61c8
[DEBUG] 2026-10-10 17:59:38.889 [main] BasicTypeRegistry - Adding type registration LocalTime -> org.hibernate.type.BasicTypeReference@46731692
[DEBUG] 2026-10-10 17:59:38.889 [main] BasicTypeRegistry - Adding type registration java.time.LocalTime -> org.hibernate.type.BasicTypeReference@46731692
[DEBUG] 2026-10-10 17:59:38.889 [main] BasicTypeRegistry - Adding type registration OffsetDateTime -> org.hibernate.type.BasicTypeReference@782bf610
[DEBUG] 2026-10-10 17:59:38.890 [main] BasicTypeRegistry - Adding type registration java.time.OffsetDateTime -> org.hibernate.type.BasicTypeReference@782bf610
[DEBUG] 2026-10-10 17:59:38.890 [main] BasicTypeRegistry - Adding type registration OffsetDateTimeWithTimezone -> org.hibernate.type.BasicTypeReference@3db663d0
[DEBUG] 2026-10-10 17:59:38.890 [main] BasicTypeRegistry - Adding type registration OffsetDateTimeWithoutTimezone -> org.hibernate.type.BasicTypeReference@73fc518f
[DEBUG] 2026-10-10 17:59:38.890 [main] BasicTypeRegistry - Adding type registration OffsetTime -> org.hibernate.type.BasicTypeReference@2de50ee4
[DEBUG] 2026-10-10 17:59:38.890 [main] BasicTypeRegistry - Adding type registration java.time.OffsetTime -> org.hibernate.type.BasicTypeReference@2de50ee4
[DEBUG] 2026-10-10 17:59:38.891 [main] BasicTypeRegistry - Adding type registration OffsetTimeUtc -> org.hibernate.type.BasicTypeReference@ad9e63e
[DEBUG] 2026-10-10 17:59:38.891 [main] BasicTypeRegistry - Adding type registration OffsetTimeWithTimezone -> org.hibernate.type.BasicTypeReference@47fbc56
[DEBUG] 2026-10-10 17:59:38.891 [main] BasicTypeRegistry - Adding type registration OffsetTimeWithoutTimezone -> org.hibernate.type.BasicTypeReference@151ef57f
[DEBUG] 2026-10-10 17:59:38.891 [main] BasicTypeRegistry - Adding type registration ZonedDateTime -> org.hibernate.type.BasicTypeReference@10895b16
[DEBUG] 2026-10-10 17:59:38.891 [main] BasicTypeRegistry - Adding type registration java.time.ZonedDateTime -> org.hibernate.type.BasicTypeReference@10895b16
[DEBUG] 2026-10-10 17:59:38.891 [main] BasicTypeRegistry - Adding type registration ZonedDateTimeWithTimezone -> org.hibernate.type.BasicTypeReference@5524b72f
[DEBUG] 2026-10-10 17:59:38.891 [main] BasicTypeRegistry - Adding type registration ZonedDateTimeWithoutTimezone -> org.hibernate.type.BasicTypeReference@2cc03cd1
[DEBUG] 2026-10-10 17:59:38.891 [main] BasicTypeRegistry - Adding type registration date -> org.hibernate.type.BasicTypeReference@4e17913b
[DEBUG] 2026-10-10 17:59:38.892 [main] BasicTypeRegistry - Adding type registration java.sql.Date -> org.hibernate.type.BasicTypeReference@4e17913b
[DEBUG] 2026-10-10 17:59:38.892 [main] BasicTypeRegistry - Adding type registration time -> org.hibernate.type.BasicTypeReference@149c3204
[DEBUG] 2026-10-10 17:59:38.892 [main] BasicTypeRegistry - Adding type registration java.sql.Time -> org.hibernate.type.BasicTypeReference@149c3204
[DEBUG] 2026-10-10 17:59:38.892 [main] BasicTypeRegistry - Adding type registration timestamp -> org.hibernate.type.BasicTypeReference@64f16277
[DEBUG] 2026-10-10 17:59:38.892 [main] BasicTypeRegistry - Adding type registration java.sql.Timestamp -> org.hibernate.type.BasicTypeReference@64f16277
[DEBUG] 2026-10-10 17:59:38.892 [main] BasicTypeRegistry - Adding type registration java.util.Date -> org.hibernate.type.BasicTypeReference@64f16277
[DEBUG] 2026-10-10 17:59:38.892 [main] BasicTypeRegistry - Adding type registration calendar -> org.hibernate.type.BasicTypeReference@497aec8c
[DEBUG] 2026-10-10 17:59:38.893 [main] BasicTypeRegistry - Adding type registration java.util.Calendar -> org.hibernate.type.BasicTypeReference@497aec8c
[DEBUG] 2026-10-10 17:59:38.893 [main] BasicTypeRegistry - Adding type registration java.util.GregorianCalendar -> org.hibernate.type.BasicTypeReference@497aec8c
[DEBUG] 2026-10-10 17:59:38.893 [main] BasicTypeRegistry - Adding type registration calendar_date -> org.hibernate.type.BasicTypeReference@3b9632d1
[DEBUG] 2026-10-10 17:59:38.893 [main] BasicTypeRegistry - Adding type registration calendar_time -> org.hibernate.type.BasicTypeReference@4e6f2bb5
[DEBUG] 2026-10-10 17:59:38.893 [main] BasicTypeRegistry - Adding type registration instant -> org.hibernate.type.BasicTypeReference@21e20ad5
[DEBUG] 2026-10-10 17:59:38.896 [main] BasicTypeRegistry - Adding type registration java.time.Instant -> org.hibernate.type.BasicTypeReference@21e20ad5
[DEBUG] 2026-10-10 17:59:38.896 [main] BasicTypeRegistry - Adding type registration uuid -> org.hibernate.type.BasicTypeReference@3f628ce9
[DEBUG] 2026-10-10 17:59:38.896 [main] BasicTypeRegistry - Adding type registration java.util.UUID -> org.hibernate.type.BasicTypeReference@3f628ce9
[DEBUG] 2026-10-10 17:59:38.896 [main] BasicTypeRegistry - Adding type registration pg-uuid -> org.hibernate.type.BasicTypeReference@3f628ce9
[DEBUG] 2026-10-10 17:59:38.896 [main] BasicTypeRegistry - Adding type registration uuid-binary -> org.hibernate.type.BasicTypeReference@35e8316e
[DEBUG] 2026-10-10 17:59:38.897 [main] BasicTypeRegistry - Adding type registration uuid-char -> org.hibernate.type.BasicTypeReference@26d96e5
[DEBUG] 2026-10-10 17:59:38.897 [main] BasicTypeRegistry - Adding type registration class -> org.hibernate.type.BasicTypeReference@336880df
[DEBUG] 2026-10-10 17:59:38.897 [main] BasicTypeRegistry - Adding type registration java.lang.Class -> org.hibernate.type.BasicTypeReference@336880df
[DEBUG] 2026-10-10 17:59:38.898 [main] BasicTypeRegistry - Adding type registration currency -> org.hibernate.type.BasicTypeReference@1846579f
[DEBUG] 2026-10-10 17:59:38.899 [main] BasicTypeRegistry - Adding type registration Currency -> org.hibernate.type.BasicTypeReference@1846579f
[DEBUG] 2026-10-10 17:59:38.900 [main] BasicTypeRegistry - Adding type registration java.util.Currency -> org.hibernate.type.BasicTypeReference@1846579f
[DEBUG] 2026-10-10 17:59:38.900 [main] BasicTypeRegistry - Adding type registration locale -> org.hibernate.type.BasicTypeReference@6cd166b8
[DEBUG] 2026-10-10 17:59:38.900 [main] BasicTypeRegistry - Adding type registration java.util.Locale -> org.hibernate.type.BasicTypeReference@6cd166b8
[DEBUG] 2026-10-10 17:59:38.900 [main] BasicTypeRegistry - Adding type registration serializable -> org.hibernate.type.BasicTypeReference@2650f79
[DEBUG] 2026-10-10 17:59:38.900 [main] BasicTypeRegistry - Adding type registration java.io.Serializable -> org.hibernate.type.BasicTypeReference@2650f79
[DEBUG] 2026-10-10 17:59:38.900 [main] BasicTypeRegistry - Adding type registration timezone -> org.hibernate.type.BasicTypeReference@75fc1992
[DEBUG] 2026-10-10 17:59:38.900 [main] BasicTypeRegistry - Adding type registration java.util.TimeZone -> org.hibernate.type.BasicTypeReference@75fc1992
[DEBUG] 2026-10-10 17:59:38.900 [main] BasicTypeRegistry - Adding type registration ZoneOffset -> org.hibernate.type.BasicTypeReference@5fac521d
[DEBUG] 2026-10-10 17:59:38.900 [main] BasicTypeRegistry - Adding type registration java.time.ZoneOffset -> org.hibernate.type.BasicTypeReference@5fac521d
[DEBUG] 2026-10-10 17:59:38.900 [main] BasicTypeRegistry - Adding type registration url -> org.hibernate.type.BasicTypeReference@38af1bf6
[DEBUG] 2026-10-10 17:59:38.901 [main] BasicTypeRegistry - Adding type registration java.net.URL -> org.hibernate.type.BasicTypeReference@38af1bf6
[DEBUG] 2026-10-10 17:59:38.901 [main] BasicTypeRegistry - Adding type registration vector -> org.hibernate.type.BasicTypeReference@129bd55d
[DEBUG] 2026-10-10 17:59:38.901 [main] BasicTypeRegistry - Adding type registration row_version -> org.hibernate.type.BasicTypeReference@7be7e15
[DEBUG] 2026-10-10 17:59:38.908 [main] BasicTypeRegistry - Adding type registration object -> org.hibernate.type.JavaObjectType@1abfe081
[DEBUG] 2026-10-10 17:59:38.908 [main] BasicTypeRegistry - Adding type registration java.lang.Object -> org.hibernate.type.JavaObjectType@1abfe081
[DEBUG] 2026-10-10 17:59:38.910 [main] BasicTypeRegistry - Adding type registration null -> org.hibernate.type.NullType@6bda1d19
[DEBUG] 2026-10-10 17:59:38.911 [main] BasicTypeRegistry - Adding type registration imm_date -> org.hibernate.type.BasicTypeReference@28c86134
[DEBUG] 2026-10-10 17:59:38.911 [main] BasicTypeRegistry - Adding type registration imm_time -> org.hibernate.type.BasicTypeReference@4492eede
[DEBUG] 2026-10-10 17:59:38.912 [main] BasicTypeRegistry - Adding type registration imm_timestamp -> org.hibernate.type.BasicTypeReference@cbc8d0f
[DEBUG] 2026-10-10 17:59:38.913 [main] BasicTypeRegistry - Adding type registration imm_calendar -> org.hibernate.type.BasicTypeReference@37b57b54
[DEBUG] 2026-10-10 17:59:38.913 [main] BasicTypeRegistry - Adding type registration imm_calendar_date -> org.hibernate.type.BasicTypeReference@5c1f6d57
[DEBUG] 2026-10-10 17:59:38.913 [main] BasicTypeRegistry - Adding type registration imm_calendar_time -> org.hibernate.type.BasicTypeReference@f288c14
[DEBUG] 2026-10-10 17:59:38.913 [main] BasicTypeRegistry - Adding type registration imm_binary -> org.hibernate.type.BasicTypeReference@6794ac0b
[DEBUG] 2026-10-10 17:59:38.913 [main] BasicTypeRegistry - Adding type registration imm_serializable -> org.hibernate.type.BasicTypeReference@7be71476
[INFO ] 2026-10-10 17:59:38.954 [main] c3p0 - HHH010002: C3P0 using driver: com.mysql.cj.jdbc.Driver at URL: jdbc:mysql://localhost:3306/mtg_manager_test
[INFO ] 2026-10-10 17:59:38.955 [main] c3p0 - HHH10001001: Connection properties: {password=****, user=root}
[INFO ] 2026-10-10 17:59:38.955 [main] c3p0 - HHH10001003: Autocommit mode: false
[INFO ] 2026-10-10 17:59:39.111 [main] c3p0 - HHH10001007: JDBC isolation level: <unknown>
[DEBUG] 2026-10-10 17:59:39.240 [main] JdbcEnvironmentInitiator - Database ->
       name : MySQL
    version : 8.0.46-0ubuntu0.22.04.4
      major : 8
      minor : 0
[DEBUG] 2026-10-10 17:59:39.241 [main] JdbcEnvironmentInitiator - Driver ->
       name : MySQL Connector/J
    version : mysql-connector-j-8.4.0 (Revision: 1c3f5c149e0bfe31c7fbeb24e2d260cd890972c4)
      major : 8
      minor : 4
[DEBUG] 2026-10-10 17:59:39.241 [main] JdbcEnvironmentInitiator - JDBC version : 4.2
[DEBUG] 2026-10-10 17:59:39.322 [main] dialect - HHH035001: Using dialect: org.hibernate.dialect.MySQLDialect, version: 8.0
[DEBUG] 2026-10-10 17:59:39.328 [main] IdentifierHelperBuilder - JDBC driver metadata reported database stores quoted identifiers in more than one case
[DEBUG] 2026-10-10 17:59:39.328 [main] IdentifierHelperBuilder - IdentifierCaseStrategy for both quoted and unquoted identifiers was set to the same strategy [MIXED]; that will likely lead to problems in schema update and validation if using quoted identifiers
[DEBUG] 2026-10-10 17:59:39.347 [main] DdlTypeRegistry - addDescriptor(12, org.hibernate.type.descriptor.sql.internal.CapacityDependentDdlType@77681ce4) replaced previous registration(org.hibernate.type.descriptor.sql.internal.CapacityDependentDdlType@5d96bdf8)
[DEBUG] 2026-10-10 17:59:39.347 [main] DdlTypeRegistry - addDescriptor(-9, org.hibernate.type.descriptor.sql.internal.CapacityDependentDdlType@6f76c2cc) replaced previous registration(org.hibernate.type.descriptor.sql.internal.CapacityDependentDdlType@306f6f1d)
[DEBUG] 2026-10-10 17:59:39.347 [main] DdlTypeRegistry - addDescriptor(-3, org.hibernate.type.descriptor.sql.internal.CapacityDependentDdlType@7d7cac8) replaced previous registration(org.hibernate.type.descriptor.sql.internal.CapacityDependentDdlType@6fc6deb7)
[DEBUG] 2026-10-10 17:59:39.347 [main] DdlTypeRegistry - addDescriptor(4003, org.hibernate.type.descriptor.sql.internal.DdlTypeImpl@367f0121) replaced previous registration(org.hibernate.type.descriptor.sql.internal.DdlTypeImpl@7da39774)
[DEBUG] 2026-10-10 17:59:39.347 [main] DdlTypeRegistry - addDescriptor(4001, org.hibernate.type.descriptor.sql.internal.DdlTypeImpl@441b8382) replaced previous registration(org.hibernate.type.descriptor.sql.internal.DdlTypeImpl@1df1ced0)
[DEBUG] 2026-10-10 17:59:39.347 [main] DdlTypeRegistry - addDescriptor(4002, org.hibernate.type.descriptor.sql.internal.DdlTypeImpl@5349b246) replaced previous registration(org.hibernate.type.descriptor.sql.internal.DdlTypeImpl@32b0876c)
[DEBUG] 2026-10-10 17:59:39.347 [main] DdlTypeRegistry - addDescriptor(2004, org.hibernate.type.descriptor.sql.internal.CapacityDependentDdlType@2aaf152b) replaced previous registration(org.hibernate.type.descriptor.sql.internal.DdlTypeImpl@39bbd9e0)
[DEBUG] 2026-10-10 17:59:39.347 [main] DdlTypeRegistry - addDescriptor(2005, org.hibernate.type.descriptor.sql.internal.CapacityDependentDdlType@27fe9713) replaced previous registration(org.hibernate.type.descriptor.sql.internal.DdlTypeImpl@11c3ff67)
[DEBUG] 2026-10-10 17:59:39.348 [main] DdlTypeRegistry - addDescriptor(2011, org.hibernate.type.descriptor.sql.internal.CapacityDependentDdlType@4397a639) replaced previous registration(org.hibernate.type.descriptor.sql.internal.DdlTypeImpl@24841372)
[DEBUG] 2026-10-10 17:59:39.349 [main] JdbcTypeRegistry - addDescriptor(NCharTypeDescriptor) replaced previous registration(CharTypeDescriptor)
[DEBUG] 2026-10-10 17:59:39.350 [main] JdbcTypeRegistry - addDescriptor(NVarcharTypeDescriptor) replaced previous registration(VarcharTypeDescriptor)
[DEBUG] 2026-10-10 17:59:39.350 [main] JdbcTypeRegistry - addDescriptor(LongNVarcharTypeDescriptor) replaced previous registration(LongVarcharTypeDescriptor)
[DEBUG] 2026-10-10 17:59:39.353 [main] JdbcTypeRegistry - addDescriptor(NClobTypeDescriptor(DEFAULT)) replaced previous registration(ClobTypeDescriptor(DEFAULT))
[DEBUG] 2026-10-10 17:59:39.354 [main] JdbcTypeRegistry - addDescriptor(2005, ClobTypeDescriptor(STREAM_BINDING)) replaced previous registration(ClobTypeDescriptor(DEFAULT))
[DEBUG] 2026-10-10 17:59:39.358 [main] BasicTypeRegistry - Adding type registration null -> org.hibernate.type.NullType@1b7332a7
[DEBUG] 2026-10-10 17:59:39.358 [main] BasicTypeRegistry - Type registration key [null] overrode previous entry : `org.hibernate.type.NullType@6bda1d19`
[DEBUG] 2026-10-10 17:59:39.365 [main] BasicTypeRegistry - Adding type registration org.hibernate.type.DurationType -> basicType@1(java.time.Duration,2)
[DEBUG] 2026-10-10 17:59:39.365 [main] BasicTypeRegistry - Adding type registration Duration -> basicType@1(java.time.Duration,2)
[DEBUG] 2026-10-10 17:59:39.365 [main] BasicTypeRegistry - Adding type registration java.time.Duration -> basicType@1(java.time.Duration,2)
[DEBUG] 2026-10-10 17:59:39.369 [main] BasicTypeRegistry - Adding type registration org.hibernate.type.OffsetDateTimeType -> basicType@2(java.time.OffsetDateTime,3003)
[DEBUG] 2026-10-10 17:59:39.369 [main] BasicTypeRegistry - Adding type registration OffsetDateTime -> basicType@2(java.time.OffsetDateTime,3003)
[DEBUG] 2026-10-10 17:59:39.369 [main] BasicTypeRegistry - Adding type registration java.time.OffsetDateTime -> basicType@2(java.time.OffsetDateTime,3003)
[DEBUG] 2026-10-10 17:59:39.369 [main] BasicTypeRegistry - Adding type registration org.hibernate.type.ZonedDateTimeType -> basicType@3(java.time.ZonedDateTime,3003)
[DEBUG] 2026-10-10 17:59:39.370 [main] BasicTypeRegistry - Adding type registration ZonedDateTime -> basicType@3(java.time.ZonedDateTime,3003)
[DEBUG] 2026-10-10 17:59:39.370 [main] BasicTypeRegistry - Adding type registration java.time.ZonedDateTime -> basicType@3(java.time.ZonedDateTime,3003)
[DEBUG] 2026-10-10 17:59:39.370 [main] BasicTypeRegistry - Adding type registration org.hibernate.type.OffsetTimeType -> basicType@4(java.time.OffsetTime,3007)
[DEBUG] 2026-10-10 17:59:39.370 [main] BasicTypeRegistry - Adding type registration OffsetTime -> basicType@4(java.time.OffsetTime,3007)
[DEBUG] 2026-10-10 17:59:39.370 [main] BasicTypeRegistry - Adding type registration java.time.OffsetTime -> basicType@4(java.time.OffsetTime,3007)
[DEBUG] 2026-10-10 17:59:39.371 [main] TypeConfiguration$Scope - Scoping TypeConfiguration [org.hibernate.type.spi.TypeConfiguration@7d57dbb5] to MetadataBuildingContext [org.hibernate.boot.internal.MetadataBuildingContextRootImpl@630b6190]
[DEBUG] 2026-10-10 17:59:39.404 [main] Namespace - Created database namespace [logicalName=Name{catalog=null, schema=null}, physicalName=Name{catalog=null, schema=null}]
[DEBUG] 2026-10-10 17:59:39.424 [main] EntityBinder - Binding entity from annotated class: com.magMan.entity.Card
[DEBUG] 2026-10-10 17:59:39.430 [main] EntityBinder - Import with entity name Card
[DEBUG] 2026-10-10 17:59:39.436 [main] EntityBinder - Bind entity com.magMan.entity.Card on table cards
[DEBUG] 2026-10-10 17:59:39.443 [main] AnnotatedColumn - Binding column: AnnotatedDiscriminatorColumn(column='DTYPE')
[DEBUG] 2026-10-10 17:59:39.463 [main] AnnotatedColumn - Binding column: AnnotatedColumn()
[DEBUG] 2026-10-10 17:59:39.463 [main] ClassLoaderAccessImpl - Not known whether passed class name [com.magMan.entity.Card] is safe
[DEBUG] 2026-10-10 17:59:39.463 [main] ClassLoaderAccessImpl - No temp ClassLoader provided; using live ClassLoader for loading potentially unsafe class : com.magMan.entity.Card
[DEBUG] 2026-10-10 17:59:39.465 [main] PropertyBinder - MetadataSourceProcessor property id with lazy=false
[DEBUG] 2026-10-10 17:59:39.469 [main] AbstractPropertyHolder - Attempting to locate auto-apply AttributeConverter for property [com.magMan.entity.Card:id]
[DEBUG] 2026-10-10 17:59:39.476 [main] BasicValueBinder - building BasicValue for id
[DEBUG] 2026-10-10 17:59:39.481 [main] BasicValue - Skipping column re-registration: cards.id
[DEBUG] 2026-10-10 17:59:39.482 [main] PropertyBinder - Building property id
[DEBUG] 2026-10-10 17:59:39.486 [main] BinderHelper - #makeIdGenerator(BasicValue([Column(id)]), id, org.hibernate.id.enhanced.SequenceStyleGenerator, native, ...)
[DEBUG] 2026-10-10 17:59:39.498 [main] AnnotatedColumn - Binding column: AnnotatedColumn(column='cardCmc')
[DEBUG] 2026-10-10 17:59:39.498 [main] PropertyBinder - MetadataSourceProcessor property cardCmc with lazy=false
[DEBUG] 2026-10-10 17:59:39.498 [main] AbstractPropertyHolder - Attempting to locate auto-apply AttributeConverter for property [com.magMan.entity.Card:cardCmc]
[DEBUG] 2026-10-10 17:59:39.498 [main] BasicValueBinder - building BasicValue for cardCmc
[DEBUG] 2026-10-10 17:59:39.498 [main] BasicValue - Skipping column re-registration: cards.cardCmc
[DEBUG] 2026-10-10 17:59:39.498 [main] PropertyBinder - Building property cardCmc
[DEBUG] 2026-10-10 17:59:39.499 [main] AnnotatedColumn - Binding column: AnnotatedColumn(column='cardName')
[DEBUG] 2026-10-10 17:59:39.499 [main] PropertyBinder - MetadataSourceProcessor property cardName with lazy=false
[DEBUG] 2026-10-10 17:59:39.499 [main] AbstractPropertyHolder - Attempting to locate auto-apply AttributeConverter for property [com.magMan.entity.Card:cardName]
[DEBUG] 2026-10-10 17:59:39.499 [main] BasicValueBinder - building BasicValue for cardName
[DEBUG] 2026-10-10 17:59:39.499 [main] BasicValue - Skipping column re-registration: cards.cardName
[DEBUG] 2026-10-10 17:59:39.500 [main] PropertyBinder - Building property cardName
[DEBUG] 2026-10-10 17:59:39.500 [main] AnnotatedColumn - Binding column: AnnotatedColumn(column='cardQuantity')
[DEBUG] 2026-10-10 17:59:39.500 [main] PropertyBinder - MetadataSourceProcessor property cardQuantity with lazy=false
[DEBUG] 2026-10-10 17:59:39.500 [main] AbstractPropertyHolder - Attempting to locate auto-apply AttributeConverter for property [com.magMan.entity.Card:cardQuantity]
[DEBUG] 2026-10-10 17:59:39.500 [main] BasicValueBinder - building BasicValue for cardQuantity
[DEBUG] 2026-10-10 17:59:39.500 [main] BasicValue - Skipping column re-registration: cards.cardQuantity
[DEBUG] 2026-10-10 17:59:39.500 [main] PropertyBinder - Building property cardQuantity
[DEBUG] 2026-10-10 17:59:39.500 [main] AnnotatedColumn - Binding column: AnnotatedColumn(column='cardType')
[DEBUG] 2026-10-10 17:59:39.501 [main] PropertyBinder - MetadataSourceProcessor property cardType with lazy=false
[DEBUG] 2026-10-10 17:59:39.501 [main] AbstractPropertyHolder - Attempting to locate auto-apply AttributeConverter for property [com.magMan.entity.Card:cardType]
[DEBUG] 2026-10-10 17:59:39.501 [main] BasicValueBinder - building BasicValue for cardType
[DEBUG] 2026-10-10 17:59:39.501 [main] BasicValue - Skipping column re-registration: cards.cardType
[DEBUG] 2026-10-10 17:59:39.501 [main] PropertyBinder - Building property cardType
[DEBUG] 2026-10-10 17:59:39.503 [main] AnnotatedColumn - Binding column: AnnotatedJoinColumn()
[DEBUG] 2026-10-10 17:59:39.503 [main] AnnotatedColumn - Binding column: AnnotatedColumn()
[DEBUG] 2026-10-10 17:59:39.514 [main] AnnotatedColumn - Binding column: IndexColumn(column='rulings_ORDER')
[DEBUG] 2026-10-10 17:59:39.518 [main] AnnotatedColumn - Binding column: AnnotatedColumn()
[DEBUG] 2026-10-10 17:59:39.519 [main] AnnotatedColumn - Binding column: AnnotatedColumn(column='rulings_KEY')
[DEBUG] 2026-10-10 17:59:39.519 [main] AnnotatedColumn - Binding column: AnnotatedJoinColumn(column='rulings_KEY')
[DEBUG] 2026-10-10 17:59:39.521 [main] AnnotatedColumn - Binding column: AnnotatedJoinColumn()
[DEBUG] 2026-10-10 17:59:39.521 [main] AnnotatedColumn - Binding column: AnnotatedJoinColumn()
[DEBUG] 2026-10-10 17:59:39.523 [main] CollectionBinder - Collection role: com.magMan.entity.Card.rulings
[DEBUG] 2026-10-10 17:59:39.525 [main] PropertyBinder - Building property rulings
[DEBUG] 2026-10-10 17:59:39.526 [main] ClassLoaderServiceImpl - HHH000194: Package not found or wo package-info.java: com.magMan.entity
[DEBUG] 2026-10-10 17:59:39.531 [main] EntityBinder - Binding entity from annotated class: com.magMan.entity.Ruling
[DEBUG] 2026-10-10 17:59:39.532 [main] EntityBinder - Import with entity name Ruling
[DEBUG] 2026-10-10 17:59:39.532 [main] EntityBinder - Bind entity com.magMan.entity.Ruling on table rulings
[DEBUG] 2026-10-10 17:59:39.533 [main] AnnotatedColumn - Binding column: AnnotatedDiscriminatorColumn(column='DTYPE')
[DEBUG] 2026-10-10 17:59:39.535 [main] AnnotatedColumn - Binding column: AnnotatedColumn()
[DEBUG] 2026-10-10 17:59:39.535 [main] ClassLoaderAccessImpl - Not known whether passed class name [com.magMan.entity.Ruling] is safe
[DEBUG] 2026-10-10 17:59:39.535 [main] ClassLoaderAccessImpl - No temp ClassLoader provided; using live ClassLoader for loading potentially unsafe class : com.magMan.entity.Ruling
[DEBUG] 2026-10-10 17:59:39.535 [main] PropertyBinder - MetadataSourceProcessor property id with lazy=false
[DEBUG] 2026-10-10 17:59:39.535 [main] AbstractPropertyHolder - Attempting to locate auto-apply AttributeConverter for property [com.magMan.entity.Ruling:id]
[DEBUG] 2026-10-10 17:59:39.535 [main] BasicValueBinder - building BasicValue for id
[DEBUG] 2026-10-10 17:59:39.535 [main] BasicValue - Skipping column re-registration: rulings.id
[DEBUG] 2026-10-10 17:59:39.535 [main] PropertyBinder - Building property id
[DEBUG] 2026-10-10 17:59:39.536 [main] BinderHelper - #makeIdGenerator(BasicValue([Column(id)]), id, org.hibernate.id.enhanced.SequenceStyleGenerator, native, ...)
[DEBUG] 2026-10-10 17:59:39.536 [main] AnnotatedColumn - Binding column: AnnotatedJoinColumn()
[DEBUG] 2026-10-10 17:59:39.536 [main] AnnotatedColumn - Binding column: AnnotatedColumn()
[DEBUG] 2026-10-10 17:59:39.538 [main] PropertyBinder - Building property card
[DEBUG] 2026-10-10 17:59:39.539 [main] AnnotatedColumn - Binding column: AnnotatedColumn(column='ruling_date')
[DEBUG] 2026-10-10 17:59:39.539 [main] PropertyBinder - MetadataSourceProcessor property rulingDate with lazy=false
[DEBUG] 2026-10-10 17:59:39.539 [main] AbstractPropertyHolder - Attempting to locate auto-apply AttributeConverter for property [com.magMan.entity.Ruling:rulingDate]
[DEBUG] 2026-10-10 17:59:39.539 [main] BasicValueBinder - building BasicValue for rulingDate
[DEBUG] 2026-10-10 17:59:39.539 [main] BasicValue - Skipping column re-registration: rulings.ruling_date
[DEBUG] 2026-10-10 17:59:39.539 [main] PropertyBinder - Building property rulingDate
[DEBUG] 2026-10-10 17:59:39.539 [main] AnnotatedColumn - Binding column: AnnotatedColumn(column='ruling_text')
[DEBUG] 2026-10-10 17:59:39.540 [main] PropertyBinder - MetadataSourceProcessor property rulingText with lazy=false
[DEBUG] 2026-10-10 17:59:39.540 [main] AbstractPropertyHolder - Attempting to locate auto-apply AttributeConverter for property [com.magMan.entity.Ruling:rulingText]
[DEBUG] 2026-10-10 17:59:39.540 [main] BasicValueBinder - building BasicValue for rulingText
[DEBUG] 2026-10-10 17:59:39.540 [main] BasicValue - Skipping column re-registration: rulings.ruling_text
[DEBUG] 2026-10-10 17:59:39.540 [main] PropertyBinder - Building property rulingText
[DEBUG] 2026-10-10 17:59:39.540 [main] ClassLoaderServiceImpl - HHH000194: Package not found or wo package-info.java: com.magMan.entity
[DEBUG] 2026-10-10 17:59:39.541 [main] BasicValueBinder - Starting `BasicValueBinder#fillSimpleValue` for id
[DEBUG] 2026-10-10 17:59:39.541 [main] BasicValueBinder - Starting `BasicValueBinder#fillSimpleValue` for cardCmc
[DEBUG] 2026-10-10 17:59:39.542 [main] BasicValueBinder - Starting `BasicValueBinder#fillSimpleValue` for cardName
[DEBUG] 2026-10-10 17:59:39.543 [main] BasicValueBinder - Starting `BasicValueBinder#fillSimpleValue` for cardQuantity
[DEBUG] 2026-10-10 17:59:39.543 [main] BasicValueBinder - Starting `BasicValueBinder#fillSimpleValue` for cardType
[DEBUG] 2026-10-10 17:59:39.543 [main] BasicValueBinder - Starting `BasicValueBinder#fillSimpleValue` for id
[DEBUG] 2026-10-10 17:59:39.543 [main] BasicValueBinder - Starting `BasicValueBinder#fillSimpleValue` for rulingDate
[DEBUG] 2026-10-10 17:59:39.543 [main] BasicValueBinder - Starting `BasicValueBinder#fillSimpleValue` for rulingText
[DEBUG] 2026-10-10 17:59:39.548 [main] PrimaryKey - Forcing column [id] to be non-null as it is part of the primary key for table [cards]
[DEBUG] 2026-10-10 17:59:39.548 [main] PrimaryKey - Forcing column [id] to be non-null as it is part of the primary key for table [rulings]
[DEBUG] 2026-10-10 17:59:39.548 [main] CollectionSecondPass - Second pass for collection: com.magMan.entity.Card.rulings
[DEBUG] 2026-10-10 17:59:39.550 [main] CollectionBinder - Binding a OneToMany: com.magMan.entity.Card.rulings through a foreign key
[DEBUG] 2026-10-10 17:59:39.552 [main] CollectionBinder - Mapping collection: com.magMan.entity.Card.rulings -> rulings
[DEBUG] 2026-10-10 17:59:39.553 [main] TableBinder - Retrieving property com.magMan.entity.Ruling.card
[DEBUG] 2026-10-10 17:59:39.554 [main] CollectionSecondPass - Mapped collection key: card_id, one-to-many: com.magMan.entity.Ruling
[DEBUG] 2026-10-10 17:59:39.554 [main] InFlightMetadataCollectorImpl - Resolving reference to class: com.magMan.entity.Card
[DEBUG] 2026-10-10 17:59:39.565 [main] InFlightMetadataCollectorImpl - Resolving reference to class: com.magMan.entity.Card
[DEBUG] 2026-10-10 17:59:39.725 [main] SessionFactoryImpl - Building session factory
[DEBUG] 2026-10-10 17:59:39.766 [main] SessionFactoryServiceRegistryImpl - EventListenerRegistry access via ServiceRegistry is deprecated.  Use `sessionFactory.getEventEngine().getListenerRegistry()` instead
[DEBUG] 2026-10-10 17:59:39.766 [main] SessionFactoryImpl - Instantiating SessionFactory with settings: {sun.desktop=gnome, awt.toolkit=sun.awt.X11.XToolkit, java.specification.version=11, sun.cpu.isalist=, hibernate.c3p0.idle_test_period=3000, sun.jnu.encoding=UTF-8, hibernate.c3p0.min_size=5, java.class.path=/home/student/IdeaProjects/MtgManager/target/test-classes:/home/student/IdeaProjects/MtgManager/target/classes:/home/student/.m2/repository/javax/javaee-web-api/7.0/javaee-web-api-7.0.jar:/home/student/.m2/repository/org/glassfish/web/javax.servlet.jsp.jstl/1.2.5/javax.servlet.jsp.jstl-1.2.5.jar:/home/student/.m2/repository/javax/servlet/jsp/jstl/jstl-api/1.2/jstl-api-1.2.jar:/home/student/.m2/repository/javax/servlet/servlet-api/2.5/servlet-api-2.5.jar:/home/student/.m2/repository/javax/servlet/jsp/jsp-api/2.1/jsp-api-2.1.jar:/home/student/.m2/repository/xalan/xalan/2.7.2/xalan-2.7.2.jar:/home/student/.m2/repository/xalan/serializer/2.7.2/serializer-2.7.2.jar:/home/student/.m2/repository/xml-apis/xml-apis/1.3.04/xml-apis-1.3.04.jar:/home/student/.m2/repository/com/mysql/mysql-connector-j/8.4.0/mysql-connector-j-8.4.0.jar:/home/student/.m2/repository/com/google/protobuf/protobuf-java/3.25.1/protobuf-java-3.25.1.jar:/home/student/.m2/repository/org/apache/logging/log4j/log4j-api/2.17.1/log4j-api-2.17.1.jar:/home/student/.m2/repository/org/apache/logging/log4j/log4j-core/2.17.1/log4j-core-2.17.1.jar:/home/student/.m2/repository/junit/junit/4.12/junit-4.12.jar:/home/student/.m2/repository/org/hamcrest/hamcrest-core/1.3/hamcrest-core-1.3.jar:/home/student/.m2/repository/org/junit/platform/junit-platform-runner/1.0.0/junit-platform-runner-1.0.0.jar:/home/student/.m2/repository/org/apiguardian/apiguardian-api/1.0.0/apiguardian-api-1.0.0.jar:/home/student/.m2/repository/org/junit/platform/junit-platform-launcher/1.0.0/junit-platform-launcher-1.0.0.jar:/home/student/.m2/repository/org/junit/platform/junit-platform-suite-api/1.0.0/junit-platform-suite-api-1.0.0.jar:/home/student/.m2/repository/org/junit/platform/junit-platform-commons/1.0.0/junit-platform-commons-1.0.0.jar:/home/student/.m2/repository/org/junit/vintage/junit-vintage-engine/4.12.0/junit-vintage-engine-4.12.0.jar:/home/student/.m2/repository/org/junit/platform/junit-platform-engine/1.0.0/junit-platform-engine-1.0.0.jar:/home/student/.m2/repository/org/opentest4j/opentest4j/1.0.0/opentest4j-1.0.0.jar:/home/student/.m2/repository/org/junit/jupiter/junit-jupiter-engine/5.0.0/junit-jupiter-engine-5.0.0.jar:/home/student/.m2/repository/org/junit/jupiter/junit-jupiter-api/5.0.0/junit-jupiter-api-5.0.0.jar:/home/student/.m2/repository/org/hibernate/orm/hibernate-core/6.4.3.Final/hibernate-core-6.4.3.Final.jar:/home/student/.m2/repository/jakarta/persistence/jakarta.persistence-api/3.1.0/jakarta.persistence-api-3.1.0.jar:/home/student/.m2/repository/jakarta/transaction/jakarta.transaction-api/2.0.1/jakarta.transaction-api-2.0.1.jar:/home/student/.m2/repository/org/jboss/logging/jboss-logging/3.5.0.Final/jboss-logging-3.5.0.Final.jar:/home/student/.m2/repository/org/hibernate/common/hibernate-commons-annotations/6.0.6.Final/hibernate-commons-annotations-6.0.6.Final.jar:/home/student/.m2/repository/io/smallrye/jandex/3.1.2/jandex-3.1.2.jar:/home/student/.m2/repository/com/fasterxml/classmate/1.5.1/classmate-1.5.1.jar:/home/student/.m2/repository/net/bytebuddy/byte-buddy/1.14.7/byte-buddy-1.14.7.jar:/home/student/.m2/repository/jakarta/xml/bind/jakarta.xml.bind-api/4.0.0/jakarta.xml.bind-api-4.0.0.jar:/home/student/.m2/repository/jakarta/activation/jakarta.activation-api/2.1.0/jakarta.activation-api-2.1.0.jar:/home/student/.m2/repository/org/glassfish/jaxb/jaxb-runtime/4.0.2/jaxb-runtime-4.0.2.jar:/home/student/.m2/repository/org/glassfish/jaxb/jaxb-core/4.0.2/jaxb-core-4.0.2.jar:/home/student/.m2/repository/org/eclipse/angus/angus-activation/2.0.0/angus-activation-2.0.0.jar:/home/student/.m2/repository/org/glassfish/jaxb/txw2/4.0.2/txw2-4.0.2.jar:/home/student/.m2/repository/com/sun/istack/istack-commons-runtime/4.1.1/istack-commons-runtime-4.1.1.jar:/home/student/.m2/repository/jakarta/inject/jakarta.inject-api/2.0.1/jakarta.inject-api-2.0.1.jar:/home/student/.m2/repository/org/antlr/antlr4-runtime/4.13.0/antlr4-runtime-4.13.0.jar:/home/student/.m2/repository/org/hibernate/orm/hibernate-c3p0/6.4.3.Final/hibernate-c3p0-6.4.3.Final.jar:/home/student/.m2/repository/com/mchange/c3p0/0.9.5.5/c3p0-0.9.5.5.jar:/home/student/.m2/repository/com/mchange/mchange-commons-java/0.2.19/mchange-commons-java-0.2.19.jar:, java.vm.vendor=Ubuntu, sun.arch.data.model=64, java.vendor.url=https://ubuntu.com/, user.timezone=America/Chicago, os.name=Linux, java.vm.specification.version=11, sun.java.launcher=SUN_STANDARD, user.country=US, sun.boot.library.path=/usr/lib/jvm/java-11-openjdk-amd64/lib, sun.java.command=/home/student/IdeaProjects/MtgManager/target/surefire/surefirebooter17130753676881600312.jar /home/student/IdeaProjects/MtgManager/target/surefire/surefire14263370715533749029tmp /home/student/IdeaProjects/MtgManager/target/surefire/surefire_011118183025484610374tmp, jdk.debug=release, surefire.test.class.path=/home/student/IdeaProjects/MtgManager/target/test-classes:/home/student/IdeaProjects/MtgManager/target/classes:/home/student/.m2/repository/javax/javaee-web-api/7.0/javaee-web-api-7.0.jar:/home/student/.m2/repository/org/glassfish/web/javax.servlet.jsp.jstl/1.2.5/javax.servlet.jsp.jstl-1.2.5.jar:/home/student/.m2/repository/javax/servlet/jsp/jstl/jstl-api/1.2/jstl-api-1.2.jar:/home/student/.m2/repository/javax/servlet/servlet-api/2.5/servlet-api-2.5.jar:/home/student/.m2/repository/javax/servlet/jsp/jsp-api/2.1/jsp-api-2.1.jar:/home/student/.m2/repository/xalan/xalan/2.7.2/xalan-2.7.2.jar:/home/student/.m2/repository/xalan/serializer/2.7.2/serializer-2.7.2.jar:/home/student/.m2/repository/xml-apis/xml-apis/1.3.04/xml-apis-1.3.04.jar:/home/student/.m2/repository/com/mysql/mysql-connector-j/8.4.0/mysql-connector-j-8.4.0.jar:/home/student/.m2/repository/com/google/protobuf/protobuf-java/3.25.1/protobuf-java-3.25.1.jar:/home/student/.m2/repository/org/apache/logging/log4j/log4j-api/2.17.1/log4j-api-2.17.1.jar:/home/student/.m2/repository/org/apache/logging/log4j/log4j-core/2.17.1/log4j-core-2.17.1.jar:/home/student/.m2/repository/junit/junit/4.12/junit-4.12.jar:/home/student/.m2/repository/org/hamcrest/hamcrest-core/1.3/hamcrest-core-1.3.jar:/home/student/.m2/repository/org/junit/platform/junit-platform-runner/1.0.0/junit-platform-runner-1.0.0.jar:/home/student/.m2/repository/org/apiguardian/apiguardian-api/1.0.0/apiguardian-api-1.0.0.jar:/home/student/.m2/repository/org/junit/platform/junit-platform-launcher/1.0.0/junit-platform-launcher-1.0.0.jar:/home/student/.m2/repository/org/junit/platform/junit-platform-suite-api/1.0.0/junit-platform-suite-api-1.0.0.jar:/home/student/.m2/repository/org/junit/platform/junit-platform-commons/1.0.0/junit-platform-commons-1.0.0.jar:/home/student/.m2/repository/org/junit/vintage/junit-vintage-engine/4.12.0/junit-vintage-engine-4.12.0.jar:/home/student/.m2/repository/org/junit/platform/junit-platform-engine/1.0.0/junit-platform-engine-1.0.0.jar:/home/student/.m2/repository/org/opentest4j/opentest4j/1.0.0/opentest4j-1.0.0.jar:/home/student/.m2/repository/org/junit/jupiter/junit-jupiter-engine/5.0.0/junit-jupiter-engine-5.0.0.jar:/home/student/.m2/repository/org/junit/jupiter/junit-jupiter-api/5.0.0/junit-jupiter-api-5.0.0.jar:/home/student/.m2/repository/org/hibernate/orm/hibernate-core/6.4.3.Final/hibernate-core-6.4.3.Final.jar:/home/student/.m2/repository/jakarta/persistence/jakarta.persistence-api/3.1.0/jakarta.persistence-api-3.1.0.jar:/home/student/.m2/repository/jakarta/transaction/jakarta.transaction-api/2.0.1/jakarta.transaction-api-2.0.1.jar:/home/student/.m2/repository/org/jboss/logging/jboss-logging/3.5.0.Final/jboss-logging-3.5.0.Final.jar:/home/student/.m2/repository/org/hibernate/common/hibernate-commons-annotations/6.0.6.Final/hibernate-commons-annotations-6.0.6.Final.jar:/home/student/.m2/repository/io/smallrye/jandex/3.1.2/jandex-3.1.2.jar:/home/student/.m2/repository/com/fasterxml/classmate/1.5.1/classmate-1.5.1.jar:/home/student/.m2/repository/net/bytebuddy/byte-buddy/1.14.7/byte-buddy-1.14.7.jar:/home/student/.m2/repository/jakarta/xml/bind/jakarta.xml.bind-api/4.0.0/jakarta.xml.bind-api-4.0.0.jar:/home/student/.m2/repository/jakarta/activation/jakarta.activation-api/2.1.0/jakarta.activation-api-2.1.0.jar:/home/student/.m2/repository/org/glassfish/jaxb/jaxb-runtime/4.0.2/jaxb-runtime-4.0.2.jar:/home/student/.m2/repository/org/glassfish/jaxb/jaxb-core/4.0.2/jaxb-core-4.0.2.jar:/home/student/.m2/repository/org/eclipse/angus/angus-activation/2.0.0/angus-activation-2.0.0.jar:/home/student/.m2/repository/org/glassfish/jaxb/txw2/4.0.2/txw2-4.0.2.jar:/home/student/.m2/repository/com/sun/istack/istack-commons-runtime/4.1.1/istack-commons-runtime-4.1.1.jar:/home/student/.m2/repository/jakarta/inject/jakarta.inject-api/2.0.1/jakarta.inject-api-2.0.1.jar:/home/student/.m2/repository/org/antlr/antlr4-runtime/4.13.0/antlr4-runtime-4.13.0.jar:/home/student/.m2/repository/org/hibernate/orm/hibernate-c3p0/6.4.3.Final/hibernate-c3p0-6.4.3.Final.jar:/home/student/.m2/repository/com/mchange/c3p0/0.9.5.5/c3p0-0.9.5.5.jar:/home/student/.m2/repository/com/mchange/mchange-commons-java/0.2.19/mchange-commons-java-0.2.19.jar:, sun.cpu.endian=little, user.home=/home/student, hibernate.c3p0.max_statements=50, user.language=en, java.specification.vendor=Oracle Corporation, java.version.date=2026-08-18, java.home=/usr/lib/jvm/java-11-openjdk-amd64, file.separator=/, basedir=/home/student/IdeaProjects/MtgManager, style.color=always, java.vm.compressedOopsMode=32-bit, line.separator=
, hibernate.c3p0.timeout=300, java.specification.name=Java Platform API Specification, java.vm.specification.vendor=Oracle Corporation, java.awt.graphicsenv=sun.awt.X11GraphicsEnvironment, surefire.real.class.path=/home/student/IdeaProjects/MtgManager/target/surefire/surefirebooter17130753676881600312.jar, connection.password=student, sun.management.compiler=HotSpot 64-Bit Tiered Compilers, hibernate.c3p0.max_size=20, java.runtime.version=11.0.32.1+1-post-1ubuntu1-22.04-Ubuntu, user.name=student, path.separator=:, hibernate.connection.username=****, os.version=5.15.0-198-generic, java.runtime.name=OpenJDK Runtime Environment, hibernate.connection.url=jdbc:mysql://localhost:3306/mtg_manager_test, file.encoding=UTF-8, java.vm.name=OpenJDK 64-Bit Server VM, maven.ext.class.path=/snap/intellij-idea-ultimate/830/plugins/maven-plugin/lib/intellij.maven.rt/maven-event-listener.jar, localRepository=/home/student/.m2/repository, hibernate.connection.driver_class=com.mysql.cj.jdbc.Driver, java.vendor.url.bug=https://bugs.launchpad.net/ubuntu/+source/openjdk-lts, java.io.tmpdir=/tmp, idea.version=2026.2.3, java.version=11.0.32.1, user.dir=/home/student/IdeaProjects/MtgManager, os.arch=amd64, connection.username=root, jansi.passthrough=true, java.vm.specification.name=Java Virtual Machine Specification, java.awt.printerjob=sun.print.PSPrinterJob, hibernate.connection.password=****, sun.os.patch.level=unknown, connection.driver_class=com.mysql.cj.jdbc.Driver, hibernate.boot.CfgXmlAccessService.key=org.hibernate.boot.cfgxml.spi.LoadedConfig@7fd4e815, java.library.path=/usr/java/packages/lib:/usr/lib/x86_64-linux-gnu/jni:/lib/x86_64-linux-gnu:/usr/lib/x86_64-linux-gnu:/usr/lib/jni:/lib:/usr/lib, java.vendor=Ubuntu, java.vm.info=mixed mode, sharing, java.vm.version=11.0.32.1+1-post-1ubuntu1-22.04-Ubuntu, java.specification.maintenance.version=3, sun.io.unicode.encoding=UnicodeLittle, maven.repo.local=/home/student/.m2/repository, connection.url=jdbc:mysql://localhost:3306/mtg_manager_test, java.class.version=55.0}
[DEBUG] 2026-10-10 17:59:39.770 [main] SessionFactoryImpl - Session factory constructed with filter configurations : {}
[DEBUG] 2026-10-10 17:59:39.775 [main] SchemaManagementToolCoordinator - No schema actions specified for contributor `orm`; doing nothing
[DEBUG] 2026-10-10 17:59:39.824 [main] SqmFunctionRegistry - Registered SqmFunctionTemplate [NamedSqmFunctionTemplate(max)] under max; prior registration was null
[DEBUG] 2026-10-10 17:59:39.825 [main] SqmFunctionRegistry - Registered SqmFunctionTemplate [NamedSqmFunctionTemplate(min)] under min; prior registration was null
[DEBUG] 2026-10-10 17:59:39.825 [main] SqmFunctionRegistry - Registered SqmFunctionTemplate [NamedSqmFunctionTemplate(sum)] under sum; prior registration was null
[DEBUG] 2026-10-10 17:59:39.826 [main] SqmFunctionRegistry - Registered SqmFunctionTemplate [NamedSqmFunctionTemplate(avg)] under avg; prior registration was null
[DEBUG] 2026-10-10 17:59:39.827 [main] SqmFunctionRegistry - Registered SqmFunctionTemplate [org.hibernate.dialect.function.CountFunction@4a216eb4] under count; prior registration was null
[DEBUG] 2026-10-10 17:59:39.828 [main] SqmFunctionRegistry - Registered SqmFunctionTemplate [org.hibernate.dialect.function.EveryAnyEmulation@582e9152] under every; prior registration was null
[DEBUG] 2026-10-10 17:59:39.828 [main] SqmFunctionRegistry - Registered SqmFunctionTemplate [org.hibernate.dialect.function.EveryAnyEmulation@7a31ca20] under any; prior registration was null
[DEBUG] 2026-10-10 17:59:39.828 [main] SqmFunctionRegistry - Registered SqmFunctionTemplate [NamedSqmFunctionTemplate(floor)] under floor; prior registration was null
[DEBUG] 2026-10-10 17:59:39.829 [main] SqmFunctionRegistry - Registered SqmFunctionTemplate [NamedSqmFunctionTemplate(ceiling)] under ceiling; prior registration was null
[DEBUG] 2026-10-10 17:59:39.829 [main] SqmFunctionRegistry - Registered SqmFunctionTemplate [NamedSqmFunctionTemplate(mod)] under mod; prior registration was null
[DEBUG] 2026-10-10 17:59:39.829 [main] SqmFunctionRegistry - Registered SqmFunctionTemplate [NamedSqmFunctionTemplate(abs)] under abs; prior registration was null
[DEBUG] 2026-10-10 17:59:39.829 [main] SqmFunctionRegistry - Registered SqmFunctionTemplate [NamedSqmFunctionTemplate(sign)] under sign; prior registration was null
[DEBUG] 2026-10-10 17:59:39.829 [main] SqmFunctionRegistry - Registered SqmFunctionTemplate [NamedSqmFunctionTemplate(sqrt)] under sqrt; prior registration was null
[DEBUG] 2026-10-10 17:59:39.829 [main] SqmFunctionRegistry - Registered SqmFunctionTemplate [NamedSqmFunctionTemplate(ln)] under ln; prior registration was null
[DEBUG] 2026-10-10 17:59:39.829 [main] SqmFunctionRegistry - Registered SqmFunctionTemplate [NamedSqmFunctionTemplate(exp)] under exp; prior registration was null
[DEBUG] 2026-10-10 17:59:39.829 [main] SqmFunctionRegistry - Registered SqmFunctionTemplate [NamedSqmFunctionTemplate(power)] under power; prior registration was null
[DEBUG] 2026-10-10 17:59:39.830 [main] SqmFunctionRegistry - Registered SqmFunctionTemplate [NamedSqmFunctionTemplate(round)] under round; prior registration was null
[DEBUG] 2026-10-10 17:59:39.830 [main] SqmFunctionRegistry - Registered SqmFunctionTemplate [NamedSqmFunctionTemplate(sin)] under sin; prior registration was null
[DEBUG] 2026-10-10 17:59:39.830 [main] SqmFunctionRegistry - Registered SqmFunctionTemplate [NamedSqmFunctionTemplate(cos)] under cos; prior registration was null
[DEBUG] 2026-10-10 17:59:39.830 [main] SqmFunctionRegistry - Registered SqmFunctionTemplate [NamedSqmFunctionTemplate(tan)] under tan; prior registration was null
[DEBUG] 2026-10-10 17:59:39.830 [main] SqmFunctionRegistry - Registered SqmFunctionTemplate [NamedSqmFunctionTemplate(asin)] under asin; prior registration was null
[DEBUG] 2026-10-10 17:59:39.830 [main] SqmFunctionRegistry - Registered SqmFunctionTemplate [NamedSqmFunctionTemplate(acos)] under acos; prior registration was null
[DEBUG] 2026-10-10 17:59:39.830 [main] SqmFunctionRegistry - Registered SqmFunctionTemplate [NamedSqmFunctionTemplate(atan)] under atan; prior registration was null
[DEBUG] 2026-10-10 17:59:39.830 [main] SqmFunctionRegistry - Registered SqmFunctionTemplate [NamedSqmFunctionTemplate(atan2)] under atan2; prior registration was null
[DEBUG] 2026-10-10 17:59:39.832 [main] SqmFunctionRegistry - Registered SqmFunctionTemplate [org.hibernate.query.sqm.function.PatternBasedSqmFunctionDescriptor@4b9dbf07] under sinh; prior registration was null
[DEBUG] 2026-10-10 17:59:39.832 [main] SqmFunctionRegistry - Registered SqmFunctionTemplate [org.hibernate.query.sqm.function.PatternBasedSqmFunctionDescriptor@797fcf9] under cosh; prior registration was null
[DEBUG] 2026-10-10 17:59:39.832 [main] SqmFunctionRegistry - Registered SqmFunctionTemplate [org.hibernate.query.sqm.function.PatternBasedSqmFunctionDescriptor@16bd7ae1] under tanh; prior registration was null
[DEBUG] 2026-10-10 17:59:39.832 [main] SqmFunctionRegistry - Registered SqmFunctionTemplate [org.hibernate.query.sqm.function.PatternBasedSqmFunctionDescriptor@15d114ce] under pi; prior registration was null
[DEBUG] 2026-10-10 17:59:39.832 [main] SqmFunctionRegistry - Registered SqmFunctionTemplate [org.hibernate.query.sqm.function.PatternBasedSqmFunctionDescriptor@3312f4f4] under log; prior registration was null
[DEBUG] 2026-10-10 17:59:39.833 [main] SqmFunctionRegistry - Registered SqmFunctionTemplate [NamedSqmFunctionTemplate(coalesce)] under coalesce; prior registration was null
[DEBUG] 2026-10-10 17:59:39.833 [main] SqmFunctionRegistry - Registered SqmFunctionTemplate [NamedSqmFunctionTemplate(nullif)] under nullif; prior registration was null
[DEBUG] 2026-10-10 17:59:39.833 [main] SqmFunctionRegistry - Registered SqmFunctionTemplate [NamedSqmFunctionTemplate(left)] under left; prior registration was null
[DEBUG] 2026-10-10 17:59:39.833 [main] SqmFunctionRegistry - Registered SqmFunctionTemplate [NamedSqmFunctionTemplate(right)] under right; prior registration was null
[DEBUG] 2026-10-10 17:59:39.833 [main] SqmFunctionRegistry - Registered SqmFunctionTemplate [NamedSqmFunctionTemplate(replace)] under replace; prior registration was null
[DEBUG] 2026-10-10 17:59:39.834 [main] SqmFunctionRegistry - Registered SqmFunctionTemplate [NamedSqmFunctionTemplate(concat)] under concat; prior registration was null
[DEBUG] 2026-10-10 17:59:39.834 [main] SqmFunctionRegistry - Registered SqmFunctionTemplate [NamedSqmFunctionTemplate(lower)] under lower; prior registration was null
[DEBUG] 2026-10-10 17:59:39.834 [main] SqmFunctionRegistry - Registered SqmFunctionTemplate [NamedSqmFunctionTemplate(upper)] under upper; prior registration was null
[DEBUG] 2026-10-10 17:59:39.834 [main] SqmFunctionRegistry - Registered SqmFunctionTemplate [NamedSqmFunctionTemplate(substring)] under substring; prior registration was null
[DEBUG] 2026-10-10 17:59:39.834 [main] SqmFunctionRegistry - Registered SqmFunctionTemplate [NamedSqmFunctionTemplate(locate)] under locate; prior registration was null
[DEBUG] 2026-10-10 17:59:39.834 [main] SqmFunctionRegistry - Registered SqmFunctionTemplate [NamedSqmFunctionTemplate(character_length)] under character_length; prior registration was null
[DEBUG] 2026-10-10 17:59:39.834 [main] SqmFunctionRegistry - Registering alternate key : length -> character_length
[DEBUG] 2026-10-10 17:59:39.835 [main] SqmFunctionRegistry - Registered SqmFunctionTemplate [org.hibernate.dialect.function.LocatePositionEmulation@62b6c045] under position; prior registration was null
[DEBUG] 2026-10-10 17:59:39.836 [main] SqmFunctionRegistry - Registered SqmFunctionTemplate [org.hibernate.dialect.function.InsertSubstringOverlayEmulation@49cb3881] under overlay; prior registration was null
[DEBUG] 2026-10-10 17:59:39.836 [main] SqmFunctionRegistry - Registered SqmFunctionTemplate [org.hibernate.dialect.function.TrimFunction@482c351d] under trim; prior registration was null
[DEBUG] 2026-10-10 17:59:39.837 [main] SqmFunctionRegistry - Registered SqmFunctionTemplate [org.hibernate.dialect.function.CastFunction@7ddcb0dc] under cast; prior registration was null
[DEBUG] 2026-10-10 17:59:39.837 [main] SqmFunctionRegistry - Registered SqmFunctionTemplate [org.hibernate.query.sqm.function.PatternBasedSqmFunctionDescriptor@f5bf288] under collate; prior registration was null
[DEBUG] 2026-10-10 17:59:39.838 [main] SqmFunctionRegistry - Registered SqmFunctionTemplate [org.hibernate.dialect.function.ExtractFunction@6e9a0bea] under extract; prior registration was null
[DEBUG] 2026-10-10 17:59:39.838 [main] SqmFunctionRegistry - Registered SqmFunctionTemplate [NamedSqmFunctionTemplate(least)] under least; prior registration was null
[DEBUG] 2026-10-10 17:59:39.838 [main] SqmFunctionRegistry - Registered SqmFunctionTemplate [NamedSqmFunctionTemplate(greatest)] under greatest; prior registration was null
[DEBUG] 2026-10-10 17:59:39.838 [main] SqmFunctionRegistry - Registered SqmFunctionTemplate [org.hibernate.dialect.function.CoalesceIfnullEmulation@1e3f86d5] under ifnull; prior registration was null
[DEBUG] 2026-10-10 17:59:39.838 [main] SqmFunctionRegistry - Registered SqmFunctionTemplate [NamedSqmFunctionTemplate(lpad)] under lpad; prior registration was null
[DEBUG] 2026-10-10 17:59:39.839 [main] SqmFunctionRegistry - Registered SqmFunctionTemplate [NamedSqmFunctionTemplate(rpad)] under rpad; prior registration was null
[DEBUG] 2026-10-10 17:59:39.839 [main] SqmFunctionRegistry - Registered SqmFunctionTemplate [org.hibernate.dialect.function.LpadRpadPadEmulation@66f5b8fe] under pad; prior registration was null
[DEBUG] 2026-10-10 17:59:39.839 [main] SqmFunctionRegistry - Registered SqmFunctionTemplate [org.hibernate.dialect.function.CastStrEmulation@5287ba5f] under str; prior registration was null
[DEBUG] 2026-10-10 17:59:39.840 [main] SqmFunctionRegistry - Registered SqmFunctionTemplate [org.hibernate.dialect.function.FormatFunction@74b00247] under format; prior registration was null
[DEBUG] 2026-10-10 17:59:39.840 [main] SqmFunctionRegistry - Registered SqmFunctionTemplate [org.hibernate.dialect.function.TimestampaddFunction@353e6389] under timestampadd; prior registration was null
[DEBUG] 2026-10-10 17:59:39.841 [main] SqmFunctionRegistry - Registered SqmFunctionTemplate [org.hibernate.dialect.function.TimestampdiffFunction@68631b1d] under timestampdiff; prior registration was null
[DEBUG] 2026-10-10 17:59:39.841 [main] SqmFunctionRegistry - Registering alternate key : dateadd -> timestampadd
[DEBUG] 2026-10-10 17:59:39.841 [main] SqmFunctionRegistry - Registering alternate key : datediff -> timestampdiff
[DEBUG] 2026-10-10 17:59:39.841 [main] SqmFunctionRegistry - Registered SqmFunctionTemplate [org.hibernate.dialect.function.CurrentFunction@14efa279] under current_date; prior registration was null
[DEBUG] 2026-10-10 17:59:39.842 [main] SqmFunctionRegistry - Registered SqmFunctionTemplate [org.hibernate.dialect.function.CurrentFunction@8e99809] under current_time; prior registration was null
[DEBUG] 2026-10-10 17:59:39.842 [main] SqmFunctionRegistry - Registered SqmFunctionTemplate [org.hibernate.dialect.function.CurrentFunction@e62319f] under current_timestamp; prior registration was null
[DEBUG] 2026-10-10 17:59:39.842 [main] SqmFunctionRegistry - Registering alternate key : current date -> current_date
[DEBUG] 2026-10-10 17:59:39.842 [main] SqmFunctionRegistry - Registering alternate key : current time -> current_time
[DEBUG] 2026-10-10 17:59:39.842 [main] SqmFunctionRegistry - Registering alternate key : current timestamp -> current_timestamp
[DEBUG] 2026-10-10 17:59:39.842 [main] SqmFunctionRegistry - Registered SqmFunctionTemplate [org.hibernate.dialect.function.CurrentFunction@4d354a3e] under local_date; prior registration was null
[DEBUG] 2026-10-10 17:59:39.842 [main] SqmFunctionRegistry - Registered SqmFunctionTemplate [org.hibernate.dialect.function.CurrentFunction@24a0c58b] under local_time; prior registration was null
[DEBUG] 2026-10-10 17:59:39.842 [main] SqmFunctionRegistry - Registered SqmFunctionTemplate [org.hibernate.dialect.function.CurrentFunction@604d28c6] under local_datetime; prior registration was null
[DEBUG] 2026-10-10 17:59:39.842 [main] SqmFunctionRegistry - Registered SqmFunctionTemplate [org.hibernate.dialect.function.CurrentFunction@7f3c0399] under offset_datetime; prior registration was null
[DEBUG] 2026-10-10 17:59:39.842 [main] SqmFunctionRegistry - Registering alternate key : local date -> local_date
[DEBUG] 2026-10-10 17:59:39.842 [main] SqmFunctionRegistry - Registering alternate key : local time -> local_time
[DEBUG] 2026-10-10 17:59:39.842 [main] SqmFunctionRegistry - Registering alternate key : local datetime -> local_datetime
[DEBUG] 2026-10-10 17:59:39.842 [main] SqmFunctionRegistry - Registering alternate key : offset datetime -> offset_datetime
[DEBUG] 2026-10-10 17:59:39.842 [main] SqmFunctionRegistry - Registered SqmFunctionTemplate [org.hibernate.dialect.function.CurrentFunction@183fc2fa] under instant; prior registration was null
[DEBUG] 2026-10-10 17:59:39.842 [main] SqmFunctionRegistry - Registering alternate key : current_instant -> instant
[DEBUG] 2026-10-10 17:59:39.843 [main] SqmFunctionRegistry - Registered SqmFunctionTemplate [org.hibernate.dialect.function.SqlFunction@4a62062a] under sql; prior registration was null
[DEBUG] 2026-10-10 17:59:39.843 [main] SqmFunctionRegistry - Registered SqmFunctionTemplate [NamedSqmFunctionTemplate(soundex)] under soundex; prior registration was null
[DEBUG] 2026-10-10 17:59:39.843 [main] SqmFunctionRegistry - Registered SqmFunctionTemplate [NamedSqmFunctionTemplate(radians)] under radians; prior registration was null
[DEBUG] 2026-10-10 17:59:39.843 [main] SqmFunctionRegistry - Registered SqmFunctionTemplate [NamedSqmFunctionTemplate(degrees)] under degrees; prior registration was null
[DEBUG] 2026-10-10 17:59:39.843 [main] SqmFunctionRegistry - Registered SqmFunctionTemplate [NamedSqmFunctionTemplate(cot)] under cot; prior registration was null
[DEBUG] 2026-10-10 17:59:39.843 [main] SqmFunctionRegistry - Registered SqmFunctionTemplate [NamedSqmFunctionTemplate(log)] under log; prior registration was org.hibernate.query.sqm.function.PatternBasedSqmFunctionDescriptor@3312f4f4
[DEBUG] 2026-10-10 17:59:39.843 [main] SqmFunctionRegistry - Registered SqmFunctionTemplate [NamedSqmFunctionTemplate(log2)] under log2; prior registration was null
[DEBUG] 2026-10-10 17:59:39.843 [main] SqmFunctionRegistry - Registered SqmFunctionTemplate [NamedSqmFunctionTemplate(log10)] under log10; prior registration was null
[DEBUG] 2026-10-10 17:59:39.843 [main] SqmFunctionRegistry - Registered SqmFunctionTemplate [NamedSqmFunctionTemplate(ltrim)] under ltrim; prior registration was null
[DEBUG] 2026-10-10 17:59:39.843 [main] SqmFunctionRegistry - Registered SqmFunctionTemplate [NamedSqmFunctionTemplate(rtrim)] under rtrim; prior registration was null
[DEBUG] 2026-10-10 17:59:39.843 [main] SqmFunctionRegistry - Registered SqmFunctionTemplate [NamedSqmFunctionTemplate(octet_length)] under octet_length; prior registration was null
[DEBUG] 2026-10-10 17:59:39.843 [main] SqmFunctionRegistry - Registered SqmFunctionTemplate [NamedSqmFunctionTemplate(reverse)] under reverse; prior registration was null
[DEBUG] 2026-10-10 17:59:39.844 [main] SqmFunctionRegistry - Registered SqmFunctionTemplate [NamedSqmFunctionTemplate(space)] under space; prior registration was null
[DEBUG] 2026-10-10 17:59:39.844 [main] SqmFunctionRegistry - Registered SqmFunctionTemplate [NamedSqmFunctionTemplate(repeat)] under repeat; prior registration was null
[DEBUG] 2026-10-10 17:59:39.844 [main] SqmFunctionRegistry - Registered SqmFunctionTemplate [org.hibernate.query.sqm.function.MultipatternSqmFunctionDescriptor@447fa959] under lpad; prior registration was NamedSqmFunctionTemplate(lpad)
[DEBUG] 2026-10-10 17:59:39.844 [main] SqmFunctionRegistry - Registered SqmFunctionTemplate [org.hibernate.query.sqm.function.MultipatternSqmFunctionDescriptor@3e4d40ea] under rpad; prior registration was NamedSqmFunctionTemplate(rpad)
[DEBUG] 2026-10-10 17:59:39.844 [main] SqmFunctionRegistry - Registered SqmFunctionTemplate [NamedSqmFunctionTemplate(md5)] under md5; prior registration was null
[DEBUG] 2026-10-10 17:59:39.845 [main] SqmFunctionRegistry - Registered SqmFunctionTemplate [NamedSqmFunctionTemplate(day)] under day; prior registration was null
[DEBUG] 2026-10-10 17:59:39.845 [main] SqmFunctionRegistry - Registered SqmFunctionTemplate [NamedSqmFunctionTemplate(month)] under month; prior registration was null
[DEBUG] 2026-10-10 17:59:39.845 [main] SqmFunctionRegistry - Registered SqmFunctionTemplate [NamedSqmFunctionTemplate(year)] under year; prior registration was null
[DEBUG] 2026-10-10 17:59:39.845 [main] SqmFunctionRegistry - Registered SqmFunctionTemplate [NamedSqmFunctionTemplate(hour)] under hour; prior registration was null
[DEBUG] 2026-10-10 17:59:39.845 [main] SqmFunctionRegistry - Registered SqmFunctionTemplate [NamedSqmFunctionTemplate(minute)] under minute; prior registration was null
[DEBUG] 2026-10-10 17:59:39.845 [main] SqmFunctionRegistry - Registered SqmFunctionTemplate [NamedSqmFunctionTemplate(second)] under second; prior registration was null
[DEBUG] 2026-10-10 17:59:39.845 [main] SqmFunctionRegistry - Registered SqmFunctionTemplate [NamedSqmFunctionTemplate(microsecond)] under microsecond; prior registration was null
[DEBUG] 2026-10-10 17:59:39.845 [main] SqmFunctionRegistry - Registered SqmFunctionTemplate [NamedSqmFunctionTemplate(dayofweek)] under dayofweek; prior registration was null
[DEBUG] 2026-10-10 17:59:39.845 [main] SqmFunctionRegistry - Registered SqmFunctionTemplate [NamedSqmFunctionTemplate(dayofmonth)] under dayofmonth; prior registration was null
[DEBUG] 2026-10-10 17:59:39.845 [main] SqmFunctionRegistry - Registering alternate key : day -> dayofmonth
[DEBUG] 2026-10-10 17:59:39.845 [main] SqmFunctionRegistry - Registered SqmFunctionTemplate [NamedSqmFunctionTemplate(dayofyear)] under dayofyear; prior registration was null
[DEBUG] 2026-10-10 17:59:39.845 [main] SqmFunctionRegistry - Registered SqmFunctionTemplate [NamedSqmFunctionTemplate(week)] under week; prior registration was null
[DEBUG] 2026-10-10 17:59:39.845 [main] SqmFunctionRegistry - Registered SqmFunctionTemplate [NamedSqmFunctionTemplate(quarter)] under quarter; prior registration was null
[DEBUG] 2026-10-10 17:59:39.845 [main] SqmFunctionRegistry - Registered SqmFunctionTemplate [NamedSqmFunctionTemplate(monthname)] under monthname; prior registration was null
[DEBUG] 2026-10-10 17:59:39.846 [main] SqmFunctionRegistry - Registered SqmFunctionTemplate [NamedSqmFunctionTemplate(dayname)] under dayname; prior registration was null
[DEBUG] 2026-10-10 17:59:39.846 [main] SqmFunctionRegistry - Registered SqmFunctionTemplate [NamedSqmFunctionTemplate(last_day)] under last_day; prior registration was null
[DEBUG] 2026-10-10 17:59:39.846 [main] SqmFunctionRegistry - Registered SqmFunctionTemplate [NamedSqmFunctionTemplate(date)] under date; prior registration was null
[DEBUG] 2026-10-10 17:59:39.846 [main] SqmFunctionRegistry - Registered SqmFunctionTemplate [NamedSqmFunctionTemplate(timestamp)] under timestamp; prior registration was null
[DEBUG] 2026-10-10 17:59:39.846 [main] SqmFunctionRegistry - Registered SqmFunctionTemplate [NamedSqmFunctionTemplate(time)] under time; prior registration was null
[DEBUG] 2026-10-10 17:59:39.846 [main] SqmFunctionRegistry - Registered SqmFunctionTemplate [NamedSqmFunctionTemplate(utc_date)] under utc_date; prior registration was null
[DEBUG] 2026-10-10 17:59:39.846 [main] SqmFunctionRegistry - Registered SqmFunctionTemplate [NamedSqmFunctionTemplate(utc_time)] under utc_time; prior registration was null
[DEBUG] 2026-10-10 17:59:39.846 [main] SqmFunctionRegistry - Registered SqmFunctionTemplate [NamedSqmFunctionTemplate(utc_timestamp)] under utc_timestamp; prior registration was null
[DEBUG] 2026-10-10 17:59:39.847 [main] SqmFunctionRegistry - Registered SqmFunctionTemplate [NamedSqmFunctionTemplate(rand)] under rand; prior registration was null
[DEBUG] 2026-10-10 17:59:39.848 [main] SqmFunctionRegistry - Registered SqmFunctionTemplate [NamedSqmFunctionTemplate(crc32)] under crc32; prior registration was null
[DEBUG] 2026-10-10 17:59:39.848 [main] SqmFunctionRegistry - Registered SqmFunctionTemplate [NamedSqmFunctionTemplate(sha1)] under sha1; prior registration was null
[DEBUG] 2026-10-10 17:59:39.848 [main] SqmFunctionRegistry - Registered SqmFunctionTemplate [NamedSqmFunctionTemplate(sha2)] under sha2; prior registration was null
[DEBUG] 2026-10-10 17:59:39.848 [main] SqmFunctionRegistry - Registered SqmFunctionTemplate [NamedSqmFunctionTemplate(sha)] under sha; prior registration was null
[DEBUG] 2026-10-10 17:59:39.848 [main] SqmFunctionRegistry - Registered SqmFunctionTemplate [NamedSqmFunctionTemplate(bit_length)] under bit_length; prior registration was null
[DEBUG] 2026-10-10 17:59:39.848 [main] SqmFunctionRegistry - Registered SqmFunctionTemplate [NamedSqmFunctionTemplate(octet_length)] under octet_length; prior registration was NamedSqmFunctionTemplate(octet_length)
[DEBUG] 2026-10-10 17:59:39.848 [main] SqmFunctionRegistry - Registered SqmFunctionTemplate [NamedSqmFunctionTemplate(ascii)] under ascii; prior registration was null
[DEBUG] 2026-10-10 17:59:39.848 [main] SqmFunctionRegistry - Registered SqmFunctionTemplate [NamedSqmFunctionTemplate(instr)] under instr; prior registration was null
[DEBUG] 2026-10-10 17:59:39.848 [main] SqmFunctionRegistry - Registered SqmFunctionTemplate [NamedSqmFunctionTemplate(substr)] under substr; prior registration was null
[DEBUG] 2026-10-10 17:59:39.848 [main] SqmFunctionRegistry - Registered SqmFunctionTemplate [org.hibernate.query.sqm.function.PatternBasedSqmFunctionDescriptor@73f6e07] under position; prior registration was org.hibernate.dialect.function.LocatePositionEmulation@62b6c045
[DEBUG] 2026-10-10 17:59:39.848 [main] SqmFunctionRegistry - Registered SqmFunctionTemplate [NamedSqmFunctionTemplate(curtime)] under curtime; prior registration was null
[DEBUG] 2026-10-10 17:59:39.849 [main] SqmFunctionRegistry - Registered SqmFunctionTemplate [NamedSqmFunctionTemplate(curdate)] under curdate; prior registration was null
[DEBUG] 2026-10-10 17:59:39.849 [main] SqmFunctionRegistry - Registered SqmFunctionTemplate [NamedSqmFunctionTemplate(now)] under now; prior registration was null
[DEBUG] 2026-10-10 17:59:39.852 [main] SqmFunctionRegistry - Registered SqmFunctionTemplate [org.hibernate.dialect.function.TruncFunction@634f58d2] under trunc; prior registration was null
[DEBUG] 2026-10-10 17:59:39.852 [main] SqmFunctionRegistry - Registering alternate key : truncate -> trunc
[DEBUG] 2026-10-10 17:59:39.852 [main] SqmFunctionRegistry - Registered SqmFunctionTemplate [NamedSqmFunctionTemplate(insert)] under insert; prior registration was null
[DEBUG] 2026-10-10 17:59:39.852 [main] SqmFunctionRegistry - Registered SqmFunctionTemplate [org.hibernate.query.sqm.function.PatternBasedSqmFunctionDescriptor@585513a8] under bitand; prior registration was null
[DEBUG] 2026-10-10 17:59:39.852 [main] SqmFunctionRegistry - Registered SqmFunctionTemplate [org.hibernate.query.sqm.function.PatternBasedSqmFunctionDescriptor@7b18658a] under bitor; prior registration was null
[DEBUG] 2026-10-10 17:59:39.852 [main] SqmFunctionRegistry - Registered SqmFunctionTemplate [org.hibernate.query.sqm.function.PatternBasedSqmFunctionDescriptor@30f28b5] under bitxor; prior registration was null
[DEBUG] 2026-10-10 17:59:39.852 [main] SqmFunctionRegistry - Registered SqmFunctionTemplate [org.hibernate.query.sqm.function.PatternBasedSqmFunctionDescriptor@1a1f79ce] under bitnot; prior registration was null
[DEBUG] 2026-10-10 17:59:39.853 [main] SqmFunctionRegistry - Registered SqmFunctionTemplate [NamedSqmFunctionTemplate(bit_and)] under bit_and; prior registration was null
[DEBUG] 2026-10-10 17:59:39.853 [main] SqmFunctionRegistry - Registered SqmFunctionTemplate [NamedSqmFunctionTemplate(bit_or)] under bit_or; prior registration was null
[DEBUG] 2026-10-10 17:59:39.853 [main] SqmFunctionRegistry - Registered SqmFunctionTemplate [NamedSqmFunctionTemplate(stddev)] under stddev; prior registration was null
[DEBUG] 2026-10-10 17:59:39.853 [main] SqmFunctionRegistry - Registered SqmFunctionTemplate [NamedSqmFunctionTemplate(stddev_pop)] under stddev_pop; prior registration was null
[DEBUG] 2026-10-10 17:59:39.853 [main] SqmFunctionRegistry - Registered SqmFunctionTemplate [NamedSqmFunctionTemplate(stddev_samp)] under stddev_samp; prior registration was null
[DEBUG] 2026-10-10 17:59:39.853 [main] SqmFunctionRegistry - Registered SqmFunctionTemplate [NamedSqmFunctionTemplate(variance)] under variance; prior registration was null
[DEBUG] 2026-10-10 17:59:39.853 [main] SqmFunctionRegistry - Registered SqmFunctionTemplate [NamedSqmFunctionTemplate(var_pop)] under var_pop; prior registration was null
[DEBUG] 2026-10-10 17:59:39.853 [main] SqmFunctionRegistry - Registered SqmFunctionTemplate [NamedSqmFunctionTemplate(var_samp)] under var_samp; prior registration was null
[DEBUG] 2026-10-10 17:59:39.853 [main] SqmFunctionRegistry - Registered SqmFunctionTemplate [NamedSqmFunctionTemplate(datediff)] under datediff; prior registration was null
[DEBUG] 2026-10-10 17:59:39.853 [main] SqmFunctionRegistry - Registered SqmFunctionTemplate [NamedSqmFunctionTemplate(adddate)] under adddate; prior registration was null
[DEBUG] 2026-10-10 17:59:39.853 [main] SqmFunctionRegistry - Registered SqmFunctionTemplate [NamedSqmFunctionTemplate(subdate)] under subdate; prior registration was null
[DEBUG] 2026-10-10 17:59:39.853 [main] SqmFunctionRegistry - Registered SqmFunctionTemplate [NamedSqmFunctionTemplate(addtime)] under addtime; prior registration was null
[DEBUG] 2026-10-10 17:59:39.854 [main] SqmFunctionRegistry - Registered SqmFunctionTemplate [NamedSqmFunctionTemplate(subtime)] under subtime; prior registration was null
[DEBUG] 2026-10-10 17:59:39.854 [main] SqmFunctionRegistry - Registered SqmFunctionTemplate [org.hibernate.dialect.function.FormatFunction@6aa7e176] under format; prior registration was org.hibernate.dialect.function.FormatFunction@74b00247
[DEBUG] 2026-10-10 17:59:39.854 [main] SqmFunctionRegistry - Registered SqmFunctionTemplate [NamedSqmFunctionTemplate(makedate)] under makedate; prior registration was null
[DEBUG] 2026-10-10 17:59:39.854 [main] SqmFunctionRegistry - Registered SqmFunctionTemplate [NamedSqmFunctionTemplate(maketime)] under maketime; prior registration was null
[DEBUG] 2026-10-10 17:59:39.854 [main] SqmFunctionRegistry - Registered SqmFunctionTemplate [NamedSqmFunctionTemplate(localtime)] under localtime; prior registration was null
[DEBUG] 2026-10-10 17:59:39.854 [main] SqmFunctionRegistry - Registered SqmFunctionTemplate [NamedSqmFunctionTemplate(localtimestamp)] under localtimestamp; prior registration was null
[DEBUG] 2026-10-10 17:59:39.854 [main] SqmFunctionRegistry - Registered SqmFunctionTemplate [NamedSqmFunctionTemplate(localtime)] under local_time; prior registration was org.hibernate.dialect.function.CurrentFunction@24a0c58b
[DEBUG] 2026-10-10 17:59:39.854 [main] SqmFunctionRegistry - Registered SqmFunctionTemplate [NamedSqmFunctionTemplate(localtimestamp)] under local_datetime; prior registration was org.hibernate.dialect.function.CurrentFunction@604d28c6
[DEBUG] 2026-10-10 17:59:39.854 [main] SqmFunctionRegistry - Registered SqmFunctionTemplate [NamedSqmFunctionTemplate(localtime)] under localtime; prior registration was NamedSqmFunctionTemplate(localtime)
[DEBUG] 2026-10-10 17:59:39.854 [main] SqmFunctionRegistry - Registered SqmFunctionTemplate [org.hibernate.query.sqm.function.PatternBasedSqmFunctionDescriptor@52abed9d] under pi; prior registration was org.hibernate.query.sqm.function.PatternBasedSqmFunctionDescriptor@15d114ce
[DEBUG] 2026-10-10 17:59:39.854 [main] SqmFunctionRegistry - Registered SqmFunctionTemplate [org.hibernate.query.sqm.function.PatternBasedSqmFunctionDescriptor@281b2dfd] under chr; prior registration was null
[DEBUG] 2026-10-10 17:59:39.854 [main] SqmFunctionRegistry - Registering alternate key : char -> chr
[DEBUG] 2026-10-10 17:59:39.854 [main] SqmFunctionRegistry - Registered SqmFunctionTemplate [org.hibernate.query.sqm.function.PatternBasedSqmFunctionDescriptor@492be039] under sysdate; prior registration was null
[DEBUG] 2026-10-10 17:59:39.855 [main] SqmFunctionRegistry - Registered SqmFunctionTemplate [org.hibernate.dialect.function.ListaggGroupConcatEmulation@76216830] under listagg; prior registration was null
[DEBUG] 2026-10-10 17:59:39.859 [main] HQL_FUNCTIONS - abs(NUMERIC arg)
[DEBUG] 2026-10-10 17:59:39.859 [main] HQL_FUNCTIONS - Double acos(NUMERIC arg)
[DEBUG] 2026-10-10 17:59:39.859 [main] HQL_FUNCTIONS - adddate(DATE datetime, INTEGER days)
[DEBUG] 2026-10-10 17:59:39.859 [main] HQL_FUNCTIONS - addtime(TIME datetime, TIME time)
[DEBUG] 2026-10-10 17:59:39.859 [main] HQL_FUNCTIONS - Boolean any(BOOLEAN arg)
[DEBUG] 2026-10-10 17:59:39.859 [main] HQL_FUNCTIONS - Integer ascii(STRING arg)
[DEBUG] 2026-10-10 17:59:39.859 [main] HQL_FUNCTIONS - Double asin(NUMERIC arg)
[DEBUG] 2026-10-10 17:59:39.859 [main] HQL_FUNCTIONS - Double atan(NUMERIC arg)
[DEBUG] 2026-10-10 17:59:39.859 [main] HQL_FUNCTIONS - Double atan2(NUMERIC arg0, NUMERIC arg1)
[DEBUG] 2026-10-10 17:59:39.860 [main] HQL_FUNCTIONS - avg(arg)
[DEBUG] 2026-10-10 17:59:39.860 [main] HQL_FUNCTIONS - bit_and(arg)
[DEBUG] 2026-10-10 17:59:39.860 [main] HQL_FUNCTIONS - Integer bit_length(STRING_OR_CLOB arg)
[DEBUG] 2026-10-10 17:59:39.860 [main] HQL_FUNCTIONS - bit_or(arg)
[DEBUG] 2026-10-10 17:59:39.860 [main] HQL_FUNCTIONS - bitand(arg0, arg1)
[DEBUG] 2026-10-10 17:59:39.860 [main] HQL_FUNCTIONS - bitnot(arg)
[DEBUG] 2026-10-10 17:59:39.860 [main] HQL_FUNCTIONS - bitor(arg0, arg1)
[DEBUG] 2026-10-10 17:59:39.860 [main] HQL_FUNCTIONS - bitxor(arg0, arg1)
[DEBUG] 2026-10-10 17:59:39.860 [main] HQL_FUNCTIONS - cast(arg as Type)
[DEBUG] 2026-10-10 17:59:39.860 [main] HQL_FUNCTIONS - ceiling(NUMERIC arg)
[DEBUG] 2026-10-10 17:59:39.860 [main] HQL_FUNCTIONS - Character char(INTEGER arg)
[DEBUG] 2026-10-10 17:59:39.860 [main] HQL_FUNCTIONS - Integer character_length(STRING_OR_CLOB arg)
[DEBUG] 2026-10-10 17:59:39.860 [main] HQL_FUNCTIONS - Character chr(INTEGER arg)
[DEBUG] 2026-10-10 17:59:39.860 [main] HQL_FUNCTIONS - coalesce(arg0[, arg1[, ...]])
[DEBUG] 2026-10-10 17:59:39.860 [main] HQL_FUNCTIONS - String collate(STRING string as COLLATION collation)
[DEBUG] 2026-10-10 17:59:39.860 [main] HQL_FUNCTIONS - String concat(STRING string0[, STRING string1[, ...]])
[DEBUG] 2026-10-10 17:59:39.860 [main] HQL_FUNCTIONS - Double cos(NUMERIC arg)
[DEBUG] 2026-10-10 17:59:39.860 [main] HQL_FUNCTIONS - Double cosh(NUMERIC arg)
[DEBUG] 2026-10-10 17:59:39.860 [main] HQL_FUNCTIONS - Double cot(NUMERIC arg)
[DEBUG] 2026-10-10 17:59:39.860 [main] HQL_FUNCTIONS - Long count([distinct ]{arg|*})
[DEBUG] 2026-10-10 17:59:39.860 [main] HQL_FUNCTIONS - Integer crc32(arg)
[DEBUG] 2026-10-10 17:59:39.860 [main] HQL_FUNCTIONS - Date curdate()
[DEBUG] 2026-10-10 17:59:39.860 [main] HQL_FUNCTIONS - Date current date
[DEBUG] 2026-10-10 17:59:39.860 [main] HQL_FUNCTIONS - Time current time
[DEBUG] 2026-10-10 17:59:39.860 [main] HQL_FUNCTIONS - Timestamp current timestamp
[DEBUG] 2026-10-10 17:59:39.860 [main] HQL_FUNCTIONS - Date current_date
[DEBUG] 2026-10-10 17:59:39.861 [main] HQL_FUNCTIONS - Instant current_instant
[DEBUG] 2026-10-10 17:59:39.861 [main] HQL_FUNCTIONS - Time current_time
[DEBUG] 2026-10-10 17:59:39.861 [main] HQL_FUNCTIONS - Timestamp current_timestamp
[DEBUG] 2026-10-10 17:59:39.861 [main] HQL_FUNCTIONS - Time curtime()
[DEBUG] 2026-10-10 17:59:39.861 [main] HQL_FUNCTIONS - Date date(arg)
[DEBUG] 2026-10-10 17:59:39.861 [main] HQL_FUNCTIONS - dateadd(TEMPORAL_UNIT field, INTEGER magnitude, TEMPORAL datetime)
[DEBUG] 2026-10-10 17:59:39.861 [main] HQL_FUNCTIONS - Integer datediff(DATE end, DATE start)
[DEBUG] 2026-10-10 17:59:39.861 [main] HQL_FUNCTIONS - Integer day(DATE arg)
[DEBUG] 2026-10-10 17:59:39.861 [main] HQL_FUNCTIONS - String dayname(DATE arg)
[DEBUG] 2026-10-10 17:59:39.861 [main] HQL_FUNCTIONS - Integer dayofmonth(DATE arg)
[DEBUG] 2026-10-10 17:59:39.861 [main] HQL_FUNCTIONS - Integer dayofweek(DATE arg)
[DEBUG] 2026-10-10 17:59:39.861 [main] HQL_FUNCTIONS - Integer dayofyear(DATE arg)
[DEBUG] 2026-10-10 17:59:39.861 [main] HQL_FUNCTIONS - Double degrees(NUMERIC arg)
[DEBUG] 2026-10-10 17:59:39.861 [main] HQL_FUNCTIONS - Boolean every(BOOLEAN arg)
[DEBUG] 2026-10-10 17:59:39.861 [main] HQL_FUNCTIONS - Double exp(NUMERIC arg)
[DEBUG] 2026-10-10 17:59:39.861 [main] HQL_FUNCTIONS - extract(TEMPORAL_UNIT field from TEMPORAL arg)
[DEBUG] 2026-10-10 17:59:39.862 [main] HQL_FUNCTIONS - floor(NUMERIC arg)
[DEBUG] 2026-10-10 17:59:39.862 [main] HQL_FUNCTIONS - String format(TEMPORAL datetime as STRING pattern)
[DEBUG] 2026-10-10 17:59:39.862 [main] HQL_FUNCTIONS - greatest(COMPARABLE arg0, COMPARABLE arg1[, arg2[, ...]])
[DEBUG] 2026-10-10 17:59:39.862 [main] HQL_FUNCTIONS - Integer hour(TIME arg)
[DEBUG] 2026-10-10 17:59:39.862 [main] HQL_FUNCTIONS - ifnull(arg0, arg1)
[DEBUG] 2026-10-10 17:59:39.862 [main] HQL_FUNCTIONS - String insert(STRING string, INTEGER start, INTEGER length, STRING replacement)
[DEBUG] 2026-10-10 17:59:39.862 [main] HQL_FUNCTIONS - Instant instant
[DEBUG] 2026-10-10 17:59:39.862 [main] HQL_FUNCTIONS - Integer instr(STRING string, STRING pattern[, INTEGER start[, INTEGER occurrence]])
[DEBUG] 2026-10-10 17:59:39.862 [main] HQL_FUNCTIONS - Date last_day(DATE arg)
[DEBUG] 2026-10-10 17:59:39.862 [main] HQL_FUNCTIONS - least(COMPARABLE arg0, COMPARABLE arg1[, arg2[, ...]])
[DEBUG] 2026-10-10 17:59:39.862 [main] HQL_FUNCTIONS - String left(STRING string, INTEGER length)
[DEBUG] 2026-10-10 17:59:39.862 [main] HQL_FUNCTIONS - Integer length(STRING_OR_CLOB arg)
[DEBUG] 2026-10-10 17:59:39.863 [main] HQL_FUNCTIONS - String listagg(STRING arg0, STRING arg1)
[DEBUG] 2026-10-10 17:59:39.863 [main] HQL_FUNCTIONS - Double ln(NUMERIC arg)
[DEBUG] 2026-10-10 17:59:39.863 [main] HQL_FUNCTIONS - LocalDate local date
[DEBUG] 2026-10-10 17:59:39.863 [main] HQL_FUNCTIONS - LocalDateTime local datetime
[DEBUG] 2026-10-10 17:59:39.863 [main] HQL_FUNCTIONS - LocalTime local time
[DEBUG] 2026-10-10 17:59:39.863 [main] HQL_FUNCTIONS - LocalDate local_date
[DEBUG] 2026-10-10 17:59:39.863 [main] HQL_FUNCTIONS - LocalDateTime local_datetime
[DEBUG] 2026-10-10 17:59:39.863 [main] HQL_FUNCTIONS - LocalTime local_time
[DEBUG] 2026-10-10 17:59:39.864 [main] HQL_FUNCTIONS - Timestamp localtime
[DEBUG] 2026-10-10 17:59:39.864 [main] HQL_FUNCTIONS - Timestamp localtimestamp
[DEBUG] 2026-10-10 17:59:39.864 [main] HQL_FUNCTIONS - Integer locate(STRING pattern, STRING string[, INTEGER start])
[DEBUG] 2026-10-10 17:59:39.864 [main] HQL_FUNCTIONS - Double log(NUMERIC arg0[, NUMERIC arg1])
[DEBUG] 2026-10-10 17:59:39.864 [main] HQL_FUNCTIONS - Double log10(NUMERIC arg)
[DEBUG] 2026-10-10 17:59:39.864 [main] HQL_FUNCTIONS - Double log2(NUMERIC arg)
[DEBUG] 2026-10-10 17:59:39.864 [main] HQL_FUNCTIONS - String lower(STRING string)
[DEBUG] 2026-10-10 17:59:39.864 [main] HQL_FUNCTIONS - String lpad(string, length[, padding])
[DEBUG] 2026-10-10 17:59:39.864 [main] HQL_FUNCTIONS - String ltrim(STRING string[, STRING characters])
[DEBUG] 2026-10-10 17:59:39.864 [main] HQL_FUNCTIONS - Date makedate(INTEGER year, INTEGER dayofyear)
[DEBUG] 2026-10-10 17:59:39.864 [main] HQL_FUNCTIONS - Time maketime(INTEGER hour, INTEGER min, INTEGER sec)
[DEBUG] 2026-10-10 17:59:39.864 [main] HQL_FUNCTIONS - max(COMPARABLE arg)
[DEBUG] 2026-10-10 17:59:39.864 [main] HQL_FUNCTIONS - String md5(arg)
[DEBUG] 2026-10-10 17:59:39.864 [main] HQL_FUNCTIONS - Integer microsecond(TIME arg)
[DEBUG] 2026-10-10 17:59:39.864 [main] HQL_FUNCTIONS - min(COMPARABLE arg)
[DEBUG] 2026-10-10 17:59:39.864 [main] HQL_FUNCTIONS - Integer minute(TIME arg)
[DEBUG] 2026-10-10 17:59:39.864 [main] HQL_FUNCTIONS - Integer mod(INTEGER arg0, INTEGER arg1)
[DEBUG] 2026-10-10 17:59:39.865 [main] HQL_FUNCTIONS - Integer month(DATE arg)
[DEBUG] 2026-10-10 17:59:39.865 [main] HQL_FUNCTIONS - String monthname(DATE arg)
[DEBUG] 2026-10-10 17:59:39.865 [main] HQL_FUNCTIONS - Timestamp now()
[DEBUG] 2026-10-10 17:59:39.865 [main] HQL_FUNCTIONS - nullif(arg0, arg1)
[DEBUG] 2026-10-10 17:59:39.865 [main] HQL_FUNCTIONS - Integer octet_length(STRING_OR_CLOB arg)
[DEBUG] 2026-10-10 17:59:39.865 [main] HQL_FUNCTIONS - OffsetDateTime offset datetime
[DEBUG] 2026-10-10 17:59:39.865 [main] HQL_FUNCTIONS - OffsetDateTime offset_datetime
[DEBUG] 2026-10-10 17:59:39.865 [main] HQL_FUNCTIONS - String overlay(STRING string placing STRING replacement from INTEGER start[ for INTEGER length])
[DEBUG] 2026-10-10 17:59:39.865 [main] HQL_FUNCTIONS - String pad(STRING string with INTEGER length {leading|trailing}[ STRING character])
[DEBUG] 2026-10-10 17:59:39.865 [main] HQL_FUNCTIONS - Double pi
[DEBUG] 2026-10-10 17:59:39.865 [main] HQL_FUNCTIONS - Integer position(STRING pattern in STRING string)
[DEBUG] 2026-10-10 17:59:39.865 [main] HQL_FUNCTIONS - Double power(NUMERIC arg0, NUMERIC arg1)
[DEBUG] 2026-10-10 17:59:39.865 [main] HQL_FUNCTIONS - Integer quarter(DATE arg)
[DEBUG] 2026-10-10 17:59:39.865 [main] HQL_FUNCTIONS - Double radians(NUMERIC arg)
[DEBUG] 2026-10-10 17:59:39.865 [main] HQL_FUNCTIONS - Double rand([INTEGER seed])
[DEBUG] 2026-10-10 17:59:39.865 [main] HQL_FUNCTIONS - String repeat(STRING string, INTEGER times)
[DEBUG] 2026-10-10 17:59:39.865 [main] HQL_FUNCTIONS - String replace(STRING string, STRING pattern, STRING replacement)
[DEBUG] 2026-10-10 17:59:39.865 [main] HQL_FUNCTIONS - String reverse(STRING arg)
[DEBUG] 2026-10-10 17:59:39.865 [main] HQL_FUNCTIONS - String right(STRING string, INTEGER length)
[DEBUG] 2026-10-10 17:59:39.865 [main] HQL_FUNCTIONS - round(NUMERIC number[, INTEGER places])
[DEBUG] 2026-10-10 17:59:39.865 [main] HQL_FUNCTIONS - String rpad(string, length[, padding])
[DEBUG] 2026-10-10 17:59:39.865 [main] HQL_FUNCTIONS - String rtrim(STRING string[, STRING characters])
[DEBUG] 2026-10-10 17:59:39.865 [main] HQL_FUNCTIONS - Integer second(TIME arg)
[DEBUG] 2026-10-10 17:59:39.865 [main] HQL_FUNCTIONS - String sha(arg)
[DEBUG] 2026-10-10 17:59:39.865 [main] HQL_FUNCTIONS - String sha1(arg)
[DEBUG] 2026-10-10 17:59:39.866 [main] HQL_FUNCTIONS - String sha2(arg0, arg1)
[DEBUG] 2026-10-10 17:59:39.866 [main] HQL_FUNCTIONS - Integer sign(NUMERIC arg)
[DEBUG] 2026-10-10 17:59:39.866 [main] HQL_FUNCTIONS - Double sin(NUMERIC arg)
[DEBUG] 2026-10-10 17:59:39.866 [main] HQL_FUNCTIONS - Double sinh(NUMERIC arg)
[DEBUG] 2026-10-10 17:59:39.866 [main] HQL_FUNCTIONS - String soundex(arg)
[DEBUG] 2026-10-10 17:59:39.866 [main] HQL_FUNCTIONS - String space(INTEGER arg)
[DEBUG] 2026-10-10 17:59:39.866 [main] HQL_FUNCTIONS - Object sql
[DEBUG] 2026-10-10 17:59:39.866 [main] HQL_FUNCTIONS - Double sqrt(NUMERIC arg)
[DEBUG] 2026-10-10 17:59:39.866 [main] HQL_FUNCTIONS - Double stddev(NUMERIC arg)
[DEBUG] 2026-10-10 17:59:39.866 [main] HQL_FUNCTIONS - Double stddev_pop(NUMERIC arg)
[DEBUG] 2026-10-10 17:59:39.866 [main] HQL_FUNCTIONS - Double stddev_samp(NUMERIC arg)
[DEBUG] 2026-10-10 17:59:39.867 [main] HQL_FUNCTIONS - String str(arg)
[DEBUG] 2026-10-10 17:59:39.867 [main] HQL_FUNCTIONS - subdate(DATE datetime, INTEGER days)
[DEBUG] 2026-10-10 17:59:39.867 [main] HQL_FUNCTIONS - String substr(STRING string, INTEGER start[, INTEGER length])
[DEBUG] 2026-10-10 17:59:39.867 [main] HQL_FUNCTIONS - String substring(STRING string{ from|,} INTEGER start[{ for|,} INTEGER length])
[DEBUG] 2026-10-10 17:59:39.867 [main] HQL_FUNCTIONS - subtime(TIME datetime, TIME time)
[DEBUG] 2026-10-10 17:59:39.867 [main] HQL_FUNCTIONS - sum(arg)
[DEBUG] 2026-10-10 17:59:39.867 [main] HQL_FUNCTIONS - Timestamp sysdate()
[DEBUG] 2026-10-10 17:59:39.867 [main] HQL_FUNCTIONS - Double tan(NUMERIC arg)
[DEBUG] 2026-10-10 17:59:39.867 [main] HQL_FUNCTIONS - Double tanh(NUMERIC arg)
[DEBUG] 2026-10-10 17:59:39.867 [main] HQL_FUNCTIONS - String time(arg)
[DEBUG] 2026-10-10 17:59:39.867 [main] HQL_FUNCTIONS - Timestamp timestamp(arg0[, arg1])
[DEBUG] 2026-10-10 17:59:39.867 [main] HQL_FUNCTIONS - timestampadd(TEMPORAL_UNIT field, INTEGER magnitude, TEMPORAL datetime)
[DEBUG] 2026-10-10 17:59:39.867 [main] HQL_FUNCTIONS - basicType@14(java.lang.Long,-5)|basicType@17(java.lang.Double,8) timestampdiff(TEMPORAL_UNIT field, TEMPORAL start, TEMPORAL end)
[DEBUG] 2026-10-10 17:59:39.867 [main] HQL_FUNCTIONS - String trim([[{leading|trailing|both} ][STRING arg0 ]from] STRING arg1)
[DEBUG] 2026-10-10 17:59:39.867 [main] HQL_FUNCTIONS - trunc( ... )
[DEBUG] 2026-10-10 17:59:39.868 [main] HQL_FUNCTIONS - truncate( ... )
[DEBUG] 2026-10-10 17:59:39.868 [main] HQL_FUNCTIONS - String upper(STRING string)
[DEBUG] 2026-10-10 17:59:39.868 [main] HQL_FUNCTIONS - Date utc_date
[DEBUG] 2026-10-10 17:59:39.868 [main] HQL_FUNCTIONS - Time utc_time
[DEBUG] 2026-10-10 17:59:39.868 [main] HQL_FUNCTIONS - Timestamp utc_timestamp
[DEBUG] 2026-10-10 17:59:39.868 [main] HQL_FUNCTIONS - Double var_pop(NUMERIC arg)
[DEBUG] 2026-10-10 17:59:39.868 [main] HQL_FUNCTIONS - Double var_samp(NUMERIC arg)
[DEBUG] 2026-10-10 17:59:39.868 [main] HQL_FUNCTIONS - Double variance(NUMERIC arg)
[DEBUG] 2026-10-10 17:59:39.868 [main] HQL_FUNCTIONS - Integer week(DATE arg)
[DEBUG] 2026-10-10 17:59:39.868 [main] HQL_FUNCTIONS - Integer year(DATE arg)
[DEBUG] 2026-10-10 17:59:39.874 [main] cache - Starting QueryInterpretationCache(2048)
[DEBUG] 2026-10-10 17:59:39.968 [main] SessionFactoryServiceRegistryImpl - EventListenerRegistry access via ServiceRegistry is deprecated.  Use `sessionFactory.getEventEngine().getListenerRegistry()` instead
[DEBUG] 2026-10-10 17:59:39.969 [main] EntityCopyObserverFactoryInitiator - Configured EntityCopyObserver strategy: disallow
[DEBUG] 2026-10-10 17:59:40.047 [main] ClassLoaderAccessImpl - Not known whether passed class name [com.magMan.entity.Card] is safe
[DEBUG] 2026-10-10 17:59:40.047 [main] ClassLoaderAccessImpl - No temp ClassLoader provided; using live ClassLoader for loading potentially unsafe class : com.magMan.entity.Card
[DEBUG] 2026-10-10 17:59:40.269 [main] BytecodeProviderImpl - HHH000513: Unable to create the ReflectionOptimizer for [com.magMan.entity.Card]: private accessor [cardCmc]
[DEBUG] 2026-10-10 17:59:40.306 [main] interceptor - To-one property `com.magMan.entity.Ruling#card` was mapped with LAZY + NO_PROXY but the class was not enhanced
[DEBUG] 2026-10-10 17:59:40.306 [main] interceptor - To-one property `com.magMan.entity.Ruling#card` was mapped with LAZY + NO_PROXY but the class was not enhanced
[DEBUG] 2026-10-10 17:59:40.307 [main] ClassLoaderAccessImpl - Not known whether passed class name [com.magMan.entity.Ruling] is safe
[DEBUG] 2026-10-10 17:59:40.307 [main] ClassLoaderAccessImpl - No temp ClassLoader provided; using live ClassLoader for loading potentially unsafe class : com.magMan.entity.Ruling
[DEBUG] 2026-10-10 17:59:40.347 [main] BytecodeProviderImpl - HHH000513: Unable to create the ReflectionOptimizer for [com.magMan.entity.Ruling]: private accessor [card]
[DEBUG] 2026-10-10 17:59:40.349 [main] interceptor - To-one property `com.magMan.entity.Ruling#card` was mapped with LAZY + NO_PROXY but the class was not enhanced
[DEBUG] 2026-10-10 17:59:40.406 [main] mutation - Skipping collection (re)creation - com.magMan.entity.Card.rulings
[DEBUG] 2026-10-10 17:59:40.408 [main] mutation - Skipping collection row deletions - com.magMan.entity.Card.rulings
[DEBUG] 2026-10-10 17:59:40.410 [main] mutation - Skipping collection removals - com.magMan.entity.Card.rulings
[DEBUG] 2026-10-10 17:59:40.622 [main] creation - Starting post-init callbacks
[DEBUG] 2026-10-10 17:59:40.622 [main] creation - Starting PostInitCallbackEntry : PluralAttributeMapping( NavigableRole[com.magMan.entity.Card.rulings#{element}]) - element descriptor
[DEBUG] 2026-10-10 17:59:40.622 [main] creation - Starting PostInitCallbackEntry : PluralAttributeMapping(com.magMan.entity.Card.rulings)#finishInitialization
[DEBUG] 2026-10-10 17:59:40.622 [main] creation - Starting PostInitCallbackEntry : PluralAttributeMapping(com.magMan.entity.Card.rulings) - key descriptor
[DEBUG] 2026-10-10 17:59:40.631 [main] creation - Starting PostInitCallbackEntry : Entity(com.magMan.entity.Card) `staticFetchableList` generator
[DEBUG] 2026-10-10 17:59:40.637 [main] creation - Starting PostInitCallbackEntry : To-one key - NavigableRole[com.magMan.entity.Ruling.card]
[DEBUG] 2026-10-10 17:59:40.637 [main] creation - Starting PostInitCallbackEntry : Entity(com.magMan.entity.Ruling) `staticFetchableList` generator
[DEBUG] 2026-10-10 17:59:40.637 [main] creation - Starting PostInitCallbackEntry : PluralAttributeMapping( NavigableRole[com.magMan.entity.Card.rulings#{element}]) - element descriptor
[DEBUG] 2026-10-10 17:59:40.920 [main] create - Created new SQL alias : c1_0
[DEBUG] 2026-10-10 17:59:40.972 [main] create - Registration of TableGroup [StandardTableGroup(com.magMan.entity.Card)] with identifierForTableGroup [com.magMan.entity.Card] for NavigablePath [com.magMan.entity.Card] 
[DEBUG] 2026-10-10 17:59:41.014 [main] create - Created new SQL alias : r1_0
[DEBUG] 2026-10-10 17:59:41.043 [main] create - Registration of TableGroup [org.hibernate.sql.ast.tree.from.OneToManyTableGroup@4cb4c4cc] with identifierForTableGroup [com.magMan.entity.Card.rulings] for NavigablePath [com.magMan.entity.Card.rulings] 
[DEBUG] 2026-10-10 17:59:41.055 [main] create - Registration of TableGroup [StandardTableGroup(com.magMan.entity.Card.rulings.{element})] with identifierForTableGroup [com.magMan.entity.Card.rulings.{element}] for NavigablePath [com.magMan.entity.Card.rulings.{element}] 
[DEBUG] 2026-10-10 17:59:41.158 [main] AST - DomainResult Graph:
 \-EntityResultImpl [com.magMan.entity.Card]
 |  +-BasicFetch [com.magMan.entity.Card.cardCmc]
 |  +-BasicFetch [com.magMan.entity.Card.cardName]
 |  +-BasicFetch [com.magMan.entity.Card.cardQuantity]
 |  +-BasicFetch [com.magMan.entity.Card.cardType]
 |  \-EagerCollectionFetch [com.magMan.entity.Card.rulings]
 |  |  \-EntityFetchJoinedImpl [com.magMan.entity.Card.rulings.{element}]

[DEBUG] 2026-10-10 17:59:41.310 [main] tree - SQL AST Tree:
    SelectStatement {
      FromClause {
        StandardTableGroup (c1 : com.magMan.entity.Card) {
          primaryTableReference : cards as c1_0
          TableGroupJoins {
            left  join OneToManyTableGroup (r1 : com.magMan.entity.Card.rulings) {
              primaryTableReference : rulings as r1_0
            }
          }
        }
      }
    }

[DEBUG] 2026-10-10 17:59:41.381 [main] AbstractEntityPersister - Static SQL for entity: com.magMan.entity.Card
[DEBUG] 2026-10-10 17:59:41.389 [main] AbstractEntityPersister -  Version select: select id from cards where id=?
[DEBUG] 2026-10-10 17:59:41.389 [main] AbstractEntityPersister -  Insert (0): insert into cards (cardCmc,cardName,cardQuantity,cardType) values (?,?,?,?)
[DEBUG] 2026-10-10 17:59:41.389 [main] AbstractEntityPersister -  Update (0): update cards set cardCmc=?,cardName=?,cardQuantity=?,cardType=? where id=?
[DEBUG] 2026-10-10 17:59:41.389 [main] AbstractEntityPersister -  Delete (0): delete from cards where id=?
[DEBUG] 2026-10-10 17:59:41.390 [main] create - Created new SQL alias : r1_0
[DEBUG] 2026-10-10 17:59:41.390 [main] create - Registration of TableGroup [StandardTableGroup(com.magMan.entity.Ruling)] with identifierForTableGroup [com.magMan.entity.Ruling] for NavigablePath [com.magMan.entity.Ruling] 
[DEBUG] 2026-10-10 17:59:41.393 [main] create - Registration of TableGroup [org.hibernate.sql.ast.tree.from.LazyTableGroup@213012a0] with identifierForTableGroup [com.magMan.entity.Ruling.card] for NavigablePath [com.magMan.entity.Ruling.card] 
[DEBUG] 2026-10-10 17:59:41.394 [main] create - Created new SQL alias : c1_0
[DEBUG] 2026-10-10 17:59:41.395 [main] AST - DomainResult Graph:
 \-EntityResultImpl [com.magMan.entity.Ruling]
 |  +-EntityFetchJoinedImpl [com.magMan.entity.Ruling.card]
 |  +-BasicFetch [com.magMan.entity.Ruling.rulingDate]
 |  \-BasicFetch [com.magMan.entity.Ruling.rulingText]

[DEBUG] 2026-10-10 17:59:41.395 [main] tree - SQL AST Tree:
    SelectStatement {
      FromClause {
        StandardTableGroup (r1 : com.magMan.entity.Ruling) {
          primaryTableReference : rulings as r1_0
          TableGroupJoins {
            left  join LazyTableGroup (c1 : com.magMan.entity.Ruling.card) {
              primaryTableReference : cards as c1_0
            }
          }
        }
      }
    }

[DEBUG] 2026-10-10 17:59:41.395 [main] AbstractEntityPersister - Static SQL for entity: com.magMan.entity.Ruling
[DEBUG] 2026-10-10 17:59:41.395 [main] AbstractEntityPersister -  Version select: select id from rulings where id=?
[DEBUG] 2026-10-10 17:59:41.395 [main] AbstractEntityPersister -  Insert (0): insert into rulings (card_id,ruling_date,ruling_text) values (?,?,?)
[DEBUG] 2026-10-10 17:59:41.395 [main] AbstractEntityPersister -  Update (0): update rulings set card_id=?,ruling_date=?,ruling_text=? where id=?
[DEBUG] 2026-10-10 17:59:41.395 [main] AbstractEntityPersister -  Delete (0): delete from rulings where id=?
[DEBUG] 2026-10-10 17:59:41.397 [main] create - Created new SQL alias : r1_0
[DEBUG] 2026-10-10 17:59:41.397 [main] create - Registration of TableGroup [org.hibernate.sql.ast.tree.from.OneToManyTableGroup@182e4365] with identifierForTableGroup [com.magMan.entity.Card.rulings] for NavigablePath [com.magMan.entity.Card.rulings] 
[DEBUG] 2026-10-10 17:59:41.397 [main] create - Registration of TableGroup [StandardTableGroup(com.magMan.entity.Card.rulings.{element})] with identifierForTableGroup [com.magMan.entity.Card.rulings.{element}] for NavigablePath [com.magMan.entity.Card.rulings.{element}] 
[DEBUG] 2026-10-10 17:59:41.407 [main] create - Registration of TableGroup [org.hibernate.sql.ast.tree.from.LazyTableGroup@24fc2c80] with identifierForTableGroup [com.magMan.entity.Card.rulings.{element}.card] for NavigablePath [com.magMan.entity.Card.rulings.{element}.card] 
[DEBUG] 2026-10-10 17:59:41.409 [main] AST - DomainResult Graph:
 \-CollectionDomainResult [com.magMan.entity.Card.rulings]

[DEBUG] 2026-10-10 17:59:41.409 [main] tree - SQL AST Tree:
    SelectStatement {
      FromClause {
        OneToManyTableGroup (r1 : com.magMan.entity.Card.rulings) {
          primaryTableReference : rulings as r1_0
          TableGroupJoins {
            left  join LazyTableGroup (c1 : com.magMan.entity.Card.rulings.{element}.card) {
            }
          }
        }
      }
    }

[DEBUG] 2026-10-10 17:59:41.410 [main] mutation - Static SQL for collection: com.magMan.entity.Card.rulings
[DEBUG] 2026-10-10 17:59:41.659 [main] JtaPlatformInitiator - No JtaPlatform was specified, checking resolver
[DEBUG] 2026-10-10 17:59:41.672 [main] JtaPlatformResolverInitiator - No JtaPlatformResolver was specified, using default [org.hibernate.engine.transaction.jta.platform.internal.StandardJtaPlatformResolver]
[DEBUG] 2026-10-10 17:59:41.697 [main] StandardJtaPlatformResolver - Could not resolve JtaPlatform, using default [org.hibernate.engine.transaction.jta.platform.internal.NoJtaPlatform]
[INFO ] 2026-10-10 17:59:41.697 [main] JtaPlatformInitiator - HHH000489: No JTA platform available (set 'hibernate.transaction.jta.platform' to enable JTA platform integration)
[DEBUG] 2026-10-10 17:59:41.705 [main] TypeConfiguration$Scope - Scoping TypeConfiguration [org.hibernate.type.spi.TypeConfiguration@7d57dbb5] to SessionFactoryImplementor [org.hibernate.internal.SessionFactoryImpl@7e1a9173]
[DEBUG] 2026-10-10 17:59:41.706 [main] NamedObjectRepository - Checking 0 named HQL queries
[DEBUG] 2026-10-10 17:59:41.706 [main] NamedObjectRepository - Checking 0 named SQL queries
[DEBUG] 2026-10-10 17:59:41.710 [main] SchemaManagementToolCoordinator - No schema actions specified for contributor `orm`; doing nothing
[DEBUG] 2026-10-10 17:59:41.711 [main] SchemaManagementToolCoordinator - No actions found; doing nothing
[DEBUG] 2026-10-10 17:59:41.716 [main] SessionFactoryRegistry - Initializing SessionFactoryRegistry : org.hibernate.internal.SessionFactoryRegistry@7f53fc38
[DEBUG] 2026-10-10 17:59:41.728 [main] SessionFactoryRegistry - Registering SessionFactory: fc592470-7693-4991-a9e2-ae06418966be (<unnamed>)
[DEBUG] 2026-10-10 17:59:41.728 [main] SessionFactoryRegistry - Not binding SessionFactory to JNDI, no JNDI name configured
[DEBUG] 2026-10-10 17:59:41.729 [main] SessionFactoryImpl - Instantiated SessionFactory
[DEBUG] 2026-10-10 17:59:42.086 [main] StatisticsInitiator - Statistics initialized [enabled=false]
[DEBUG] 2026-10-10 17:59:42.421 [main] create - Created new SQL alias : c1_0
[DEBUG] 2026-10-10 17:59:42.422 [main] create - Registration of TableGroup [StandardTableGroup(com.magMan.entity.Card(11902293590504))] with identifierForTableGroup [com.magMan.entity.Card] for NavigablePath [com.magMan.entity.Card] 
[DEBUG] 2026-10-10 17:59:42.447 [main] AST - DomainResult Graph:
 \-EntityResultImpl [com.magMan.entity.Card(11902293590504)]
 |  +-BasicFetch [com.magMan.entity.Card(11902293590504).cardCmc]
 |  +-BasicFetch [com.magMan.entity.Card(11902293590504).cardName]
 |  +-BasicFetch [com.magMan.entity.Card(11902293590504).cardQuantity]
 |  +-BasicFetch [com.magMan.entity.Card(11902293590504).cardType]
 |  \-SelectEagerCollectionFetch [com.magMan.entity.Card(11902293590504).rulings]

[DEBUG] 2026-10-10 17:59:42.447 [main] tree - SQL AST Tree:
    SelectStatement {
      FromClause {
        StandardTableGroup (c1 : com.magMan.entity.Card(11902293590504)) {
          primaryTableReference : cards as c1_0
        }
      }
    }

[DEBUG] 2026-10-10 17:59:42.471 [main] exec - Skipping reading Query result cache data: cache-enabled = false, cache-mode = NORMAL
[DEBUG] 2026-10-10 17:59:42.516 [main] results - Initializer list:
	  com.magMan.entity.Card(11902293590504) -> EntityResultInitializer(com.magMan.entity.Card(11902293590504))@1877123942 (SingleTableEntityPersister(com.magMan.entity.Card))
	  com.magMan.entity.Card(11902293590504).rulings -> SelectEagerCollectionInitializer(com.magMan.entity.Card(11902293590504).rulings)@1842580978 (PluralAttribute(com.magMan.entity.Card.rulings))

[DEBUG] 2026-10-10 17:59:42.527 [main] SQL - select c1_0.id,c1_0.cardCmc,c1_0.cardName,c1_0.cardQuantity,c1_0.cardType from cards c1_0
[DEBUG] 2026-10-10 17:59:42.573 [main] results - Extracted JDBC value [0] - [1]
[DEBUG] 2026-10-10 17:59:42.574 [main] entity - (EntityResultInitializer) Hydrated EntityKey (com.magMan.entity.Card(11902293590504)): 1
[DEBUG] 2026-10-10 17:59:42.575 [main] collection - (SelectEagerCollectionInitializer) Current row collection key : com.magMan.entity.Card(11902293590504).rulings#1
[DEBUG] 2026-10-10 17:59:42.577 [main] entity - (EntityResultInitializer) Created new entity instance [com.magMan.entity.Card(11902293590504)#1] : 44007732
[DEBUG] 2026-10-10 17:59:42.586 [main] results - Extracted JDBC value [1] - [2]
[DEBUG] 2026-10-10 17:59:42.586 [main] results - Extracted JDBC value [2] - [Counterspell]
[DEBUG] 2026-10-10 17:59:42.586 [main] results - Extracted JDBC value [3] - [20]
[DEBUG] 2026-10-10 17:59:42.586 [main] results - Extracted JDBC value [4] - [Instant]
[DEBUG] 2026-10-10 17:59:42.593 [main] entity - (EntityResultInitializer) Done materializing entityInstance : com.magMan.entity.Card(11902293590504)#1
[DEBUG] 2026-10-10 17:59:42.593 [main] loading - Calling top-level assembler (0 / 1) : org.hibernate.sql.results.graph.entity.internal.EntityAssembler@59b98ad1
[DEBUG] 2026-10-10 17:59:42.594 [main] results - Extracted JDBC value [0] - [2]
[DEBUG] 2026-10-10 17:59:42.594 [main] entity - (EntityResultInitializer) Hydrated EntityKey (com.magMan.entity.Card(11902293590504)): 2
[DEBUG] 2026-10-10 17:59:42.594 [main] collection - (SelectEagerCollectionInitializer) Current row collection key : com.magMan.entity.Card(11902293590504).rulings#2
[DEBUG] 2026-10-10 17:59:42.594 [main] entity - (EntityResultInitializer) Created new entity instance [com.magMan.entity.Card(11902293590504)#2] : 575197504
[DEBUG] 2026-10-10 17:59:42.594 [main] results - Extracted JDBC value [1] - [1]
[DEBUG] 2026-10-10 17:59:42.594 [main] results - Extracted JDBC value [2] - [Sol Ring]
[DEBUG] 2026-10-10 17:59:42.594 [main] results - Extracted JDBC value [3] - [20]
[DEBUG] 2026-10-10 17:59:42.595 [main] results - Extracted JDBC value [4] - [Artifact]
[DEBUG] 2026-10-10 17:59:42.595 [main] entity - (EntityResultInitializer) Done materializing entityInstance : com.magMan.entity.Card(11902293590504)#2
[DEBUG] 2026-10-10 17:59:42.596 [main] loading - Calling top-level assembler (0 / 1) : org.hibernate.sql.results.graph.entity.internal.EntityAssembler@59b98ad1
[DEBUG] 2026-10-10 17:59:42.597 [main] results - Extracted JDBC value [0] - [3]
[DEBUG] 2026-10-10 17:59:42.599 [main] entity - (EntityResultInitializer) Hydrated EntityKey (com.magMan.entity.Card(11902293590504)): 3
[DEBUG] 2026-10-10 17:59:42.599 [main] collection - (SelectEagerCollectionInitializer) Current row collection key : com.magMan.entity.Card(11902293590504).rulings#3
[DEBUG] 2026-10-10 17:59:42.599 [main] entity - (EntityResultInitializer) Created new entity instance [com.magMan.entity.Card(11902293590504)#3] : 477700359
[DEBUG] 2026-10-10 17:59:42.599 [main] results - Extracted JDBC value [1] - [4]
[DEBUG] 2026-10-10 17:59:42.599 [main] results - Extracted JDBC value [2] - [Urza, Lord High Artificer]
[DEBUG] 2026-10-10 17:59:42.599 [main] results - Extracted JDBC value [3] - [1]
[DEBUG] 2026-10-10 17:59:42.599 [main] results - Extracted JDBC value [4] - [Creature]
[DEBUG] 2026-10-10 17:59:42.599 [main] entity - (EntityResultInitializer) Done materializing entityInstance : com.magMan.entity.Card(11902293590504)#3
[DEBUG] 2026-10-10 17:59:42.599 [main] loading - Calling top-level assembler (0 / 1) : org.hibernate.sql.results.graph.entity.internal.EntityAssembler@59b98ad1
[DEBUG] 2026-10-10 17:59:42.599 [main] results - Extracted JDBC value [0] - [4]
[DEBUG] 2026-10-10 17:59:42.599 [main] entity - (EntityResultInitializer) Hydrated EntityKey (com.magMan.entity.Card(11902293590504)): 4
[DEBUG] 2026-10-10 17:59:42.599 [main] collection - (SelectEagerCollectionInitializer) Current row collection key : com.magMan.entity.Card(11902293590504).rulings#4
[DEBUG] 2026-10-10 17:59:42.600 [main] entity - (EntityResultInitializer) Created new entity instance [com.magMan.entity.Card(11902293590504)#4] : 1749524107
[DEBUG] 2026-10-10 17:59:42.600 [main] results - Extracted JDBC value [1] - [null]
[DEBUG] 2026-10-10 17:59:42.600 [main] results - Extracted JDBC value [2] - [Island]
[DEBUG] 2026-10-10 17:59:42.600 [main] results - Extracted JDBC value [3] - [100]
[DEBUG] 2026-10-10 17:59:42.600 [main] results - Extracted JDBC value [4] - [Land]
[DEBUG] 2026-10-10 17:59:42.600 [main] entity - (EntityResultInitializer) Done materializing entityInstance : com.magMan.entity.Card(11902293590504)#4
[DEBUG] 2026-10-10 17:59:42.600 [main] loading - Calling top-level assembler (0 / 1) : org.hibernate.sql.results.graph.entity.internal.EntityAssembler@59b98ad1
[DEBUG] 2026-10-10 17:59:42.600 [main] results - Extracted JDBC value [0] - [5]
[DEBUG] 2026-10-10 17:59:42.600 [main] entity - (EntityResultInitializer) Hydrated EntityKey (com.magMan.entity.Card(11902293590504)): 5
[DEBUG] 2026-10-10 17:59:42.601 [main] collection - (SelectEagerCollectionInitializer) Current row collection key : com.magMan.entity.Card(11902293590504).rulings#5
[DEBUG] 2026-10-10 17:59:42.601 [main] entity - (EntityResultInitializer) Created new entity instance [com.magMan.entity.Card(11902293590504)#5] : 456228477
[DEBUG] 2026-10-10 17:59:42.601 [main] results - Extracted JDBC value [1] - [3]
[DEBUG] 2026-10-10 17:59:42.601 [main] results - Extracted JDBC value [2] - [Tinker]
[DEBUG] 2026-10-10 17:59:42.601 [main] results - Extracted JDBC value [3] - [10]
[DEBUG] 2026-10-10 17:59:42.601 [main] results - Extracted JDBC value [4] - [Sorcery]
[DEBUG] 2026-10-10 17:59:42.601 [main] entity - (EntityResultInitializer) Done materializing entityInstance : com.magMan.entity.Card(11902293590504)#5
[DEBUG] 2026-10-10 17:59:42.601 [main] loading - Calling top-level assembler (0 / 1) : org.hibernate.sql.results.graph.entity.internal.EntityAssembler@59b98ad1
[DEBUG] 2026-10-10 17:59:42.601 [main] results - Extracted JDBC value [0] - [6]
[DEBUG] 2026-10-10 17:59:42.601 [main] entity - (EntityResultInitializer) Hydrated EntityKey (com.magMan.entity.Card(11902293590504)): 6
[DEBUG] 2026-10-10 17:59:42.601 [main] collection - (SelectEagerCollectionInitializer) Current row collection key : com.magMan.entity.Card(11902293590504).rulings#6
[DEBUG] 2026-10-10 17:59:42.601 [main] entity - (EntityResultInitializer) Created new entity instance [com.magMan.entity.Card(11902293590504)#6] : 1339273738
[DEBUG] 2026-10-10 17:59:42.601 [main] results - Extracted JDBC value [1] - [10]
[DEBUG] 2026-10-10 17:59:42.602 [main] results - Extracted JDBC value [2] - [Omniscience]
[DEBUG] 2026-10-10 17:59:42.602 [main] results - Extracted JDBC value [3] - [2]
[DEBUG] 2026-10-10 17:59:42.602 [main] results - Extracted JDBC value [4] - [Enchantment]
[DEBUG] 2026-10-10 17:59:42.602 [main] entity - (EntityResultInitializer) Done materializing entityInstance : com.magMan.entity.Card(11902293590504)#6
[DEBUG] 2026-10-10 17:59:42.602 [main] loading - Calling top-level assembler (0 / 1) : org.hibernate.sql.results.graph.entity.internal.EntityAssembler@59b98ad1
[DEBUG] 2026-10-10 17:59:42.602 [main] results - Extracted JDBC value [0] - [7]
[DEBUG] 2026-10-10 17:59:42.602 [main] entity - (EntityResultInitializer) Hydrated EntityKey (com.magMan.entity.Card(11902293590504)): 7
[DEBUG] 2026-10-10 17:59:42.602 [main] collection - (SelectEagerCollectionInitializer) Current row collection key : com.magMan.entity.Card(11902293590504).rulings#7
[DEBUG] 2026-10-10 17:59:42.603 [main] entity - (EntityResultInitializer) Created new entity instance [com.magMan.entity.Card(11902293590504)#7] : 965674262
[DEBUG] 2026-10-10 17:59:42.603 [main] results - Extracted JDBC value [1] - [4]
[DEBUG] 2026-10-10 17:59:42.603 [main] results - Extracted JDBC value [2] - [Jace, Wielder of Mysteries]
[DEBUG] 2026-10-10 17:59:42.603 [main] results - Extracted JDBC value [3] - [1]
[DEBUG] 2026-10-10 17:59:42.603 [main] results - Extracted JDBC value [4] - [Planeswalker]
[DEBUG] 2026-10-10 17:59:42.603 [main] entity - (EntityResultInitializer) Done materializing entityInstance : com.magMan.entity.Card(11902293590504)#7
[DEBUG] 2026-10-10 17:59:42.603 [main] loading - Calling top-level assembler (0 / 1) : org.hibernate.sql.results.graph.entity.internal.EntityAssembler@59b98ad1
[DEBUG] 2026-10-10 17:59:42.603 [main] results - Extracted JDBC value [0] - [8]
[DEBUG] 2026-10-10 17:59:42.603 [main] entity - (EntityResultInitializer) Hydrated EntityKey (com.magMan.entity.Card(11902293590504)): 8
[DEBUG] 2026-10-10 17:59:42.603 [main] collection - (SelectEagerCollectionInitializer) Current row collection key : com.magMan.entity.Card(11902293590504).rulings#8
[DEBUG] 2026-10-10 17:59:42.603 [main] entity - (EntityResultInitializer) Created new entity instance [com.magMan.entity.Card(11902293590504)#8] : 1454795302
[DEBUG] 2026-10-10 17:59:42.603 [main] results - Extracted JDBC value [1] - [0]
[DEBUG] 2026-10-10 17:59:42.603 [main] results - Extracted JDBC value [2] - [Welding Jar]
[DEBUG] 2026-10-10 17:59:42.604 [main] results - Extracted JDBC value [3] - [8]
[DEBUG] 2026-10-10 17:59:42.604 [main] results - Extracted JDBC value [4] - [Artifact]
[DEBUG] 2026-10-10 17:59:42.604 [main] entity - (EntityResultInitializer) Done materializing entityInstance : com.magMan.entity.Card(11902293590504)#8
[DEBUG] 2026-10-10 17:59:42.604 [main] loading - Calling top-level assembler (0 / 1) : org.hibernate.sql.results.graph.entity.internal.EntityAssembler@59b98ad1
[DEBUG] 2026-10-10 17:59:42.617 [main] exec - Skipping reading Query result cache data: cache-enabled = false, cache-mode = IGNORE
[DEBUG] 2026-10-10 17:59:42.639 [main] results - Initializer list:
	  com.magMan.entity.Card.rulings.{element}.card -> EntitySelectFetchInitializer(com.magMan.entity.Card.rulings.{element}.card)@462959967 (ToOneAttributeMapping(NavigableRole[com.magMan.entity.Ruling.card])@155833159)
	  com.magMan.entity.Card.rulings.{element} -> EntityJoinedFetchInitializer(com.magMan.entity.Card.rulings.{element})@1242315432 (EntityCollectionPart(com.magMan.entity.Card.rulings#{element})@892626202)
	  com.magMan.entity.Card.rulings -> BagInitializer(com.magMan.entity.Card.rulings)@760822614 (PluralAttribute(com.magMan.entity.Card.rulings))

[DEBUG] 2026-10-10 17:59:42.640 [main] SQL - select r1_0.card_id,r1_0.id,r1_0.ruling_date,r1_0.ruling_text from rulings r1_0 where r1_0.card_id=?
[DEBUG] 2026-10-10 17:59:42.656 [main] ResultsHelper - Collection fully initialized: [com.magMan.entity.Card.rulings#8]
[DEBUG] 2026-10-10 17:59:42.659 [main] LogicalConnectionManagedImpl - Initiating JDBC connection release from afterTransaction
[DEBUG] 2026-10-10 17:59:42.662 [main] exec - Skipping reading Query result cache data: cache-enabled = false, cache-mode = IGNORE
[DEBUG] 2026-10-10 17:59:42.663 [main] results - Initializer list:
	  com.magMan.entity.Card.rulings.{element}.card -> EntitySelectFetchInitializer(com.magMan.entity.Card.rulings.{element}.card)@253983463 (ToOneAttributeMapping(NavigableRole[com.magMan.entity.Ruling.card])@155833159)
	  com.magMan.entity.Card.rulings.{element} -> EntityJoinedFetchInitializer(com.magMan.entity.Card.rulings.{element})@1122885157 (EntityCollectionPart(com.magMan.entity.Card.rulings#{element})@892626202)
	  com.magMan.entity.Card.rulings -> BagInitializer(com.magMan.entity.Card.rulings)@1877334646 (PluralAttribute(com.magMan.entity.Card.rulings))

[DEBUG] 2026-10-10 17:59:42.663 [main] SQL - select r1_0.card_id,r1_0.id,r1_0.ruling_date,r1_0.ruling_text from rulings r1_0 where r1_0.card_id=?
[DEBUG] 2026-10-10 17:59:42.665 [main] results - Extracted JDBC value [1] - [4]
[DEBUG] 2026-10-10 17:59:42.665 [main] entity - (EntityJoinedFetchInitializer) Hydrated EntityKey (com.magMan.entity.Card.rulings.{element}): 4
[DEBUG] 2026-10-10 17:59:42.666 [main] results - Extracted JDBC value [0] - [7]
[DEBUG] 2026-10-10 17:59:42.666 [main] collection - (BagInitializer) Current row collection key : com.magMan.entity.Card.rulings#7
[DEBUG] 2026-10-10 17:59:42.670 [main] results - Extracted JDBC value [0] - [7]
[DEBUG] 2026-10-10 17:59:42.671 [main] entity - (EntityJoinedFetchInitializer) Created new entity instance [com.magMan.entity.Card.rulings.{element}#4] : 407254816
[DEBUG] 2026-10-10 17:59:42.671 [main] results - Extracted JDBC value [0] - [7]
[DEBUG] 2026-10-10 17:59:42.671 [main] entity - (EntitySelectFetchInitializer) Found existing loading entry [com.magMan.entity.Card.rulings.{element}.card#7] - using loading instance
[DEBUG] 2026-10-10 17:59:42.677 [main] collection - (BagInitializer) Responsible for loading collection [com.magMan.entity.Card.rulings#7] : org.hibernate.collection.spi.PersistentBag@78109530
[DEBUG] 2026-10-10 17:59:42.680 [main] results - Extracted JDBC value [2] - [2019-05-03]
[DEBUG] 2026-10-10 17:59:42.680 [main] results - Extracted JDBC value [3] - [If for some reason you can't win the game (because your opponent controls Platinum Angel, for example), you won't lose for having tried to draw a card from a library with no cards in it.  The draw was still replaced.]
[DEBUG] 2026-10-10 17:59:42.681 [main] entity - (EntityJoinedFetchInitializer) Done materializing entityInstance : com.magMan.entity.Card.rulings.{element}#4
[DEBUG] 2026-10-10 17:59:42.681 [main] collection - (BagInitializer) Reading element from row for collection [com.magMan.entity.Card.rulings#7] -> org.hibernate.collection.spi.PersistentBag@78109530
[DEBUG] 2026-10-10 17:59:42.681 [main] loading - Calling top-level assembler (0 / 1) : org.hibernate.sql.results.graph.collection.internal.EagerCollectionAssembler@f44d033
[DEBUG] 2026-10-10 17:59:42.682 [main] ResultsHelper - Collection fully initialized: [com.magMan.entity.Card.rulings#7]
[DEBUG] 2026-10-10 17:59:42.682 [main] LogicalConnectionManagedImpl - Initiating JDBC connection release from afterTransaction
[DEBUG] 2026-10-10 17:59:42.683 [main] exec - Skipping reading Query result cache data: cache-enabled = false, cache-mode = IGNORE
[DEBUG] 2026-10-10 17:59:42.684 [main] results - Initializer list:
	  com.magMan.entity.Card.rulings.{element}.card -> EntitySelectFetchInitializer(com.magMan.entity.Card.rulings.{element}.card)@675002551 (ToOneAttributeMapping(NavigableRole[com.magMan.entity.Ruling.card])@155833159)
	  com.magMan.entity.Card.rulings.{element} -> EntityJoinedFetchInitializer(com.magMan.entity.Card.rulings.{element})@636050161 (EntityCollectionPart(com.magMan.entity.Card.rulings#{element})@892626202)
	  com.magMan.entity.Card.rulings -> BagInitializer(com.magMan.entity.Card.rulings)@1336420731 (PluralAttribute(com.magMan.entity.Card.rulings))

[DEBUG] 2026-10-10 17:59:42.684 [main] SQL - select r1_0.card_id,r1_0.id,r1_0.ruling_date,r1_0.ruling_text from rulings r1_0 where r1_0.card_id=?
[DEBUG] 2026-10-10 17:59:42.686 [main] results - Extracted JDBC value [1] - [3]
[DEBUG] 2026-10-10 17:59:42.686 [main] entity - (EntityJoinedFetchInitializer) Hydrated EntityKey (com.magMan.entity.Card.rulings.{element}): 3
[DEBUG] 2026-10-10 17:59:42.686 [main] results - Extracted JDBC value [0] - [6]
[DEBUG] 2026-10-10 17:59:42.686 [main] collection - (BagInitializer) Current row collection key : com.magMan.entity.Card.rulings#6
[DEBUG] 2026-10-10 17:59:42.686 [main] results - Extracted JDBC value [0] - [6]
[DEBUG] 2026-10-10 17:59:42.686 [main] entity - (EntityJoinedFetchInitializer) Created new entity instance [com.magMan.entity.Card.rulings.{element}#3] : 1373146168
[DEBUG] 2026-10-10 17:59:42.686 [main] results - Extracted JDBC value [0] - [6]
[DEBUG] 2026-10-10 17:59:42.686 [main] entity - (EntitySelectFetchInitializer) Found existing loading entry [com.magMan.entity.Card.rulings.{element}.card#6] - using loading instance
[DEBUG] 2026-10-10 17:59:42.686 [main] collection - (BagInitializer) Responsible for loading collection [com.magMan.entity.Card.rulings#6] : org.hibernate.collection.spi.PersistentBag@693982422
[DEBUG] 2026-10-10 17:59:42.686 [main] results - Extracted JDBC value [2] - [2018-07-13]
[DEBUG] 2026-10-10 17:59:42.686 [main] results - Extracted JDBC value [3] - [If a spell has X in its mana cost, you must choose 0 as the value of X when casting it without paying its mana cost.]
[DEBUG] 2026-10-10 17:59:42.686 [main] entity - (EntityJoinedFetchInitializer) Done materializing entityInstance : com.magMan.entity.Card.rulings.{element}#3
[DEBUG] 2026-10-10 17:59:42.687 [main] collection - (BagInitializer) Reading element from row for collection [com.magMan.entity.Card.rulings#6] -> org.hibernate.collection.spi.PersistentBag@693982422
[DEBUG] 2026-10-10 17:59:42.687 [main] loading - Calling top-level assembler (0 / 1) : org.hibernate.sql.results.graph.collection.internal.EagerCollectionAssembler@3ea2f72e
[DEBUG] 2026-10-10 17:59:42.687 [main] results - Extracted JDBC value [1] - [6]
[DEBUG] 2026-10-10 17:59:42.687 [main] entity - (EntityJoinedFetchInitializer) Hydrated EntityKey (com.magMan.entity.Card.rulings.{element}): 6
[DEBUG] 2026-10-10 17:59:42.687 [main] results - Extracted JDBC value [0] - [6]
[DEBUG] 2026-10-10 17:59:42.687 [main] collection - (BagInitializer) Current row collection key : com.magMan.entity.Card.rulings#6
[DEBUG] 2026-10-10 17:59:42.687 [main] results - Extracted JDBC value [0] - [6]
[DEBUG] 2026-10-10 17:59:42.687 [main] entity - (EntityJoinedFetchInitializer) Created new entity instance [com.magMan.entity.Card.rulings.{element}#6] : 1471364137
[DEBUG] 2026-10-10 17:59:42.687 [main] results - Extracted JDBC value [0] - [6]
[DEBUG] 2026-10-10 17:59:42.687 [main] entity - (EntitySelectFetchInitializer) Found existing loading entry [com.magMan.entity.Card.rulings.{element}.card#6] - using loading instance
[DEBUG] 2026-10-10 17:59:42.687 [main] collection - (BagInitializer) Found existing loading collection entry [com.magMan.entity.Card.rulings#6]; using loading collection instance - org.hibernate.collection.spi.PersistentBag@693982422
[DEBUG] 2026-10-10 17:59:42.687 [main] collection - (BagInitializer) Responsible for loading collection [com.magMan.entity.Card.rulings#6] : org.hibernate.collection.spi.PersistentBag@693982422
[DEBUG] 2026-10-10 17:59:42.687 [main] results - Extracted JDBC value [2] - [2018-07-13]
[DEBUG] 2026-10-10 17:59:42.688 [main] results - Extracted JDBC value [3] - [Once you cast Omniscience, if it's your turn, you'll have priority immediately after it resolves.  You can cast another spell before any player can attempt to remove Omniscience with spells or abilities.]
[DEBUG] 2026-10-10 17:59:42.688 [main] entity - (EntityJoinedFetchInitializer) Done materializing entityInstance : com.magMan.entity.Card.rulings.{element}#6
[DEBUG] 2026-10-10 17:59:42.688 [main] collection - (BagInitializer) Reading element from row for collection [com.magMan.entity.Card.rulings#6] -> org.hibernate.collection.spi.PersistentBag@693982422
[DEBUG] 2026-10-10 17:59:42.688 [main] loading - Calling top-level assembler (0 / 1) : org.hibernate.sql.results.graph.collection.internal.EagerCollectionAssembler@3ea2f72e
[DEBUG] 2026-10-10 17:59:42.688 [main] ResultsHelper - Collection fully initialized: [com.magMan.entity.Card.rulings#6]
[DEBUG] 2026-10-10 17:59:42.688 [main] LogicalConnectionManagedImpl - Initiating JDBC connection release from afterTransaction
[DEBUG] 2026-10-10 17:59:42.690 [main] exec - Skipping reading Query result cache data: cache-enabled = false, cache-mode = IGNORE
[DEBUG] 2026-10-10 17:59:42.690 [main] results - Initializer list:
	  com.magMan.entity.Card.rulings.{element}.card -> EntitySelectFetchInitializer(com.magMan.entity.Card.rulings.{element}.card)@102100768 (ToOneAttributeMapping(NavigableRole[com.magMan.entity.Ruling.card])@155833159)
	  com.magMan.entity.Card.rulings.{element} -> EntityJoinedFetchInitializer(com.magMan.entity.Card.rulings.{element})@322505366 (EntityCollectionPart(com.magMan.entity.Card.rulings#{element})@892626202)
	  com.magMan.entity.Card.rulings -> BagInitializer(com.magMan.entity.Card.rulings)@982226008 (PluralAttribute(com.magMan.entity.Card.rulings))

[DEBUG] 2026-10-10 17:59:42.690 [main] SQL - select r1_0.card_id,r1_0.id,r1_0.ruling_date,r1_0.ruling_text from rulings r1_0 where r1_0.card_id=?
[DEBUG] 2026-10-10 17:59:42.693 [main] results - Extracted JDBC value [1] - [2]
[DEBUG] 2026-10-10 17:59:42.693 [main] entity - (EntityJoinedFetchInitializer) Hydrated EntityKey (com.magMan.entity.Card.rulings.{element}): 2
[DEBUG] 2026-10-10 17:59:42.693 [main] results - Extracted JDBC value [0] - [5]
[DEBUG] 2026-10-10 17:59:42.693 [main] collection - (BagInitializer) Current row collection key : com.magMan.entity.Card.rulings#5
[DEBUG] 2026-10-10 17:59:42.693 [main] results - Extracted JDBC value [0] - [5]
[DEBUG] 2026-10-10 17:59:42.693 [main] entity - (EntityJoinedFetchInitializer) Created new entity instance [com.magMan.entity.Card.rulings.{element}#2] : 1155566202
[DEBUG] 2026-10-10 17:59:42.693 [main] results - Extracted JDBC value [0] - [5]
[DEBUG] 2026-10-10 17:59:42.693 [main] entity - (EntitySelectFetchInitializer) Found existing loading entry [com.magMan.entity.Card.rulings.{element}.card#5] - using loading instance
[DEBUG] 2026-10-10 17:59:42.694 [main] collection - (BagInitializer) Responsible for loading collection [com.magMan.entity.Card.rulings#5] : org.hibernate.collection.spi.PersistentBag@464831537
[DEBUG] 2026-10-10 17:59:42.694 [main] results - Extracted JDBC value [2] - [2004-10-04]
[DEBUG] 2026-10-10 17:59:42.694 [main] results - Extracted JDBC value [3] - [Because the "search" requires you to find a card with certain characteristics, you don't have to find the card if you don't want to.]
[DEBUG] 2026-10-10 17:59:42.694 [main] entity - (EntityJoinedFetchInitializer) Done materializing entityInstance : com.magMan.entity.Card.rulings.{element}#2
[DEBUG] 2026-10-10 17:59:42.694 [main] collection - (BagInitializer) Reading element from row for collection [com.magMan.entity.Card.rulings#5] -> org.hibernate.collection.spi.PersistentBag@464831537
[DEBUG] 2026-10-10 17:59:42.694 [main] loading - Calling top-level assembler (0 / 1) : org.hibernate.sql.results.graph.collection.internal.EagerCollectionAssembler@78bd02c8
[DEBUG] 2026-10-10 17:59:42.694 [main] ResultsHelper - Collection fully initialized: [com.magMan.entity.Card.rulings#5]
[DEBUG] 2026-10-10 17:59:42.694 [main] LogicalConnectionManagedImpl - Initiating JDBC connection release from afterTransaction
[DEBUG] 2026-10-10 17:59:42.698 [main] exec - Skipping reading Query result cache data: cache-enabled = false, cache-mode = IGNORE
[DEBUG] 2026-10-10 17:59:42.699 [main] results - Initializer list:
	  com.magMan.entity.Card.rulings.{element}.card -> EntitySelectFetchInitializer(com.magMan.entity.Card.rulings.{element}.card)@685428529 (ToOneAttributeMapping(NavigableRole[com.magMan.entity.Ruling.card])@155833159)
	  com.magMan.entity.Card.rulings.{element} -> EntityJoinedFetchInitializer(com.magMan.entity.Card.rulings.{element})@1206258545 (EntityCollectionPart(com.magMan.entity.Card.rulings#{element})@892626202)
	  com.magMan.entity.Card.rulings -> BagInitializer(com.magMan.entity.Card.rulings)@127269549 (PluralAttribute(com.magMan.entity.Card.rulings))

[DEBUG] 2026-10-10 17:59:42.699 [main] SQL - select r1_0.card_id,r1_0.id,r1_0.ruling_date,r1_0.ruling_text from rulings r1_0 where r1_0.card_id=?
[DEBUG] 2026-10-10 17:59:42.705 [main] ResultsHelper - Collection fully initialized: [com.magMan.entity.Card.rulings#4]
[DEBUG] 2026-10-10 17:59:42.705 [main] LogicalConnectionManagedImpl - Initiating JDBC connection release from afterTransaction
[DEBUG] 2026-10-10 17:59:42.709 [main] exec - Skipping reading Query result cache data: cache-enabled = false, cache-mode = IGNORE
[DEBUG] 2026-10-10 17:59:42.710 [main] results - Initializer list:
	  com.magMan.entity.Card.rulings.{element}.card -> EntitySelectFetchInitializer(com.magMan.entity.Card.rulings.{element}.card)@2012480396 (ToOneAttributeMapping(NavigableRole[com.magMan.entity.Ruling.card])@155833159)
	  com.magMan.entity.Card.rulings.{element} -> EntityJoinedFetchInitializer(com.magMan.entity.Card.rulings.{element})@1235247239 (EntityCollectionPart(com.magMan.entity.Card.rulings#{element})@892626202)
	  com.magMan.entity.Card.rulings -> BagInitializer(com.magMan.entity.Card.rulings)@739574607 (PluralAttribute(com.magMan.entity.Card.rulings))

[DEBUG] 2026-10-10 17:59:42.710 [main] SQL - select r1_0.card_id,r1_0.id,r1_0.ruling_date,r1_0.ruling_text from rulings r1_0 where r1_0.card_id=?
[DEBUG] 2026-10-10 17:59:42.719 [main] results - Extracted JDBC value [1] - [1]
[DEBUG] 2026-10-10 17:59:42.719 [main] entity - (EntityJoinedFetchInitializer) Hydrated EntityKey (com.magMan.entity.Card.rulings.{element}): 1
[DEBUG] 2026-10-10 17:59:42.719 [main] results - Extracted JDBC value [0] - [3]
[DEBUG] 2026-10-10 17:59:42.720 [main] collection - (BagInitializer) Current row collection key : com.magMan.entity.Card.rulings#3
[DEBUG] 2026-10-10 17:59:42.720 [main] results - Extracted JDBC value [0] - [3]
[DEBUG] 2026-10-10 17:59:42.720 [main] entity - (EntityJoinedFetchInitializer) Created new entity instance [com.magMan.entity.Card.rulings.{element}#1] : 67053257
[DEBUG] 2026-10-10 17:59:42.720 [main] results - Extracted JDBC value [0] - [3]
[DEBUG] 2026-10-10 17:59:42.720 [main] entity - (EntitySelectFetchInitializer) Found existing loading entry [com.magMan.entity.Card.rulings.{element}.card#3] - using loading instance
[DEBUG] 2026-10-10 17:59:42.720 [main] collection - (BagInitializer) Responsible for loading collection [com.magMan.entity.Card.rulings#3] : org.hibernate.collection.spi.PersistentBag@216112262
[DEBUG] 2026-10-10 17:59:42.720 [main] results - Extracted JDBC value [2] - [2022-12-08]
[DEBUG] 2026-10-10 17:59:42.720 [main] results - Extracted JDBC value [3] - [If a spell has X in its mana cost, you must choose 0 as the value of X when casting it without paying its mana cost.]
[DEBUG] 2026-10-10 17:59:42.721 [main] entity - (EntityJoinedFetchInitializer) Done materializing entityInstance : com.magMan.entity.Card.rulings.{element}#1
[DEBUG] 2026-10-10 17:59:42.721 [main] collection - (BagInitializer) Reading element from row for collection [com.magMan.entity.Card.rulings#3] -> org.hibernate.collection.spi.PersistentBag@216112262
[DEBUG] 2026-10-10 17:59:42.721 [main] loading - Calling top-level assembler (0 / 1) : org.hibernate.sql.results.graph.collection.internal.EagerCollectionAssembler@2ecdcfe3
[DEBUG] 2026-10-10 17:59:42.721 [main] results - Extracted JDBC value [1] - [5]
[DEBUG] 2026-10-10 17:59:42.721 [main] entity - (EntityJoinedFetchInitializer) Hydrated EntityKey (com.magMan.entity.Card.rulings.{element}): 5
[DEBUG] 2026-10-10 17:59:42.721 [main] results - Extracted JDBC value [0] - [3]
[DEBUG] 2026-10-10 17:59:42.721 [main] collection - (BagInitializer) Current row collection key : com.magMan.entity.Card.rulings#3
[DEBUG] 2026-10-10 17:59:42.721 [main] results - Extracted JDBC value [0] - [3]
[DEBUG] 2026-10-10 17:59:42.721 [main] entity - (EntityJoinedFetchInitializer) Created new entity instance [com.magMan.entity.Card.rulings.{element}#5] : 1706505865
[DEBUG] 2026-10-10 17:59:42.721 [main] results - Extracted JDBC value [0] - [3]
[DEBUG] 2026-10-10 17:59:42.721 [main] entity - (EntitySelectFetchInitializer) Found existing loading entry [com.magMan.entity.Card.rulings.{element}.card#3] - using loading instance
[DEBUG] 2026-10-10 17:59:42.721 [main] collection - (BagInitializer) Found existing loading collection entry [com.magMan.entity.Card.rulings#3]; using loading collection instance - org.hibernate.collection.spi.PersistentBag@216112262
[DEBUG] 2026-10-10 17:59:42.721 [main] collection - (BagInitializer) Responsible for loading collection [com.magMan.entity.Card.rulings#3] : org.hibernate.collection.spi.PersistentBag@216112262
[DEBUG] 2026-10-10 17:59:42.721 [main] results - Extracted JDBC value [2] - [2022-12-08]
[DEBUG] 2026-10-10 17:59:42.721 [main] results - Extracted JDBC value [3] - [You can tap any untapped artifact you control to pay the cost of the mana ability, including an artifact creature you haven't controlled continuously since the beginning of your most recent turn.  Tapping an Equipment this way won't affect its abilities or the equipped creature.]
[DEBUG] 2026-10-10 17:59:42.722 [main] entity - (EntityJoinedFetchInitializer) Done materializing entityInstance : com.magMan.entity.Card.rulings.{element}#5
[DEBUG] 2026-10-10 17:59:42.722 [main] collection - (BagInitializer) Reading element from row for collection [com.magMan.entity.Card.rulings#3] -> org.hibernate.collection.spi.PersistentBag@216112262
[DEBUG] 2026-10-10 17:59:42.722 [main] loading - Calling top-level assembler (0 / 1) : org.hibernate.sql.results.graph.collection.internal.EagerCollectionAssembler@2ecdcfe3
[DEBUG] 2026-10-10 17:59:42.722 [main] ResultsHelper - Collection fully initialized: [com.magMan.entity.Card.rulings#3]
[DEBUG] 2026-10-10 17:59:42.722 [main] LogicalConnectionManagedImpl - Initiating JDBC connection release from afterTransaction
[DEBUG] 2026-10-10 17:59:42.725 [main] exec - Skipping reading Query result cache data: cache-enabled = false, cache-mode = IGNORE
[DEBUG] 2026-10-10 17:59:42.725 [main] results - Initializer list:
	  com.magMan.entity.Card.rulings.{element}.card -> EntitySelectFetchInitializer(com.magMan.entity.Card.rulings.{element}.card)@541568490 (ToOneAttributeMapping(NavigableRole[com.magMan.entity.Ruling.card])@155833159)
	  com.magMan.entity.Card.rulings.{element} -> EntityJoinedFetchInitializer(com.magMan.entity.Card.rulings.{element})@1525943877 (EntityCollectionPart(com.magMan.entity.Card.rulings#{element})@892626202)
	  com.magMan.entity.Card.rulings -> BagInitializer(com.magMan.entity.Card.rulings)@436625455 (PluralAttribute(com.magMan.entity.Card.rulings))

[DEBUG] 2026-10-10 17:59:42.725 [main] SQL - select r1_0.card_id,r1_0.id,r1_0.ruling_date,r1_0.ruling_text from rulings r1_0 where r1_0.card_id=?
[DEBUG] 2026-10-10 17:59:42.729 [main] ResultsHelper - Collection fully initialized: [com.magMan.entity.Card.rulings#2]
[DEBUG] 2026-10-10 17:59:42.729 [main] LogicalConnectionManagedImpl - Initiating JDBC connection release from afterTransaction
[DEBUG] 2026-10-10 17:59:42.730 [main] exec - Skipping reading Query result cache data: cache-enabled = false, cache-mode = IGNORE
[DEBUG] 2026-10-10 17:59:42.730 [main] results - Initializer list:
	  com.magMan.entity.Card.rulings.{element}.card -> EntitySelectFetchInitializer(com.magMan.entity.Card.rulings.{element}.card)@421984610 (ToOneAttributeMapping(NavigableRole[com.magMan.entity.Ruling.card])@155833159)
	  com.magMan.entity.Card.rulings.{element} -> EntityJoinedFetchInitializer(com.magMan.entity.Card.rulings.{element})@1652114818 (EntityCollectionPart(com.magMan.entity.Card.rulings#{element})@892626202)
	  com.magMan.entity.Card.rulings -> BagInitializer(com.magMan.entity.Card.rulings)@209890594 (PluralAttribute(com.magMan.entity.Card.rulings))

[DEBUG] 2026-10-10 17:59:42.730 [main] SQL - select r1_0.card_id,r1_0.id,r1_0.ruling_date,r1_0.ruling_text from rulings r1_0 where r1_0.card_id=?
[DEBUG] 2026-10-10 17:59:42.732 [main] ResultsHelper - Collection fully initialized: [com.magMan.entity.Card.rulings#1]
[DEBUG] 2026-10-10 17:59:42.732 [main] LogicalConnectionManagedImpl - Initiating JDBC connection release from afterTransaction
[DEBUG] 2026-10-10 17:59:42.733 [main] LogicalConnectionManagedImpl - Initiating JDBC connection release from afterTransaction
[DEBUG] 2026-10-10 17:59:42.733 [main] LogicalConnectionManagedImpl - Initiating JDBC connection release from afterTransaction
[DEBUG] 2026-10-10 17:59:42.767 [main] exec - Skipping reading Query result cache data: cache-enabled = false, cache-mode = IGNORE
[DEBUG] 2026-10-10 17:59:42.769 [main] results - Initializer list:
	  com.magMan.entity.Card -> EntityResultInitializer(com.magMan.entity.Card)@1169734591 (SingleTableEntityPersister(com.magMan.entity.Card))
	  com.magMan.entity.Card.rulings -> BagInitializer(com.magMan.entity.Card.rulings)@502296269 (PluralAttribute(com.magMan.entity.Card.rulings))
	  com.magMan.entity.Card.rulings.{element} -> EntityJoinedFetchInitializer(com.magMan.entity.Card.rulings.{element})@1469217737 (EntityCollectionPart(com.magMan.entity.Card.rulings#{element})@892626202)

[DEBUG] 2026-10-10 17:59:42.769 [main] SQL - select c1_0.id,c1_0.cardCmc,c1_0.cardName,c1_0.cardQuantity,c1_0.cardType,r1_0.card_id,r1_0.id,r1_0.ruling_date,r1_0.ruling_text from cards c1_0 left join rulings r1_0 on c1_0.id=r1_0.card_id where c1_0.id=?
[DEBUG] 2026-10-10 17:59:42.773 [main] results - Extracted JDBC value [6] - [null]
[DEBUG] 2026-10-10 17:59:42.773 [main] entity - (EntityJoinedFetchInitializer) EntityKey (com.magMan.entity.Card.rulings.{element}) is null
[DEBUG] 2026-10-10 17:59:42.773 [main] entity - (EntityResultInitializer) Hydrated EntityKey (com.magMan.entity.Card): 1
[DEBUG] 2026-10-10 17:59:42.773 [main] results - Extracted JDBC value [0] - [1]
[DEBUG] 2026-10-10 17:59:42.773 [main] collection - (BagInitializer) Current row collection key : com.magMan.entity.Card.rulings#1
[DEBUG] 2026-10-10 17:59:42.773 [main] results - Extracted JDBC value [5] - [null]
[DEBUG] 2026-10-10 17:59:42.773 [main] entity - (EntityResultInitializer) Created new entity instance [com.magMan.entity.Card#1] : 1432888450
[DEBUG] 2026-10-10 17:59:42.773 [main] collection - (BagInitializer) Created new collection wrapper [com.magMan.entity.Card.rulings#1] : org.hibernate.collection.spi.PersistentBag@17608784
[DEBUG] 2026-10-10 17:59:42.778 [main] collection - (BagInitializer) Responsible for loading collection [com.magMan.entity.Card.rulings#1] : org.hibernate.collection.spi.PersistentBag@17608784
[DEBUG] 2026-10-10 17:59:42.779 [main] results - Extracted JDBC value [1] - [2]
[DEBUG] 2026-10-10 17:59:42.779 [main] results - Extracted JDBC value [2] - [Counterspell]
[DEBUG] 2026-10-10 17:59:42.779 [main] results - Extracted JDBC value [3] - [20]
[DEBUG] 2026-10-10 17:59:42.779 [main] results - Extracted JDBC value [4] - [Instant]
[DEBUG] 2026-10-10 17:59:42.779 [main] entity - (EntityResultInitializer) Done materializing entityInstance : com.magMan.entity.Card#1
[DEBUG] 2026-10-10 17:59:42.779 [main] loading - Calling top-level assembler (0 / 1) : org.hibernate.sql.results.graph.entity.internal.EntityAssembler@4f7ba0af
[DEBUG] 2026-10-10 17:59:42.779 [main] ResultsHelper - Collection fully initialized: [com.magMan.entity.Card.rulings#1]
[DEBUG] 2026-10-10 17:59:42.780 [main] LogicalConnectionManagedImpl - Initiating JDBC connection release from afterTransaction
[DEBUG] 2026-10-10 17:59:42.782 [main] exec - Skipping reading Query result cache data: cache-enabled = false, cache-mode = IGNORE
[DEBUG] 2026-10-10 17:59:42.782 [main] results - Initializer list:
	  com.magMan.entity.Card -> EntityResultInitializer(com.magMan.entity.Card)@409957428 (SingleTableEntityPersister(com.magMan.entity.Card))
	  com.magMan.entity.Card.rulings -> BagInitializer(com.magMan.entity.Card.rulings)@594822442 (PluralAttribute(com.magMan.entity.Card.rulings))
	  com.magMan.entity.Card.rulings.{element} -> EntityJoinedFetchInitializer(com.magMan.entity.Card.rulings.{element})@1878814375 (EntityCollectionPart(com.magMan.entity.Card.rulings#{element})@892626202)

[DEBUG] 2026-10-10 17:59:42.782 [main] SQL - select c1_0.id,c1_0.cardCmc,c1_0.cardName,c1_0.cardQuantity,c1_0.cardType,r1_0.card_id,r1_0.id,r1_0.ruling_date,r1_0.ruling_text from cards c1_0 left join rulings r1_0 on c1_0.id=r1_0.card_id where c1_0.id=?
[DEBUG] 2026-10-10 17:59:42.784 [main] results - Extracted JDBC value [6] - [null]
[DEBUG] 2026-10-10 17:59:42.784 [main] entity - (EntityJoinedFetchInitializer) EntityKey (com.magMan.entity.Card.rulings.{element}) is null
[DEBUG] 2026-10-10 17:59:42.784 [main] entity - (EntityResultInitializer) Hydrated EntityKey (com.magMan.entity.Card): 2
[DEBUG] 2026-10-10 17:59:42.784 [main] results - Extracted JDBC value [0] - [2]
[DEBUG] 2026-10-10 17:59:42.784 [main] collection - (BagInitializer) Current row collection key : com.magMan.entity.Card.rulings#2
[DEBUG] 2026-10-10 17:59:42.784 [main] results - Extracted JDBC value [5] - [null]
[DEBUG] 2026-10-10 17:59:42.784 [main] entity - (EntityResultInitializer) Created new entity instance [com.magMan.entity.Card#2] : 890681473
[DEBUG] 2026-10-10 17:59:42.784 [main] collection - (BagInitializer) Created new collection wrapper [com.magMan.entity.Card.rulings#2] : org.hibernate.collection.spi.PersistentBag@1810419227
[DEBUG] 2026-10-10 17:59:42.784 [main] collection - (BagInitializer) Responsible for loading collection [com.magMan.entity.Card.rulings#2] : org.hibernate.collection.spi.PersistentBag@1810419227
[DEBUG] 2026-10-10 17:59:42.784 [main] results - Extracted JDBC value [1] - [1]
[DEBUG] 2026-10-10 17:59:42.784 [main] results - Extracted JDBC value [2] - [Sol Ring]
[DEBUG] 2026-10-10 17:59:42.784 [main] results - Extracted JDBC value [3] - [20]
[DEBUG] 2026-10-10 17:59:42.784 [main] results - Extracted JDBC value [4] - [Artifact]
[DEBUG] 2026-10-10 17:59:42.785 [main] entity - (EntityResultInitializer) Done materializing entityInstance : com.magMan.entity.Card#2
[DEBUG] 2026-10-10 17:59:42.785 [main] loading - Calling top-level assembler (0 / 1) : org.hibernate.sql.results.graph.entity.internal.EntityAssembler@e3c36d
[DEBUG] 2026-10-10 17:59:42.785 [main] ResultsHelper - Collection fully initialized: [com.magMan.entity.Card.rulings#2]
[DEBUG] 2026-10-10 17:59:42.785 [main] LogicalConnectionManagedImpl - Initiating JDBC connection release from afterTransaction
[DEBUG] 2026-10-10 17:59:42.786 [main] exec - Skipping reading Query result cache data: cache-enabled = false, cache-mode = IGNORE
[DEBUG] 2026-10-10 17:59:42.786 [main] results - Initializer list:
	  com.magMan.entity.Card -> EntityResultInitializer(com.magMan.entity.Card)@964301023 (SingleTableEntityPersister(com.magMan.entity.Card))
	  com.magMan.entity.Card.rulings -> BagInitializer(com.magMan.entity.Card.rulings)@967337409 (PluralAttribute(com.magMan.entity.Card.rulings))
	  com.magMan.entity.Card.rulings.{element} -> EntityJoinedFetchInitializer(com.magMan.entity.Card.rulings.{element})@337509625 (EntityCollectionPart(com.magMan.entity.Card.rulings#{element})@892626202)

[DEBUG] 2026-10-10 17:59:42.786 [main] SQL - select c1_0.id,c1_0.cardCmc,c1_0.cardName,c1_0.cardQuantity,c1_0.cardType,r1_0.card_id,r1_0.id,r1_0.ruling_date,r1_0.ruling_text from cards c1_0 left join rulings r1_0 on c1_0.id=r1_0.card_id where c1_0.id=?
[DEBUG] 2026-10-10 17:59:42.790 [main] results - Extracted JDBC value [6] - [1]
[DEBUG] 2026-10-10 17:59:42.790 [main] entity - (EntityJoinedFetchInitializer) Hydrated EntityKey (com.magMan.entity.Card.rulings.{element}): 1
[DEBUG] 2026-10-10 17:59:42.790 [main] entity - (EntityResultInitializer) Hydrated EntityKey (com.magMan.entity.Card): 3
[DEBUG] 2026-10-10 17:59:42.790 [main] results - Extracted JDBC value [0] - [3]
[DEBUG] 2026-10-10 17:59:42.790 [main] collection - (BagInitializer) Current row collection key : com.magMan.entity.Card.rulings#3
[DEBUG] 2026-10-10 17:59:42.790 [main] results - Extracted JDBC value [5] - [3]
[DEBUG] 2026-10-10 17:59:42.790 [main] entity - (EntityJoinedFetchInitializer) Created new entity instance [com.magMan.entity.Card.rulings.{element}#1] : 671967776
[DEBUG] 2026-10-10 17:59:42.790 [main] entity - (EntityResultInitializer) Created new entity instance [com.magMan.entity.Card#3] : 1459038473
[DEBUG] 2026-10-10 17:59:42.790 [main] collection - (BagInitializer) Created new collection wrapper [com.magMan.entity.Card.rulings#3] : org.hibernate.collection.spi.PersistentBag@1898469011
[DEBUG] 2026-10-10 17:59:42.791 [main] collection - (BagInitializer) Responsible for loading collection [com.magMan.entity.Card.rulings#3] : org.hibernate.collection.spi.PersistentBag@1898469011
[DEBUG] 2026-10-10 17:59:42.791 [main] results - Extracted JDBC value [7] - [2022-12-08]
[DEBUG] 2026-10-10 17:59:42.791 [main] results - Extracted JDBC value [8] - [If a spell has X in its mana cost, you must choose 0 as the value of X when casting it without paying its mana cost.]
[DEBUG] 2026-10-10 17:59:42.791 [main] entity - (EntityJoinedFetchInitializer) Done materializing entityInstance : com.magMan.entity.Card.rulings.{element}#1
[DEBUG] 2026-10-10 17:59:42.791 [main] collection - (BagInitializer) Reading element from row for collection [com.magMan.entity.Card.rulings#3] -> org.hibernate.collection.spi.PersistentBag@1898469011
[DEBUG] 2026-10-10 17:59:42.791 [main] results - Extracted JDBC value [1] - [4]
[DEBUG] 2026-10-10 17:59:42.791 [main] results - Extracted JDBC value [2] - [Urza, Lord High Artificer]
[DEBUG] 2026-10-10 17:59:42.791 [main] results - Extracted JDBC value [3] - [1]
[DEBUG] 2026-10-10 17:59:42.791 [main] results - Extracted JDBC value [4] - [Creature]
[DEBUG] 2026-10-10 17:59:42.791 [main] entity - (EntityResultInitializer) Done materializing entityInstance : com.magMan.entity.Card#3
[DEBUG] 2026-10-10 17:59:42.791 [main] loading - Calling top-level assembler (0 / 1) : org.hibernate.sql.results.graph.entity.internal.EntityAssembler@3199a202
[DEBUG] 2026-10-10 17:59:42.792 [main] results - Extracted JDBC value [6] - [5]
[DEBUG] 2026-10-10 17:59:42.792 [main] entity - (EntityJoinedFetchInitializer) Hydrated EntityKey (com.magMan.entity.Card.rulings.{element}): 5
[DEBUG] 2026-10-10 17:59:42.792 [main] entity - (EntityResultInitializer) Hydrated EntityKey (com.magMan.entity.Card): 3
[DEBUG] 2026-10-10 17:59:42.792 [main] results - Extracted JDBC value [0] - [3]
[DEBUG] 2026-10-10 17:59:42.792 [main] collection - (BagInitializer) Current row collection key : com.magMan.entity.Card.rulings#3
[DEBUG] 2026-10-10 17:59:42.792 [main] results - Extracted JDBC value [5] - [3]
[DEBUG] 2026-10-10 17:59:42.792 [main] entity - (EntityJoinedFetchInitializer) Created new entity instance [com.magMan.entity.Card.rulings.{element}#5] : 1921417851
[DEBUG] 2026-10-10 17:59:42.792 [main] collection - (BagInitializer) Found existing loading collection entry [com.magMan.entity.Card.rulings#3]; using loading collection instance - org.hibernate.collection.spi.PersistentBag@1898469011
[DEBUG] 2026-10-10 17:59:42.792 [main] collection - (BagInitializer) Responsible for loading collection [com.magMan.entity.Card.rulings#3] : org.hibernate.collection.spi.PersistentBag@1898469011
[DEBUG] 2026-10-10 17:59:42.792 [main] results - Extracted JDBC value [7] - [2022-12-08]
[DEBUG] 2026-10-10 17:59:42.792 [main] results - Extracted JDBC value [8] - [You can tap any untapped artifact you control to pay the cost of the mana ability, including an artifact creature you haven't controlled continuously since the beginning of your most recent turn.  Tapping an Equipment this way won't affect its abilities or the equipped creature.]
[DEBUG] 2026-10-10 17:59:42.793 [main] entity - (EntityJoinedFetchInitializer) Done materializing entityInstance : com.magMan.entity.Card.rulings.{element}#5
[DEBUG] 2026-10-10 17:59:42.793 [main] collection - (BagInitializer) Reading element from row for collection [com.magMan.entity.Card.rulings#3] -> org.hibernate.collection.spi.PersistentBag@1898469011
[DEBUG] 2026-10-10 17:59:42.793 [main] loading - Calling top-level assembler (0 / 1) : org.hibernate.sql.results.graph.entity.internal.EntityAssembler@3199a202
[DEBUG] 2026-10-10 17:59:42.793 [main] ResultsHelper - Collection fully initialized: [com.magMan.entity.Card.rulings#3]
[DEBUG] 2026-10-10 17:59:42.793 [main] LogicalConnectionManagedImpl - Initiating JDBC connection release from afterTransaction
[DEBUG] 2026-10-10 17:59:42.795 [main] exec - Skipping reading Query result cache data: cache-enabled = false, cache-mode = IGNORE
[DEBUG] 2026-10-10 17:59:42.795 [main] results - Initializer list:
	  com.magMan.entity.Card -> EntityResultInitializer(com.magMan.entity.Card)@500580931 (SingleTableEntityPersister(com.magMan.entity.Card))
	  com.magMan.entity.Card.rulings -> BagInitializer(com.magMan.entity.Card.rulings)@788075428 (PluralAttribute(com.magMan.entity.Card.rulings))
	  com.magMan.entity.Card.rulings.{element} -> EntityJoinedFetchInitializer(com.magMan.entity.Card.rulings.{element})@1376533963 (EntityCollectionPart(com.magMan.entity.Card.rulings#{element})@892626202)

[DEBUG] 2026-10-10 17:59:42.795 [main] SQL - select c1_0.id,c1_0.cardCmc,c1_0.cardName,c1_0.cardQuantity,c1_0.cardType,r1_0.card_id,r1_0.id,r1_0.ruling_date,r1_0.ruling_text from cards c1_0 left join rulings r1_0 on c1_0.id=r1_0.card_id where c1_0.id=?
[DEBUG] 2026-10-10 17:59:42.797 [main] results - Extracted JDBC value [6] - [null]
[DEBUG] 2026-10-10 17:59:42.797 [main] entity - (EntityJoinedFetchInitializer) EntityKey (com.magMan.entity.Card.rulings.{element}) is null
[DEBUG] 2026-10-10 17:59:42.797 [main] entity - (EntityResultInitializer) Hydrated EntityKey (com.magMan.entity.Card): 4
[DEBUG] 2026-10-10 17:59:42.797 [main] results - Extracted JDBC value [0] - [4]
[DEBUG] 2026-10-10 17:59:42.797 [main] collection - (BagInitializer) Current row collection key : com.magMan.entity.Card.rulings#4
[DEBUG] 2026-10-10 17:59:42.797 [main] results - Extracted JDBC value [5] - [null]
[DEBUG] 2026-10-10 17:59:42.797 [main] entity - (EntityResultInitializer) Created new entity instance [com.magMan.entity.Card#4] : 1911013695
[DEBUG] 2026-10-10 17:59:42.797 [main] collection - (BagInitializer) Created new collection wrapper [com.magMan.entity.Card.rulings#4] : org.hibernate.collection.spi.PersistentBag@580212331
[DEBUG] 2026-10-10 17:59:42.797 [main] collection - (BagInitializer) Responsible for loading collection [com.magMan.entity.Card.rulings#4] : org.hibernate.collection.spi.PersistentBag@580212331
[DEBUG] 2026-10-10 17:59:42.797 [main] results - Extracted JDBC value [1] - [null]
[DEBUG] 2026-10-10 17:59:42.797 [main] results - Extracted JDBC value [2] - [Island]
[DEBUG] 2026-10-10 17:59:42.798 [main] results - Extracted JDBC value [3] - [100]
[DEBUG] 2026-10-10 17:59:42.798 [main] results - Extracted JDBC value [4] - [Land]
[DEBUG] 2026-10-10 17:59:42.798 [main] entity - (EntityResultInitializer) Done materializing entityInstance : com.magMan.entity.Card#4
[DEBUG] 2026-10-10 17:59:42.798 [main] loading - Calling top-level assembler (0 / 1) : org.hibernate.sql.results.graph.entity.internal.EntityAssembler@174e1b99
[DEBUG] 2026-10-10 17:59:42.798 [main] ResultsHelper - Collection fully initialized: [com.magMan.entity.Card.rulings#4]
[DEBUG] 2026-10-10 17:59:42.798 [main] LogicalConnectionManagedImpl - Initiating JDBC connection release from afterTransaction
[DEBUG] 2026-10-10 17:59:42.799 [main] exec - Skipping reading Query result cache data: cache-enabled = false, cache-mode = IGNORE
[DEBUG] 2026-10-10 17:59:42.799 [main] results - Initializer list:
	  com.magMan.entity.Card -> EntityResultInitializer(com.magMan.entity.Card)@1403032934 (SingleTableEntityPersister(com.magMan.entity.Card))
	  com.magMan.entity.Card.rulings -> BagInitializer(com.magMan.entity.Card.rulings)@478238740 (PluralAttribute(com.magMan.entity.Card.rulings))
	  com.magMan.entity.Card.rulings.{element} -> EntityJoinedFetchInitializer(com.magMan.entity.Card.rulings.{element})@347042785 (EntityCollectionPart(com.magMan.entity.Card.rulings#{element})@892626202)

[DEBUG] 2026-10-10 17:59:42.799 [main] SQL - select c1_0.id,c1_0.cardCmc,c1_0.cardName,c1_0.cardQuantity,c1_0.cardType,r1_0.card_id,r1_0.id,r1_0.ruling_date,r1_0.ruling_text from cards c1_0 left join rulings r1_0 on c1_0.id=r1_0.card_id where c1_0.id=?
[DEBUG] 2026-10-10 17:59:42.800 [main] results - Extracted JDBC value [6] - [2]
[DEBUG] 2026-10-10 17:59:42.800 [main] entity - (EntityJoinedFetchInitializer) Hydrated EntityKey (com.magMan.entity.Card.rulings.{element}): 2
[DEBUG] 2026-10-10 17:59:42.800 [main] entity - (EntityResultInitializer) Hydrated EntityKey (com.magMan.entity.Card): 5
[DEBUG] 2026-10-10 17:59:42.800 [main] results - Extracted JDBC value [0] - [5]
[DEBUG] 2026-10-10 17:59:42.800 [main] collection - (BagInitializer) Current row collection key : com.magMan.entity.Card.rulings#5
[DEBUG] 2026-10-10 17:59:42.800 [main] results - Extracted JDBC value [5] - [5]
[DEBUG] 2026-10-10 17:59:42.801 [main] entity - (EntityJoinedFetchInitializer) Created new entity instance [com.magMan.entity.Card.rulings.{element}#2] : 1415611350
[DEBUG] 2026-10-10 17:59:42.801 [main] entity - (EntityResultInitializer) Created new entity instance [com.magMan.entity.Card#5] : 2059515584
[DEBUG] 2026-10-10 17:59:42.801 [main] collection - (BagInitializer) Created new collection wrapper [com.magMan.entity.Card.rulings#5] : org.hibernate.collection.spi.PersistentBag@980751669
[DEBUG] 2026-10-10 17:59:42.801 [main] collection - (BagInitializer) Responsible for loading collection [com.magMan.entity.Card.rulings#5] : org.hibernate.collection.spi.PersistentBag@980751669
[DEBUG] 2026-10-10 17:59:42.801 [main] results - Extracted JDBC value [7] - [2004-10-04]
[DEBUG] 2026-10-10 17:59:42.801 [main] results - Extracted JDBC value [8] - [Because the "search" requires you to find a card with certain characteristics, you don't have to find the card if you don't want to.]
[DEBUG] 2026-10-10 17:59:42.801 [main] entity - (EntityJoinedFetchInitializer) Done materializing entityInstance : com.magMan.entity.Card.rulings.{element}#2
[DEBUG] 2026-10-10 17:59:42.801 [main] collection - (BagInitializer) Reading element from row for collection [com.magMan.entity.Card.rulings#5] -> org.hibernate.collection.spi.PersistentBag@980751669
[DEBUG] 2026-10-10 17:59:42.802 [main] results - Extracted JDBC value [1] - [3]
[DEBUG] 2026-10-10 17:59:42.802 [main] results - Extracted JDBC value [2] - [Tinker]
[DEBUG] 2026-10-10 17:59:42.802 [main] results - Extracted JDBC value [3] - [10]
[DEBUG] 2026-10-10 17:59:42.802 [main] results - Extracted JDBC value [4] - [Sorcery]
[DEBUG] 2026-10-10 17:59:42.802 [main] entity - (EntityResultInitializer) Done materializing entityInstance : com.magMan.entity.Card#5
[DEBUG] 2026-10-10 17:59:42.802 [main] loading - Calling top-level assembler (0 / 1) : org.hibernate.sql.results.graph.entity.internal.EntityAssembler@7fb82f73
[DEBUG] 2026-10-10 17:59:42.802 [main] ResultsHelper - Collection fully initialized: [com.magMan.entity.Card.rulings#5]
[DEBUG] 2026-10-10 17:59:42.802 [main] LogicalConnectionManagedImpl - Initiating JDBC connection release from afterTransaction
[DEBUG] 2026-10-10 17:59:42.803 [main] exec - Skipping reading Query result cache data: cache-enabled = false, cache-mode = IGNORE
[DEBUG] 2026-10-10 17:59:42.803 [main] results - Initializer list:
	  com.magMan.entity.Card -> EntityResultInitializer(com.magMan.entity.Card)@789998945 (SingleTableEntityPersister(com.magMan.entity.Card))
	  com.magMan.entity.Card.rulings -> BagInitializer(com.magMan.entity.Card.rulings)@1486273013 (PluralAttribute(com.magMan.entity.Card.rulings))
	  com.magMan.entity.Card.rulings.{element} -> EntityJoinedFetchInitializer(com.magMan.entity.Card.rulings.{element})@1255723887 (EntityCollectionPart(com.magMan.entity.Card.rulings#{element})@892626202)

[DEBUG] 2026-10-10 17:59:42.803 [main] SQL - select c1_0.id,c1_0.cardCmc,c1_0.cardName,c1_0.cardQuantity,c1_0.cardType,r1_0.card_id,r1_0.id,r1_0.ruling_date,r1_0.ruling_text from cards c1_0 left join rulings r1_0 on c1_0.id=r1_0.card_id where c1_0.id=?
[DEBUG] 2026-10-10 17:59:42.805 [main] results - Extracted JDBC value [6] - [3]
[DEBUG] 2026-10-10 17:59:42.806 [main] entity - (EntityJoinedFetchInitializer) Hydrated EntityKey (com.magMan.entity.Card.rulings.{element}): 3
[DEBUG] 2026-10-10 17:59:42.806 [main] entity - (EntityResultInitializer) Hydrated EntityKey (com.magMan.entity.Card): 6
[DEBUG] 2026-10-10 17:59:42.806 [main] results - Extracted JDBC value [0] - [6]
[DEBUG] 2026-10-10 17:59:42.806 [main] collection - (BagInitializer) Current row collection key : com.magMan.entity.Card.rulings#6
[DEBUG] 2026-10-10 17:59:42.806 [main] results - Extracted JDBC value [5] - [6]
[DEBUG] 2026-10-10 17:59:42.806 [main] entity - (EntityJoinedFetchInitializer) Created new entity instance [com.magMan.entity.Card.rulings.{element}#3] : 534798335
[DEBUG] 2026-10-10 17:59:42.806 [main] entity - (EntityResultInitializer) Created new entity instance [com.magMan.entity.Card#6] : 1845590352
[DEBUG] 2026-10-10 17:59:42.807 [main] collection - (BagInitializer) Created new collection wrapper [com.magMan.entity.Card.rulings#6] : org.hibernate.collection.spi.PersistentBag@486965279
[DEBUG] 2026-10-10 17:59:42.808 [main] collection - (BagInitializer) Responsible for loading collection [com.magMan.entity.Card.rulings#6] : org.hibernate.collection.spi.PersistentBag@486965279
[DEBUG] 2026-10-10 17:59:42.809 [main] results - Extracted JDBC value [7] - [2018-07-13]
[DEBUG] 2026-10-10 17:59:42.809 [main] results - Extracted JDBC value [8] - [If a spell has X in its mana cost, you must choose 0 as the value of X when casting it without paying its mana cost.]
[DEBUG] 2026-10-10 17:59:42.809 [main] entity - (EntityJoinedFetchInitializer) Done materializing entityInstance : com.magMan.entity.Card.rulings.{element}#3
[DEBUG] 2026-10-10 17:59:42.809 [main] collection - (BagInitializer) Reading element from row for collection [com.magMan.entity.Card.rulings#6] -> org.hibernate.collection.spi.PersistentBag@486965279
[DEBUG] 2026-10-10 17:59:42.809 [main] results - Extracted JDBC value [1] - [10]
[DEBUG] 2026-10-10 17:59:42.809 [main] results - Extracted JDBC value [2] - [Omniscience]
[DEBUG] 2026-10-10 17:59:42.809 [main] results - Extracted JDBC value [3] - [2]
[DEBUG] 2026-10-10 17:59:42.809 [main] results - Extracted JDBC value [4] - [Enchantment]
[DEBUG] 2026-10-10 17:59:42.809 [main] entity - (EntityResultInitializer) Done materializing entityInstance : com.magMan.entity.Card#6
[DEBUG] 2026-10-10 17:59:42.809 [main] loading - Calling top-level assembler (0 / 1) : org.hibernate.sql.results.graph.entity.internal.EntityAssembler@727956bb
[DEBUG] 2026-10-10 17:59:42.809 [main] results - Extracted JDBC value [6] - [6]
[DEBUG] 2026-10-10 17:59:42.809 [main] entity - (EntityJoinedFetchInitializer) Hydrated EntityKey (com.magMan.entity.Card.rulings.{element}): 6
[DEBUG] 2026-10-10 17:59:42.811 [main] entity - (EntityResultInitializer) Hydrated EntityKey (com.magMan.entity.Card): 6
[DEBUG] 2026-10-10 17:59:42.811 [main] results - Extracted JDBC value [0] - [6]
[DEBUG] 2026-10-10 17:59:42.811 [main] collection - (BagInitializer) Current row collection key : com.magMan.entity.Card.rulings#6
[DEBUG] 2026-10-10 17:59:42.811 [main] results - Extracted JDBC value [5] - [6]
[DEBUG] 2026-10-10 17:59:42.813 [main] entity - (EntityJoinedFetchInitializer) Created new entity instance [com.magMan.entity.Card.rulings.{element}#6] : 1878782124
[DEBUG] 2026-10-10 17:59:42.813 [main] collection - (BagInitializer) Found existing loading collection entry [com.magMan.entity.Card.rulings#6]; using loading collection instance - org.hibernate.collection.spi.PersistentBag@486965279
[DEBUG] 2026-10-10 17:59:42.813 [main] collection - (BagInitializer) Responsible for loading collection [com.magMan.entity.Card.rulings#6] : org.hibernate.collection.spi.PersistentBag@486965279
[DEBUG] 2026-10-10 17:59:42.813 [main] results - Extracted JDBC value [7] - [2018-07-13]
[DEBUG] 2026-10-10 17:59:42.813 [main] results - Extracted JDBC value [8] - [Once you cast Omniscience, if it's your turn, you'll have priority immediately after it resolves.  You can cast another spell before any player can attempt to remove Omniscience with spells or abilities.]
[DEBUG] 2026-10-10 17:59:42.813 [main] entity - (EntityJoinedFetchInitializer) Done materializing entityInstance : com.magMan.entity.Card.rulings.{element}#6
[DEBUG] 2026-10-10 17:59:42.814 [main] collection - (BagInitializer) Reading element from row for collection [com.magMan.entity.Card.rulings#6] -> org.hibernate.collection.spi.PersistentBag@486965279
[DEBUG] 2026-10-10 17:59:42.814 [main] loading - Calling top-level assembler (0 / 1) : org.hibernate.sql.results.graph.entity.internal.EntityAssembler@727956bb
[DEBUG] 2026-10-10 17:59:42.814 [main] ResultsHelper - Collection fully initialized: [com.magMan.entity.Card.rulings#6]
[DEBUG] 2026-10-10 17:59:42.814 [main] LogicalConnectionManagedImpl - Initiating JDBC connection release from afterTransaction
[DEBUG] 2026-10-10 17:59:42.817 [main] exec - Skipping reading Query result cache data: cache-enabled = false, cache-mode = IGNORE
[DEBUG] 2026-10-10 17:59:42.818 [main] results - Initializer list:
	  com.magMan.entity.Card -> EntityResultInitializer(com.magMan.entity.Card)@181784570 (SingleTableEntityPersister(com.magMan.entity.Card))
	  com.magMan.entity.Card.rulings -> BagInitializer(com.magMan.entity.Card.rulings)@595239111 (PluralAttribute(com.magMan.entity.Card.rulings))
	  com.magMan.entity.Card.rulings.{element} -> EntityJoinedFetchInitializer(com.magMan.entity.Card.rulings.{element})@462349981 (EntityCollectionPart(com.magMan.entity.Card.rulings#{element})@892626202)

[DEBUG] 2026-10-10 17:59:42.818 [main] SQL - select c1_0.id,c1_0.cardCmc,c1_0.cardName,c1_0.cardQuantity,c1_0.cardType,r1_0.card_id,r1_0.id,r1_0.ruling_date,r1_0.ruling_text from cards c1_0 left join rulings r1_0 on c1_0.id=r1_0.card_id where c1_0.id=?
[DEBUG] 2026-10-10 17:59:42.820 [main] results - Extracted JDBC value [6] - [4]
[DEBUG] 2026-10-10 17:59:42.820 [main] entity - (EntityJoinedFetchInitializer) Hydrated EntityKey (com.magMan.entity.Card.rulings.{element}): 4
[DEBUG] 2026-10-10 17:59:42.820 [main] entity - (EntityResultInitializer) Hydrated EntityKey (com.magMan.entity.Card): 7
[DEBUG] 2026-10-10 17:59:42.821 [main] results - Extracted JDBC value [0] - [7]
[DEBUG] 2026-10-10 17:59:42.821 [main] collection - (BagInitializer) Current row collection key : com.magMan.entity.Card.rulings#7
[DEBUG] 2026-10-10 17:59:42.821 [main] results - Extracted JDBC value [5] - [7]
[DEBUG] 2026-10-10 17:59:42.822 [main] entity - (EntityJoinedFetchInitializer) Created new entity instance [com.magMan.entity.Card.rulings.{element}#4] : 530681735
[DEBUG] 2026-10-10 17:59:42.822 [main] entity - (EntityResultInitializer) Created new entity instance [com.magMan.entity.Card#7] : 293583290
[DEBUG] 2026-10-10 17:59:42.822 [main] collection - (BagInitializer) Created new collection wrapper [com.magMan.entity.Card.rulings#7] : org.hibernate.collection.spi.PersistentBag@45207973
[DEBUG] 2026-10-10 17:59:42.822 [main] collection - (BagInitializer) Responsible for loading collection [com.magMan.entity.Card.rulings#7] : org.hibernate.collection.spi.PersistentBag@45207973
[DEBUG] 2026-10-10 17:59:42.822 [main] results - Extracted JDBC value [7] - [2019-05-03]
[DEBUG] 2026-10-10 17:59:42.827 [main] results - Extracted JDBC value [8] - [If for some reason you can't win the game (because your opponent controls Platinum Angel, for example), you won't lose for having tried to draw a card from a library with no cards in it.  The draw was still replaced.]
[DEBUG] 2026-10-10 17:59:42.827 [main] entity - (EntityJoinedFetchInitializer) Done materializing entityInstance : com.magMan.entity.Card.rulings.{element}#4
[DEBUG] 2026-10-10 17:59:42.827 [main] collection - (BagInitializer) Reading element from row for collection [com.magMan.entity.Card.rulings#7] -> org.hibernate.collection.spi.PersistentBag@45207973
[DEBUG] 2026-10-10 17:59:42.828 [main] results - Extracted JDBC value [1] - [4]
[DEBUG] 2026-10-10 17:59:42.828 [main] results - Extracted JDBC value [2] - [Jace, Wielder of Mysteries]
[DEBUG] 2026-10-10 17:59:42.828 [main] results - Extracted JDBC value [3] - [1]
[DEBUG] 2026-10-10 17:59:42.828 [main] results - Extracted JDBC value [4] - [Planeswalker]
[DEBUG] 2026-10-10 17:59:42.828 [main] entity - (EntityResultInitializer) Done materializing entityInstance : com.magMan.entity.Card#7
[DEBUG] 2026-10-10 17:59:42.828 [main] loading - Calling top-level assembler (0 / 1) : org.hibernate.sql.results.graph.entity.internal.EntityAssembler@41e7a544
[DEBUG] 2026-10-10 17:59:42.829 [main] ResultsHelper - Collection fully initialized: [com.magMan.entity.Card.rulings#7]
[DEBUG] 2026-10-10 17:59:42.829 [main] LogicalConnectionManagedImpl - Initiating JDBC connection release from afterTransaction
[DEBUG] 2026-10-10 17:59:42.830 [main] exec - Skipping reading Query result cache data: cache-enabled = false, cache-mode = IGNORE
[DEBUG] 2026-10-10 17:59:42.831 [main] results - Initializer list:
	  com.magMan.entity.Card -> EntityResultInitializer(com.magMan.entity.Card)@996584564 (SingleTableEntityPersister(com.magMan.entity.Card))
	  com.magMan.entity.Card.rulings -> BagInitializer(com.magMan.entity.Card.rulings)@1463316683 (PluralAttribute(com.magMan.entity.Card.rulings))
	  com.magMan.entity.Card.rulings.{element} -> EntityJoinedFetchInitializer(com.magMan.entity.Card.rulings.{element})@1535684464 (EntityCollectionPart(com.magMan.entity.Card.rulings#{element})@892626202)

[DEBUG] 2026-10-10 17:59:42.831 [main] SQL - select c1_0.id,c1_0.cardCmc,c1_0.cardName,c1_0.cardQuantity,c1_0.cardType,r1_0.card_id,r1_0.id,r1_0.ruling_date,r1_0.ruling_text from cards c1_0 left join rulings r1_0 on c1_0.id=r1_0.card_id where c1_0.id=?
[DEBUG] 2026-10-10 17:59:42.833 [main] results - Extracted JDBC value [6] - [null]
[DEBUG] 2026-10-10 17:59:42.833 [main] entity - (EntityJoinedFetchInitializer) EntityKey (com.magMan.entity.Card.rulings.{element}) is null
[DEBUG] 2026-10-10 17:59:42.833 [main] entity - (EntityResultInitializer) Hydrated EntityKey (com.magMan.entity.Card): 8
[DEBUG] 2026-10-10 17:59:42.837 [main] results - Extracted JDBC value [0] - [8]
[DEBUG] 2026-10-10 17:59:42.837 [main] collection - (BagInitializer) Current row collection key : com.magMan.entity.Card.rulings#8
[DEBUG] 2026-10-10 17:59:42.837 [main] results - Extracted JDBC value [5] - [null]
[DEBUG] 2026-10-10 17:59:42.837 [main] entity - (EntityResultInitializer) Created new entity instance [com.magMan.entity.Card#8] : 196511386
[DEBUG] 2026-10-10 17:59:42.837 [main] collection - (BagInitializer) Created new collection wrapper [com.magMan.entity.Card.rulings#8] : org.hibernate.collection.spi.PersistentBag@84324483
[DEBUG] 2026-10-10 17:59:42.837 [main] collection - (BagInitializer) Responsible for loading collection [com.magMan.entity.Card.rulings#8] : org.hibernate.collection.spi.PersistentBag@84324483
[DEBUG] 2026-10-10 17:59:42.837 [main] results - Extracted JDBC value [1] - [0]
[DEBUG] 2026-10-10 17:59:42.838 [main] results - Extracted JDBC value [2] - [Welding Jar]
[DEBUG] 2026-10-10 17:59:42.838 [main] results - Extracted JDBC value [3] - [8]
[DEBUG] 2026-10-10 17:59:42.838 [main] results - Extracted JDBC value [4] - [Artifact]
[DEBUG] 2026-10-10 17:59:42.838 [main] entity - (EntityResultInitializer) Done materializing entityInstance : com.magMan.entity.Card#8
[DEBUG] 2026-10-10 17:59:42.838 [main] loading - Calling top-level assembler (0 / 1) : org.hibernate.sql.results.graph.entity.internal.EntityAssembler@5eee3da9
[DEBUG] 2026-10-10 17:59:42.839 [main] ResultsHelper - Collection fully initialized: [com.magMan.entity.Card.rulings#8]
[DEBUG] 2026-10-10 17:59:42.839 [main] LogicalConnectionManagedImpl - Initiating JDBC connection release from afterTransaction
[DEBUG] 2026-10-10 17:59:43.019 [main] exec - Skipping reading Query result cache data: cache-enabled = false, cache-mode = IGNORE
[DEBUG] 2026-10-10 17:59:43.020 [main] results - Initializer list:
	  com.magMan.entity.Card -> EntityResultInitializer(com.magMan.entity.Card)@884958895 (SingleTableEntityPersister(com.magMan.entity.Card))
	  com.magMan.entity.Card.rulings -> BagInitializer(com.magMan.entity.Card.rulings)@926303796 (PluralAttribute(com.magMan.entity.Card.rulings))
	  com.magMan.entity.Card.rulings.{element} -> EntityJoinedFetchInitializer(com.magMan.entity.Card.rulings.{element})@1038907896 (EntityCollectionPart(com.magMan.entity.Card.rulings#{element})@892626202)

[DEBUG] 2026-10-10 17:59:43.020 [main] SQL - select c1_0.id,c1_0.cardCmc,c1_0.cardName,c1_0.cardQuantity,c1_0.cardType,r1_0.card_id,r1_0.id,r1_0.ruling_date,r1_0.ruling_text from cards c1_0 left join rulings r1_0 on c1_0.id=r1_0.card_id where c1_0.id=?
[DEBUG] 2026-10-10 17:59:43.059 [main] results - Extracted JDBC value [6] - [4]
[DEBUG] 2026-10-10 17:59:43.059 [main] entity - (EntityJoinedFetchInitializer) Hydrated EntityKey (com.magMan.entity.Card.rulings.{element}): 4
[DEBUG] 2026-10-10 17:59:43.059 [main] entity - (EntityResultInitializer) Hydrated EntityKey (com.magMan.entity.Card): 7
[DEBUG] 2026-10-10 17:59:43.059 [main] results - Extracted JDBC value [0] - [7]
[DEBUG] 2026-10-10 17:59:43.059 [main] collection - (BagInitializer) Current row collection key : com.magMan.entity.Card.rulings#7
[DEBUG] 2026-10-10 17:59:43.060 [main] results - Extracted JDBC value [5] - [7]
[DEBUG] 2026-10-10 17:59:43.060 [main] entity - (EntityJoinedFetchInitializer) Created new entity instance [com.magMan.entity.Card.rulings.{element}#4] : 962507619
[DEBUG] 2026-10-10 17:59:43.060 [main] entity - (EntityResultInitializer) Created new entity instance [com.magMan.entity.Card#7] : 504973670
[DEBUG] 2026-10-10 17:59:43.060 [main] collection - (BagInitializer) Created new collection wrapper [com.magMan.entity.Card.rulings#7] : org.hibernate.collection.spi.PersistentBag@369444529
[DEBUG] 2026-10-10 17:59:43.060 [main] collection - (BagInitializer) Responsible for loading collection [com.magMan.entity.Card.rulings#7] : org.hibernate.collection.spi.PersistentBag@369444529
[DEBUG] 2026-10-10 17:59:43.065 [main] results - Extracted JDBC value [7] - [2019-05-03]
[DEBUG] 2026-10-10 17:59:43.066 [main] results - Extracted JDBC value [8] - [If for some reason you can't win the game (because your opponent controls Platinum Angel, for example), you won't lose for having tried to draw a card from a library with no cards in it.  The draw was still replaced.]
[DEBUG] 2026-10-10 17:59:43.066 [main] entity - (EntityJoinedFetchInitializer) Done materializing entityInstance : com.magMan.entity.Card.rulings.{element}#4
[DEBUG] 2026-10-10 17:59:43.066 [main] collection - (BagInitializer) Reading element from row for collection [com.magMan.entity.Card.rulings#7] -> org.hibernate.collection.spi.PersistentBag@369444529
[DEBUG] 2026-10-10 17:59:43.066 [main] results - Extracted JDBC value [1] - [4]
[DEBUG] 2026-10-10 17:59:43.067 [main] results - Extracted JDBC value [2] - [Jace, Wielder of Mysteries]
[DEBUG] 2026-10-10 17:59:43.067 [main] results - Extracted JDBC value [3] - [1]
[DEBUG] 2026-10-10 17:59:43.067 [main] results - Extracted JDBC value [4] - [Planeswalker]
[DEBUG] 2026-10-10 17:59:43.067 [main] entity - (EntityResultInitializer) Done materializing entityInstance : com.magMan.entity.Card#7
[DEBUG] 2026-10-10 17:59:43.067 [main] loading - Calling top-level assembler (0 / 1) : org.hibernate.sql.results.graph.entity.internal.EntityAssembler@103e7c7c
[DEBUG] 2026-10-10 17:59:43.067 [main] ResultsHelper - Collection fully initialized: [com.magMan.entity.Card.rulings#7]
[DEBUG] 2026-10-10 17:59:43.073 [main] LogicalConnectionManagedImpl - Initiating JDBC connection release from afterTransaction
[DEBUG] 2026-10-10 17:59:43.118 [main] create - Created new SQL alias : c1_0
[DEBUG] 2026-10-10 17:59:43.119 [main] create - Registration of TableGroup [StandardTableGroup(com.magMan.entity.Card(11903195816583))] with identifierForTableGroup [com.magMan.entity.Card] for NavigablePath [com.magMan.entity.Card] 
[DEBUG] 2026-10-10 17:59:43.133 [main] BaseSqmToSqlAstConverter - Determining mapping-model type for SqmParameter : org.hibernate.query.sqm.tree.expression.SqmJpaCriteriaParameterWrapper@79c1ccf7
[DEBUG] 2026-10-10 17:59:43.133 [main] BaseSqmToSqlAstConverter - Determining mapping-model type for SqmPath : SqmBasicValuedSimplePath(com.magMan.entity.Card(11903195816583).cardName) 
[DEBUG] 2026-10-10 17:59:43.143 [main] AST - DomainResult Graph:
 \-EntityResultImpl [com.magMan.entity.Card(11903195816583)]
 |  +-BasicFetch [com.magMan.entity.Card(11903195816583).cardCmc]
 |  +-BasicFetch [com.magMan.entity.Card(11903195816583).cardName]
 |  +-BasicFetch [com.magMan.entity.Card(11903195816583).cardQuantity]
 |  +-BasicFetch [com.magMan.entity.Card(11903195816583).cardType]
 |  \-SelectEagerCollectionFetch [com.magMan.entity.Card(11903195816583).rulings]

[DEBUG] 2026-10-10 17:59:43.144 [main] tree - SQL AST Tree:
    SelectStatement {
      FromClause {
        StandardTableGroup (c1 : com.magMan.entity.Card(11903195816583)) {
          primaryTableReference : cards as c1_0
        }
      }
    }

[DEBUG] 2026-10-10 17:59:43.146 [main] exec - Skipping reading Query result cache data: cache-enabled = false, cache-mode = NORMAL
[DEBUG] 2026-10-10 17:59:43.146 [main] results - Initializer list:
	  com.magMan.entity.Card(11903195816583) -> EntityResultInitializer(com.magMan.entity.Card(11903195816583))@2144511610 (SingleTableEntityPersister(com.magMan.entity.Card))
	  com.magMan.entity.Card(11903195816583).rulings -> SelectEagerCollectionInitializer(com.magMan.entity.Card(11903195816583).rulings)@373158489 (PluralAttribute(com.magMan.entity.Card.rulings))

[DEBUG] 2026-10-10 17:59:43.146 [main] SQL - select c1_0.id,c1_0.cardCmc,c1_0.cardName,c1_0.cardQuantity,c1_0.cardType from cards c1_0 where c1_0.cardName=?
[DEBUG] 2026-10-10 17:59:43.158 [main] results - Extracted JDBC value [0] - [7]
[DEBUG] 2026-10-10 17:59:43.158 [main] entity - (EntityResultInitializer) Hydrated EntityKey (com.magMan.entity.Card(11903195816583)): 7
[DEBUG] 2026-10-10 17:59:43.158 [main] collection - (SelectEagerCollectionInitializer) Current row collection key : com.magMan.entity.Card(11903195816583).rulings#7
[DEBUG] 2026-10-10 17:59:43.158 [main] entity - (EntityResultInitializer) Created new entity instance [com.magMan.entity.Card(11903195816583)#7] : 1306613962
[DEBUG] 2026-10-10 17:59:43.158 [main] results - Extracted JDBC value [1] - [4]
[DEBUG] 2026-10-10 17:59:43.158 [main] results - Extracted JDBC value [2] - [Jace, Wielder of Mysteries]
[DEBUG] 2026-10-10 17:59:43.158 [main] results - Extracted JDBC value [3] - [1]
[DEBUG] 2026-10-10 17:59:43.158 [main] results - Extracted JDBC value [4] - [Planeswalker]
[DEBUG] 2026-10-10 17:59:43.158 [main] entity - (EntityResultInitializer) Done materializing entityInstance : com.magMan.entity.Card(11903195816583)#7
[DEBUG] 2026-10-10 17:59:43.158 [main] loading - Calling top-level assembler (0 / 1) : org.hibernate.sql.results.graph.entity.internal.EntityAssembler@d180961
[DEBUG] 2026-10-10 17:59:43.159 [main] exec - Skipping reading Query result cache data: cache-enabled = false, cache-mode = IGNORE
[DEBUG] 2026-10-10 17:59:43.159 [main] results - Initializer list:
	  com.magMan.entity.Card.rulings.{element}.card -> EntitySelectFetchInitializer(com.magMan.entity.Card.rulings.{element}.card)@1257745445 (ToOneAttributeMapping(NavigableRole[com.magMan.entity.Ruling.card])@155833159)
	  com.magMan.entity.Card.rulings.{element} -> EntityJoinedFetchInitializer(com.magMan.entity.Card.rulings.{element})@228035257 (EntityCollectionPart(com.magMan.entity.Card.rulings#{element})@892626202)
	  com.magMan.entity.Card.rulings -> BagInitializer(com.magMan.entity.Card.rulings)@1022388737 (PluralAttribute(com.magMan.entity.Card.rulings))

[DEBUG] 2026-10-10 17:59:43.159 [main] SQL - select r1_0.card_id,r1_0.id,r1_0.ruling_date,r1_0.ruling_text from rulings r1_0 where r1_0.card_id=?
[DEBUG] 2026-10-10 17:59:43.161 [main] results - Extracted JDBC value [1] - [4]
[DEBUG] 2026-10-10 17:59:43.161 [main] entity - (EntityJoinedFetchInitializer) Hydrated EntityKey (com.magMan.entity.Card.rulings.{element}): 4
[DEBUG] 2026-10-10 17:59:43.161 [main] results - Extracted JDBC value [0] - [7]
[DEBUG] 2026-10-10 17:59:43.162 [main] collection - (BagInitializer) Current row collection key : com.magMan.entity.Card.rulings#7
[DEBUG] 2026-10-10 17:59:43.162 [main] results - Extracted JDBC value [0] - [7]
[DEBUG] 2026-10-10 17:59:43.162 [main] entity - (EntityJoinedFetchInitializer) Created new entity instance [com.magMan.entity.Card.rulings.{element}#4] : 2006552231
[DEBUG] 2026-10-10 17:59:43.162 [main] results - Extracted JDBC value [0] - [7]
[DEBUG] 2026-10-10 17:59:43.162 [main] entity - (EntitySelectFetchInitializer) Found existing loading entry [com.magMan.entity.Card.rulings.{element}.card#7] - using loading instance
[DEBUG] 2026-10-10 17:59:43.162 [main] collection - (BagInitializer) Responsible for loading collection [com.magMan.entity.Card.rulings#7] : org.hibernate.collection.spi.PersistentBag@1328537405
[DEBUG] 2026-10-10 17:59:43.163 [main] results - Extracted JDBC value [2] - [2019-05-03]
[DEBUG] 2026-10-10 17:59:43.163 [main] results - Extracted JDBC value [3] - [If for some reason you can't win the game (because your opponent controls Platinum Angel, for example), you won't lose for having tried to draw a card from a library with no cards in it.  The draw was still replaced.]
[DEBUG] 2026-10-10 17:59:43.163 [main] entity - (EntityJoinedFetchInitializer) Done materializing entityInstance : com.magMan.entity.Card.rulings.{element}#4
[DEBUG] 2026-10-10 17:59:43.163 [main] collection - (BagInitializer) Reading element from row for collection [com.magMan.entity.Card.rulings#7] -> org.hibernate.collection.spi.PersistentBag@1328537405
[DEBUG] 2026-10-10 17:59:43.163 [main] loading - Calling top-level assembler (0 / 1) : org.hibernate.sql.results.graph.collection.internal.EagerCollectionAssembler@252d8df6
[DEBUG] 2026-10-10 17:59:43.163 [main] ResultsHelper - Collection fully initialized: [com.magMan.entity.Card.rulings#7]
[DEBUG] 2026-10-10 17:59:43.163 [main] LogicalConnectionManagedImpl - Initiating JDBC connection release from afterTransaction
[DEBUG] 2026-10-10 17:59:43.164 [main] LogicalConnectionManagedImpl - Initiating JDBC connection release from afterTransaction
[DEBUG] 2026-10-10 17:59:43.164 [main] LogicalConnectionManagedImpl - Initiating JDBC connection release from afterTransaction
[DEBUG] 2026-10-10 17:59:43.290 [main] exec - Skipping reading Query result cache data: cache-enabled = false, cache-mode = IGNORE
[DEBUG] 2026-10-10 17:59:43.290 [main] results - Initializer list:
	  com.magMan.entity.Card -> EntityResultInitializer(com.magMan.entity.Card)@1195776473 (SingleTableEntityPersister(com.magMan.entity.Card))
	  com.magMan.entity.Card.rulings -> BagInitializer(com.magMan.entity.Card.rulings)@12279709 (PluralAttribute(com.magMan.entity.Card.rulings))
	  com.magMan.entity.Card.rulings.{element} -> EntityJoinedFetchInitializer(com.magMan.entity.Card.rulings.{element})@958267004 (EntityCollectionPart(com.magMan.entity.Card.rulings#{element})@892626202)

[DEBUG] 2026-10-10 17:59:43.290 [main] SQL - select c1_0.id,c1_0.cardCmc,c1_0.cardName,c1_0.cardQuantity,c1_0.cardType,r1_0.card_id,r1_0.id,r1_0.ruling_date,r1_0.ruling_text from cards c1_0 left join rulings r1_0 on c1_0.id=r1_0.card_id where c1_0.id=?
[DEBUG] 2026-10-10 17:59:43.293 [main] results - Extracted JDBC value [6] - [null]
[DEBUG] 2026-10-10 17:59:43.293 [main] entity - (EntityJoinedFetchInitializer) EntityKey (com.magMan.entity.Card.rulings.{element}) is null
[DEBUG] 2026-10-10 17:59:43.293 [main] entity - (EntityResultInitializer) Hydrated EntityKey (com.magMan.entity.Card): 2
[DEBUG] 2026-10-10 17:59:43.293 [main] results - Extracted JDBC value [0] - [2]
[DEBUG] 2026-10-10 17:59:43.293 [main] collection - (BagInitializer) Current row collection key : com.magMan.entity.Card.rulings#2
[DEBUG] 2026-10-10 17:59:43.293 [main] results - Extracted JDBC value [5] - [null]
[DEBUG] 2026-10-10 17:59:43.293 [main] entity - (EntityResultInitializer) Created new entity instance [com.magMan.entity.Card#2] : 700262294
[DEBUG] 2026-10-10 17:59:43.293 [main] collection - (BagInitializer) Created new collection wrapper [com.magMan.entity.Card.rulings#2] : org.hibernate.collection.spi.PersistentBag@390827278
[DEBUG] 2026-10-10 17:59:43.293 [main] collection - (BagInitializer) Responsible for loading collection [com.magMan.entity.Card.rulings#2] : org.hibernate.collection.spi.PersistentBag@390827278
[DEBUG] 2026-10-10 17:59:43.293 [main] results - Extracted JDBC value [1] - [1]
[DEBUG] 2026-10-10 17:59:43.294 [main] results - Extracted JDBC value [2] - [Sol Ring]
[DEBUG] 2026-10-10 17:59:43.294 [main] results - Extracted JDBC value [3] - [20]
[DEBUG] 2026-10-10 17:59:43.294 [main] results - Extracted JDBC value [4] - [Artifact]
[DEBUG] 2026-10-10 17:59:43.294 [main] entity - (EntityResultInitializer) Done materializing entityInstance : com.magMan.entity.Card#2
[DEBUG] 2026-10-10 17:59:43.294 [main] loading - Calling top-level assembler (0 / 1) : org.hibernate.sql.results.graph.entity.internal.EntityAssembler@112530c3
[DEBUG] 2026-10-10 17:59:43.294 [main] ResultsHelper - Collection fully initialized: [com.magMan.entity.Card.rulings#2]
[DEBUG] 2026-10-10 17:59:43.295 [main] LogicalConnectionManagedImpl - Initiating JDBC connection release from afterTransaction
[DEBUG] 2026-10-10 17:59:43.296 [main] exec - Skipping reading Query result cache data: cache-enabled = false, cache-mode = IGNORE
[DEBUG] 2026-10-10 17:59:43.296 [main] results - Initializer list:
	  com.magMan.entity.Card -> EntityResultInitializer(com.magMan.entity.Card)@1972738828 (SingleTableEntityPersister(com.magMan.entity.Card))
	  com.magMan.entity.Card.rulings -> BagInitializer(com.magMan.entity.Card.rulings)@894735295 (PluralAttribute(com.magMan.entity.Card.rulings))
	  com.magMan.entity.Card.rulings.{element} -> EntityJoinedFetchInitializer(com.magMan.entity.Card.rulings.{element})@2126273510 (EntityCollectionPart(com.magMan.entity.Card.rulings#{element})@892626202)

[DEBUG] 2026-10-10 17:59:43.296 [main] SQL - select c1_0.id,c1_0.cardCmc,c1_0.cardName,c1_0.cardQuantity,c1_0.cardType,r1_0.card_id,r1_0.id,r1_0.ruling_date,r1_0.ruling_text from cards c1_0 left join rulings r1_0 on c1_0.id=r1_0.card_id where c1_0.id=?
[DEBUG] 2026-10-10 17:59:43.299 [main] results - Extracted JDBC value [6] - [2]
[DEBUG] 2026-10-10 17:59:43.299 [main] entity - (EntityJoinedFetchInitializer) Hydrated EntityKey (com.magMan.entity.Card.rulings.{element}): 2
[DEBUG] 2026-10-10 17:59:43.299 [main] entity - (EntityResultInitializer) Hydrated EntityKey (com.magMan.entity.Card): 5
[DEBUG] 2026-10-10 17:59:43.299 [main] results - Extracted JDBC value [0] - [5]
[DEBUG] 2026-10-10 17:59:43.299 [main] collection - (BagInitializer) Current row collection key : com.magMan.entity.Card.rulings#5
[DEBUG] 2026-10-10 17:59:43.300 [main] results - Extracted JDBC value [5] - [5]
[DEBUG] 2026-10-10 17:59:43.300 [main] entity - (EntityJoinedFetchInitializer) Created new entity instance [com.magMan.entity.Card.rulings.{element}#2] : 1212351214
[DEBUG] 2026-10-10 17:59:43.301 [main] entity - (EntityResultInitializer) Created new entity instance [com.magMan.entity.Card#5] : 1315209017
[DEBUG] 2026-10-10 17:59:43.301 [main] collection - (BagInitializer) Created new collection wrapper [com.magMan.entity.Card.rulings#5] : org.hibernate.collection.spi.PersistentBag@2004981696
[DEBUG] 2026-10-10 17:59:43.301 [main] collection - (BagInitializer) Responsible for loading collection [com.magMan.entity.Card.rulings#5] : org.hibernate.collection.spi.PersistentBag@2004981696
[DEBUG] 2026-10-10 17:59:43.301 [main] results - Extracted JDBC value [7] - [2004-10-04]
[DEBUG] 2026-10-10 17:59:43.301 [main] results - Extracted JDBC value [8] - [Because the "search" requires you to find a card with certain characteristics, you don't have to find the card if you don't want to.]
[DEBUG] 2026-10-10 17:59:43.302 [main] entity - (EntityJoinedFetchInitializer) Done materializing entityInstance : com.magMan.entity.Card.rulings.{element}#2
[DEBUG] 2026-10-10 17:59:43.302 [main] collection - (BagInitializer) Reading element from row for collection [com.magMan.entity.Card.rulings#5] -> org.hibernate.collection.spi.PersistentBag@2004981696
[DEBUG] 2026-10-10 17:59:43.302 [main] results - Extracted JDBC value [1] - [3]
[DEBUG] 2026-10-10 17:59:43.302 [main] results - Extracted JDBC value [2] - [Tinker]
[DEBUG] 2026-10-10 17:59:43.302 [main] results - Extracted JDBC value [3] - [10]
[DEBUG] 2026-10-10 17:59:43.302 [main] results - Extracted JDBC value [4] - [Sorcery]
[DEBUG] 2026-10-10 17:59:43.302 [main] entity - (EntityResultInitializer) Done materializing entityInstance : com.magMan.entity.Card#5
[DEBUG] 2026-10-10 17:59:43.302 [main] loading - Calling top-level assembler (0 / 1) : org.hibernate.sql.results.graph.entity.internal.EntityAssembler@1c2cdc67
[DEBUG] 2026-10-10 17:59:43.302 [main] ResultsHelper - Collection fully initialized: [com.magMan.entity.Card.rulings#5]
[DEBUG] 2026-10-10 17:59:43.302 [main] LogicalConnectionManagedImpl - Initiating JDBC connection release from afterTransaction
[DEBUG] 2026-10-10 17:59:43.305 [main] exec - Skipping reading Query result cache data: cache-enabled = false, cache-mode = IGNORE
[DEBUG] 2026-10-10 17:59:43.305 [main] results - Initializer list:
	  com.magMan.entity.Card -> EntityResultInitializer(com.magMan.entity.Card)@1277753726 (SingleTableEntityPersister(com.magMan.entity.Card))
	  com.magMan.entity.Card.rulings -> BagInitializer(com.magMan.entity.Card.rulings)@567859829 (PluralAttribute(com.magMan.entity.Card.rulings))
	  com.magMan.entity.Card.rulings.{element} -> EntityJoinedFetchInitializer(com.magMan.entity.Card.rulings.{element})@1511814681 (EntityCollectionPart(com.magMan.entity.Card.rulings#{element})@892626202)

[DEBUG] 2026-10-10 17:59:43.305 [main] SQL - select c1_0.id,c1_0.cardCmc,c1_0.cardName,c1_0.cardQuantity,c1_0.cardType,r1_0.card_id,r1_0.id,r1_0.ruling_date,r1_0.ruling_text from cards c1_0 left join rulings r1_0 on c1_0.id=r1_0.card_id where c1_0.id=?
[DEBUG] 2026-10-10 17:59:43.309 [main] results - Extracted JDBC value [6] - [null]
[DEBUG] 2026-10-10 17:59:43.309 [main] entity - (EntityJoinedFetchInitializer) EntityKey (com.magMan.entity.Card.rulings.{element}) is null
[DEBUG] 2026-10-10 17:59:43.309 [main] entity - (EntityResultInitializer) Hydrated EntityKey (com.magMan.entity.Card): 8
[DEBUG] 2026-10-10 17:59:43.309 [main] results - Extracted JDBC value [0] - [8]
[DEBUG] 2026-10-10 17:59:43.309 [main] collection - (BagInitializer) Current row collection key : com.magMan.entity.Card.rulings#8
[DEBUG] 2026-10-10 17:59:43.309 [main] results - Extracted JDBC value [5] - [null]
[DEBUG] 2026-10-10 17:59:43.309 [main] entity - (EntityResultInitializer) Created new entity instance [com.magMan.entity.Card#8] : 457596841
[DEBUG] 2026-10-10 17:59:43.309 [main] collection - (BagInitializer) Created new collection wrapper [com.magMan.entity.Card.rulings#8] : org.hibernate.collection.spi.PersistentBag@682812632
[DEBUG] 2026-10-10 17:59:43.309 [main] collection - (BagInitializer) Responsible for loading collection [com.magMan.entity.Card.rulings#8] : org.hibernate.collection.spi.PersistentBag@682812632
[DEBUG] 2026-10-10 17:59:43.309 [main] results - Extracted JDBC value [1] - [0]
[DEBUG] 2026-10-10 17:59:43.309 [main] results - Extracted JDBC value [2] - [Welding Jar]
[DEBUG] 2026-10-10 17:59:43.309 [main] results - Extracted JDBC value [3] - [8]
[DEBUG] 2026-10-10 17:59:43.309 [main] results - Extracted JDBC value [4] - [Artifact]
[DEBUG] 2026-10-10 17:59:43.310 [main] entity - (EntityResultInitializer) Done materializing entityInstance : com.magMan.entity.Card#8
[DEBUG] 2026-10-10 17:59:43.310 [main] loading - Calling top-level assembler (0 / 1) : org.hibernate.sql.results.graph.entity.internal.EntityAssembler@598e5cb8
[DEBUG] 2026-10-10 17:59:43.310 [main] ResultsHelper - Collection fully initialized: [com.magMan.entity.Card.rulings#8]
[DEBUG] 2026-10-10 17:59:43.310 [main] LogicalConnectionManagedImpl - Initiating JDBC connection release from afterTransaction
[DEBUG] 2026-10-10 17:59:43.312 [main] create - Created new SQL alias : c1_0
[DEBUG] 2026-10-10 17:59:43.312 [main] create - Registration of TableGroup [StandardTableGroup(com.magMan.entity.Card(11903422497850))] with identifierForTableGroup [com.magMan.entity.Card] for NavigablePath [com.magMan.entity.Card] 
[DEBUG] 2026-10-10 17:59:43.314 [main] BaseSqmToSqlAstConverter - Determining mapping-model type for SqmParameter : org.hibernate.query.sqm.tree.expression.SqmJpaCriteriaParameterWrapper@7d95166a
[DEBUG] 2026-10-10 17:59:43.314 [main] BaseSqmToSqlAstConverter - Determining mapping-model type for SqmPath : SqmBasicValuedSimplePath(com.magMan.entity.Card(11903422497850).cardName) 
[DEBUG] 2026-10-10 17:59:43.314 [main] AST - DomainResult Graph:
 \-EntityResultImpl [com.magMan.entity.Card(11903422497850)]
 |  +-BasicFetch [com.magMan.entity.Card(11903422497850).cardCmc]
 |  +-BasicFetch [com.magMan.entity.Card(11903422497850).cardName]
 |  +-BasicFetch [com.magMan.entity.Card(11903422497850).cardQuantity]
 |  +-BasicFetch [com.magMan.entity.Card(11903422497850).cardType]
 |  \-SelectEagerCollectionFetch [com.magMan.entity.Card(11903422497850).rulings]

[DEBUG] 2026-10-10 17:59:43.315 [main] tree - SQL AST Tree:
    SelectStatement {
      FromClause {
        StandardTableGroup (c1 : com.magMan.entity.Card(11903422497850)) {
          primaryTableReference : cards as c1_0
        }
      }
    }

[DEBUG] 2026-10-10 17:59:43.315 [main] exec - Skipping reading Query result cache data: cache-enabled = false, cache-mode = NORMAL
[DEBUG] 2026-10-10 17:59:43.315 [main] results - Initializer list:
	  com.magMan.entity.Card(11903422497850).rulings -> SelectEagerCollectionInitializer(com.magMan.entity.Card(11903422497850).rulings)@625540097 (PluralAttribute(com.magMan.entity.Card.rulings))
	  com.magMan.entity.Card(11903422497850) -> EntityResultInitializer(com.magMan.entity.Card(11903422497850))@1127333424 (SingleTableEntityPersister(com.magMan.entity.Card))

[DEBUG] 2026-10-10 17:59:43.315 [main] SQL - select c1_0.id,c1_0.cardCmc,c1_0.cardName,c1_0.cardQuantity,c1_0.cardType from cards c1_0 where c1_0.cardName like replace(?,'\\','\\\\')
[DEBUG] 2026-10-10 17:59:43.317 [main] results - Extracted JDBC value [0] - [2]
[DEBUG] 2026-10-10 17:59:43.317 [main] entity - (EntityResultInitializer) Hydrated EntityKey (com.magMan.entity.Card(11903422497850)): 2
[DEBUG] 2026-10-10 17:59:43.317 [main] collection - (SelectEagerCollectionInitializer) Current row collection key : com.magMan.entity.Card(11903422497850).rulings#2
[DEBUG] 2026-10-10 17:59:43.317 [main] entity - (EntityResultInitializer) Created new entity instance [com.magMan.entity.Card(11903422497850)#2] : 6987253
[DEBUG] 2026-10-10 17:59:43.317 [main] results - Extracted JDBC value [1] - [1]
[DEBUG] 2026-10-10 17:59:43.317 [main] results - Extracted JDBC value [2] - [Sol Ring]
[DEBUG] 2026-10-10 17:59:43.317 [main] results - Extracted JDBC value [3] - [20]
[DEBUG] 2026-10-10 17:59:43.317 [main] results - Extracted JDBC value [4] - [Artifact]
[DEBUG] 2026-10-10 17:59:43.318 [main] entity - (EntityResultInitializer) Done materializing entityInstance : com.magMan.entity.Card(11903422497850)#2
[DEBUG] 2026-10-10 17:59:43.318 [main] loading - Calling top-level assembler (0 / 1) : org.hibernate.sql.results.graph.entity.internal.EntityAssembler@65d23aa3
[DEBUG] 2026-10-10 17:59:43.318 [main] results - Extracted JDBC value [0] - [5]
[DEBUG] 2026-10-10 17:59:43.318 [main] entity - (EntityResultInitializer) Hydrated EntityKey (com.magMan.entity.Card(11903422497850)): 5
[DEBUG] 2026-10-10 17:59:43.318 [main] collection - (SelectEagerCollectionInitializer) Current row collection key : com.magMan.entity.Card(11903422497850).rulings#5
[DEBUG] 2026-10-10 17:59:43.318 [main] entity - (EntityResultInitializer) Created new entity instance [com.magMan.entity.Card(11903422497850)#5] : 1391240208
[DEBUG] 2026-10-10 17:59:43.318 [main] results - Extracted JDBC value [1] - [3]
[DEBUG] 2026-10-10 17:59:43.318 [main] results - Extracted JDBC value [2] - [Tinker]
[DEBUG] 2026-10-10 17:59:43.318 [main] results - Extracted JDBC value [3] - [10]
[DEBUG] 2026-10-10 17:59:43.318 [main] results - Extracted JDBC value [4] - [Sorcery]
[DEBUG] 2026-10-10 17:59:43.318 [main] entity - (EntityResultInitializer) Done materializing entityInstance : com.magMan.entity.Card(11903422497850)#5
[DEBUG] 2026-10-10 17:59:43.318 [main] loading - Calling top-level assembler (0 / 1) : org.hibernate.sql.results.graph.entity.internal.EntityAssembler@65d23aa3
[DEBUG] 2026-10-10 17:59:43.319 [main] results - Extracted JDBC value [0] - [8]
[DEBUG] 2026-10-10 17:59:43.319 [main] entity - (EntityResultInitializer) Hydrated EntityKey (com.magMan.entity.Card(11903422497850)): 8
[DEBUG] 2026-10-10 17:59:43.319 [main] collection - (SelectEagerCollectionInitializer) Current row collection key : com.magMan.entity.Card(11903422497850).rulings#8
[DEBUG] 2026-10-10 17:59:43.319 [main] entity - (EntityResultInitializer) Created new entity instance [com.magMan.entity.Card(11903422497850)#8] : 1772579700
[DEBUG] 2026-10-10 17:59:43.319 [main] results - Extracted JDBC value [1] - [0]
[DEBUG] 2026-10-10 17:59:43.319 [main] results - Extracted JDBC value [2] - [Welding Jar]
[DEBUG] 2026-10-10 17:59:43.319 [main] results - Extracted JDBC value [3] - [8]
[DEBUG] 2026-10-10 17:59:43.319 [main] results - Extracted JDBC value [4] - [Artifact]
[DEBUG] 2026-10-10 17:59:43.319 [main] entity - (EntityResultInitializer) Done materializing entityInstance : com.magMan.entity.Card(11903422497850)#8
[DEBUG] 2026-10-10 17:59:43.319 [main] loading - Calling top-level assembler (0 / 1) : org.hibernate.sql.results.graph.entity.internal.EntityAssembler@65d23aa3
[DEBUG] 2026-10-10 17:59:43.320 [main] exec - Skipping reading Query result cache data: cache-enabled = false, cache-mode = IGNORE
[DEBUG] 2026-10-10 17:59:43.320 [main] results - Initializer list:
	  com.magMan.entity.Card.rulings.{element}.card -> EntitySelectFetchInitializer(com.magMan.entity.Card.rulings.{element}.card)@716154959 (ToOneAttributeMapping(NavigableRole[com.magMan.entity.Ruling.card])@155833159)
	  com.magMan.entity.Card.rulings.{element} -> EntityJoinedFetchInitializer(com.magMan.entity.Card.rulings.{element})@1149801201 (EntityCollectionPart(com.magMan.entity.Card.rulings#{element})@892626202)
	  com.magMan.entity.Card.rulings -> BagInitializer(com.magMan.entity.Card.rulings)@371637727 (PluralAttribute(com.magMan.entity.Card.rulings))

[DEBUG] 2026-10-10 17:59:43.320 [main] SQL - select r1_0.card_id,r1_0.id,r1_0.ruling_date,r1_0.ruling_text from rulings r1_0 where r1_0.card_id=?
[DEBUG] 2026-10-10 17:59:43.322 [main] ResultsHelper - Collection fully initialized: [com.magMan.entity.Card.rulings#8]
[DEBUG] 2026-10-10 17:59:43.322 [main] LogicalConnectionManagedImpl - Initiating JDBC connection release from afterTransaction
[DEBUG] 2026-10-10 17:59:43.323 [main] exec - Skipping reading Query result cache data: cache-enabled = false, cache-mode = IGNORE
[DEBUG] 2026-10-10 17:59:43.323 [main] results - Initializer list:
	  com.magMan.entity.Card.rulings.{element}.card -> EntitySelectFetchInitializer(com.magMan.entity.Card.rulings.{element}.card)@1533343601 (ToOneAttributeMapping(NavigableRole[com.magMan.entity.Ruling.card])@155833159)
	  com.magMan.entity.Card.rulings.{element} -> EntityJoinedFetchInitializer(com.magMan.entity.Card.rulings.{element})@356279811 (EntityCollectionPart(com.magMan.entity.Card.rulings#{element})@892626202)
	  com.magMan.entity.Card.rulings -> BagInitializer(com.magMan.entity.Card.rulings)@618804572 (PluralAttribute(com.magMan.entity.Card.rulings))

[DEBUG] 2026-10-10 17:59:43.323 [main] SQL - select r1_0.card_id,r1_0.id,r1_0.ruling_date,r1_0.ruling_text from rulings r1_0 where r1_0.card_id=?
[DEBUG] 2026-10-10 17:59:43.327 [main] results - Extracted JDBC value [1] - [2]
[DEBUG] 2026-10-10 17:59:43.328 [main] entity - (EntityJoinedFetchInitializer) Hydrated EntityKey (com.magMan.entity.Card.rulings.{element}): 2
[DEBUG] 2026-10-10 17:59:43.328 [main] results - Extracted JDBC value [0] - [5]
[DEBUG] 2026-10-10 17:59:43.328 [main] collection - (BagInitializer) Current row collection key : com.magMan.entity.Card.rulings#5
[DEBUG] 2026-10-10 17:59:43.328 [main] results - Extracted JDBC value [0] - [5]
[DEBUG] 2026-10-10 17:59:43.328 [main] entity - (EntityJoinedFetchInitializer) Created new entity instance [com.magMan.entity.Card.rulings.{element}#2] : 104893413
[DEBUG] 2026-10-10 17:59:43.328 [main] results - Extracted JDBC value [0] - [5]
[DEBUG] 2026-10-10 17:59:43.328 [main] entity - (EntitySelectFetchInitializer) Found existing loading entry [com.magMan.entity.Card.rulings.{element}.card#5] - using loading instance
[DEBUG] 2026-10-10 17:59:43.328 [main] collection - (BagInitializer) Responsible for loading collection [com.magMan.entity.Card.rulings#5] : org.hibernate.collection.spi.PersistentBag@104664717
[DEBUG] 2026-10-10 17:59:43.329 [main] results - Extracted JDBC value [2] - [2004-10-04]
[DEBUG] 2026-10-10 17:59:43.329 [main] results - Extracted JDBC value [3] - [Because the "search" requires you to find a card with certain characteristics, you don't have to find the card if you don't want to.]
[DEBUG] 2026-10-10 17:59:43.329 [main] entity - (EntityJoinedFetchInitializer) Done materializing entityInstance : com.magMan.entity.Card.rulings.{element}#2
[DEBUG] 2026-10-10 17:59:43.329 [main] collection - (BagInitializer) Reading element from row for collection [com.magMan.entity.Card.rulings#5] -> org.hibernate.collection.spi.PersistentBag@104664717
[DEBUG] 2026-10-10 17:59:43.329 [main] loading - Calling top-level assembler (0 / 1) : org.hibernate.sql.results.graph.collection.internal.EagerCollectionAssembler@1e57b783
[DEBUG] 2026-10-10 17:59:43.329 [main] ResultsHelper - Collection fully initialized: [com.magMan.entity.Card.rulings#5]
[DEBUG] 2026-10-10 17:59:43.330 [main] LogicalConnectionManagedImpl - Initiating JDBC connection release from afterTransaction
[DEBUG] 2026-10-10 17:59:43.331 [main] exec - Skipping reading Query result cache data: cache-enabled = false, cache-mode = IGNORE
[DEBUG] 2026-10-10 17:59:43.331 [main] results - Initializer list:
	  com.magMan.entity.Card.rulings.{element}.card -> EntitySelectFetchInitializer(com.magMan.entity.Card.rulings.{element}.card)@1941482284 (ToOneAttributeMapping(NavigableRole[com.magMan.entity.Ruling.card])@155833159)
	  com.magMan.entity.Card.rulings.{element} -> EntityJoinedFetchInitializer(com.magMan.entity.Card.rulings.{element})@1442882168 (EntityCollectionPart(com.magMan.entity.Card.rulings#{element})@892626202)
	  com.magMan.entity.Card.rulings -> BagInitializer(com.magMan.entity.Card.rulings)@1419580670 (PluralAttribute(com.magMan.entity.Card.rulings))

[DEBUG] 2026-10-10 17:59:43.331 [main] SQL - select r1_0.card_id,r1_0.id,r1_0.ruling_date,r1_0.ruling_text from rulings r1_0 where r1_0.card_id=?
[DEBUG] 2026-10-10 17:59:43.332 [main] ResultsHelper - Collection fully initialized: [com.magMan.entity.Card.rulings#2]
[DEBUG] 2026-10-10 17:59:43.332 [main] LogicalConnectionManagedImpl - Initiating JDBC connection release from afterTransaction
[DEBUG] 2026-10-10 17:59:43.333 [main] LogicalConnectionManagedImpl - Initiating JDBC connection release from afterTransaction
[DEBUG] 2026-10-10 17:59:43.333 [main] LogicalConnectionManagedImpl - Initiating JDBC connection release from afterTransaction
[DEBUG] 2026-10-10 17:59:43.462 [main] exec - Skipping reading Query result cache data: cache-enabled = false, cache-mode = IGNORE
[DEBUG] 2026-10-10 17:59:43.464 [main] results - Initializer list:
	  com.magMan.entity.Card -> EntityResultInitializer(com.magMan.entity.Card)@680584313 (SingleTableEntityPersister(com.magMan.entity.Card))
	  com.magMan.entity.Card.rulings -> BagInitializer(com.magMan.entity.Card.rulings)@1857031358 (PluralAttribute(com.magMan.entity.Card.rulings))
	  com.magMan.entity.Card.rulings.{element} -> EntityJoinedFetchInitializer(com.magMan.entity.Card.rulings.{element})@1961147937 (EntityCollectionPart(com.magMan.entity.Card.rulings#{element})@892626202)

[DEBUG] 2026-10-10 17:59:43.464 [main] SQL - select c1_0.id,c1_0.cardCmc,c1_0.cardName,c1_0.cardQuantity,c1_0.cardType,r1_0.card_id,r1_0.id,r1_0.ruling_date,r1_0.ruling_text from cards c1_0 left join rulings r1_0 on c1_0.id=r1_0.card_id where c1_0.id=?
[DEBUG] 2026-10-10 17:59:43.468 [main] results - Extracted JDBC value [6] - [1]
[DEBUG] 2026-10-10 17:59:43.468 [main] entity - (EntityJoinedFetchInitializer) Hydrated EntityKey (com.magMan.entity.Card.rulings.{element}): 1
[DEBUG] 2026-10-10 17:59:43.468 [main] entity - (EntityResultInitializer) Hydrated EntityKey (com.magMan.entity.Card): 3
[DEBUG] 2026-10-10 17:59:43.468 [main] results - Extracted JDBC value [0] - [3]
[DEBUG] 2026-10-10 17:59:43.468 [main] collection - (BagInitializer) Current row collection key : com.magMan.entity.Card.rulings#3
[DEBUG] 2026-10-10 17:59:43.468 [main] results - Extracted JDBC value [5] - [3]
[DEBUG] 2026-10-10 17:59:43.468 [main] entity - (EntityJoinedFetchInitializer) Created new entity instance [com.magMan.entity.Card.rulings.{element}#1] : 498884733
[DEBUG] 2026-10-10 17:59:43.468 [main] entity - (EntityResultInitializer) Created new entity instance [com.magMan.entity.Card#3] : 1655972870
[DEBUG] 2026-10-10 17:59:43.468 [main] collection - (BagInitializer) Created new collection wrapper [com.magMan.entity.Card.rulings#3] : org.hibernate.collection.spi.PersistentBag@168702939
[DEBUG] 2026-10-10 17:59:43.468 [main] collection - (BagInitializer) Responsible for loading collection [com.magMan.entity.Card.rulings#3] : org.hibernate.collection.spi.PersistentBag@168702939
[DEBUG] 2026-10-10 17:59:43.469 [main] results - Extracted JDBC value [7] - [2022-12-08]
[DEBUG] 2026-10-10 17:59:43.469 [main] results - Extracted JDBC value [8] - [If a spell has X in its mana cost, you must choose 0 as the value of X when casting it without paying its mana cost.]
[DEBUG] 2026-10-10 17:59:43.469 [main] entity - (EntityJoinedFetchInitializer) Done materializing entityInstance : com.magMan.entity.Card.rulings.{element}#1
[DEBUG] 2026-10-10 17:59:43.469 [main] collection - (BagInitializer) Reading element from row for collection [com.magMan.entity.Card.rulings#3] -> org.hibernate.collection.spi.PersistentBag@168702939
[DEBUG] 2026-10-10 17:59:43.469 [main] results - Extracted JDBC value [1] - [4]
[DEBUG] 2026-10-10 17:59:43.469 [main] results - Extracted JDBC value [2] - [Urza, Lord High Artificer]
[DEBUG] 2026-10-10 17:59:43.469 [main] results - Extracted JDBC value [3] - [1]
[DEBUG] 2026-10-10 17:59:43.469 [main] results - Extracted JDBC value [4] - [Creature]
[DEBUG] 2026-10-10 17:59:43.470 [main] entity - (EntityResultInitializer) Done materializing entityInstance : com.magMan.entity.Card#3
[DEBUG] 2026-10-10 17:59:43.470 [main] loading - Calling top-level assembler (0 / 1) : org.hibernate.sql.results.graph.entity.internal.EntityAssembler@3ef46749
[DEBUG] 2026-10-10 17:59:43.470 [main] results - Extracted JDBC value [6] - [5]
[DEBUG] 2026-10-10 17:59:43.470 [main] entity - (EntityJoinedFetchInitializer) Hydrated EntityKey (com.magMan.entity.Card.rulings.{element}): 5
[DEBUG] 2026-10-10 17:59:43.470 [main] entity - (EntityResultInitializer) Hydrated EntityKey (com.magMan.entity.Card): 3
[DEBUG] 2026-10-10 17:59:43.470 [main] results - Extracted JDBC value [0] - [3]
[DEBUG] 2026-10-10 17:59:43.470 [main] collection - (BagInitializer) Current row collection key : com.magMan.entity.Card.rulings#3
[DEBUG] 2026-10-10 17:59:43.470 [main] results - Extracted JDBC value [5] - [3]
[DEBUG] 2026-10-10 17:59:43.470 [main] entity - (EntityJoinedFetchInitializer) Created new entity instance [com.magMan.entity.Card.rulings.{element}#5] : 1085622114
[DEBUG] 2026-10-10 17:59:43.470 [main] collection - (BagInitializer) Found existing loading collection entry [com.magMan.entity.Card.rulings#3]; using loading collection instance - org.hibernate.collection.spi.PersistentBag@168702939
[DEBUG] 2026-10-10 17:59:43.470 [main] collection - (BagInitializer) Responsible for loading collection [com.magMan.entity.Card.rulings#3] : org.hibernate.collection.spi.PersistentBag@168702939
[DEBUG] 2026-10-10 17:59:43.470 [main] results - Extracted JDBC value [7] - [2022-12-08]
[DEBUG] 2026-10-10 17:59:43.470 [main] results - Extracted JDBC value [8] - [You can tap any untapped artifact you control to pay the cost of the mana ability, including an artifact creature you haven't controlled continuously since the beginning of your most recent turn.  Tapping an Equipment this way won't affect its abilities or the equipped creature.]
[DEBUG] 2026-10-10 17:59:43.470 [main] entity - (EntityJoinedFetchInitializer) Done materializing entityInstance : com.magMan.entity.Card.rulings.{element}#5
[DEBUG] 2026-10-10 17:59:43.470 [main] collection - (BagInitializer) Reading element from row for collection [com.magMan.entity.Card.rulings#3] -> org.hibernate.collection.spi.PersistentBag@168702939
[DEBUG] 2026-10-10 17:59:43.470 [main] loading - Calling top-level assembler (0 / 1) : org.hibernate.sql.results.graph.entity.internal.EntityAssembler@3ef46749
[DEBUG] 2026-10-10 17:59:43.471 [main] ResultsHelper - Collection fully initialized: [com.magMan.entity.Card.rulings#3]
[DEBUG] 2026-10-10 17:59:43.471 [main] LogicalConnectionManagedImpl - Initiating JDBC connection release from afterTransaction
[DEBUG] 2026-10-10 17:59:43.474 [main] TransactionImpl - On TransactionImpl creation, JpaCompliance#isJpaTransactionComplianceEnabled == false
[DEBUG] 2026-10-10 17:59:43.474 [main] TransactionImpl - begin
[DEBUG] 2026-10-10 17:59:43.484 [main] TransactionImpl - committing
[DEBUG] 2026-10-10 17:59:43.485 [main] AbstractFlushingEventListener - Processing flush-time cascades
[DEBUG] 2026-10-10 17:59:43.486 [main] AbstractFlushingEventListener - Dirty checking collections
[DEBUG] 2026-10-10 17:59:43.490 [main] Collections - Collection dereferenced: [com.magMan.entity.Card.rulings#3]
[DEBUG] 2026-10-10 17:59:43.494 [main] AbstractFlushingEventListener - Flushed: 0 insertions, 0 updates, 3 deletions to 3 objects
[DEBUG] 2026-10-10 17:59:43.494 [main] AbstractFlushingEventListener - Flushed: 0 (re)creations, 0 updates, 1 removals to 1 collections
[DEBUG] 2026-10-10 17:59:43.495 [main] EntityPrinter - Listing entities:
[DEBUG] 2026-10-10 17:59:43.496 [main] EntityPrinter - com.magMan.entity.Ruling{rulingText=If a spell has X in its mana cost, you must choose 0 as the value of X when casting it without paying its mana cost., id=1, card=com.magMan.entity.Card#3, rulingDate=2022-12-08}
[DEBUG] 2026-10-10 17:59:43.496 [main] EntityPrinter - com.magMan.entity.Card{cardName=Urza, Lord High Artificer, cardQuantity=1, cardType=Creature, cardCmc=4, rulings=[com.magMan.entity.Ruling#1, com.magMan.entity.Ruling#5], id=3}
[DEBUG] 2026-10-10 17:59:43.497 [main] EntityPrinter - com.magMan.entity.Ruling{rulingText=You can tap any untapped artifact you control to pay the cost of the mana ability, including an artifact creature you haven't controlled continuously since the beginning of your most recent turn.  Tapping an Equipment this way won't affect its abilities or the equipped creature., id=5, card=com.magMan.entity.Card#3, rulingDate=2022-12-08}
[DEBUG] 2026-10-10 17:59:43.534 [main] SQL - delete from rulings where id=?
[DEBUG] 2026-10-10 17:59:43.538 [main] SQL - delete from rulings where id=?
[DEBUG] 2026-10-10 17:59:43.542 [main] SQL - delete from cards where id=?
[DEBUG] 2026-10-10 17:59:43.549 [main] LogicalConnectionManagedImpl - Initiating JDBC connection release from afterTransaction
[DEBUG] 2026-10-10 17:59:43.552 [main] LogicalConnectionManagedImpl - Initiating JDBC connection release from afterTransaction
[DEBUG] 2026-10-10 17:59:43.553 [main] exec - Skipping reading Query result cache data: cache-enabled = false, cache-mode = IGNORE
[DEBUG] 2026-10-10 17:59:43.554 [main] results - Initializer list:
	  com.magMan.entity.Card -> EntityResultInitializer(com.magMan.entity.Card)@500656514 (SingleTableEntityPersister(com.magMan.entity.Card))
	  com.magMan.entity.Card.rulings -> BagInitializer(com.magMan.entity.Card.rulings)@2121705071 (PluralAttribute(com.magMan.entity.Card.rulings))
	  com.magMan.entity.Card.rulings.{element} -> EntityJoinedFetchInitializer(com.magMan.entity.Card.rulings.{element})@1914928104 (EntityCollectionPart(com.magMan.entity.Card.rulings#{element})@892626202)

[DEBUG] 2026-10-10 17:59:43.554 [main] SQL - select c1_0.id,c1_0.cardCmc,c1_0.cardName,c1_0.cardQuantity,c1_0.cardType,r1_0.card_id,r1_0.id,r1_0.ruling_date,r1_0.ruling_text from cards c1_0 left join rulings r1_0 on c1_0.id=r1_0.card_id where c1_0.id=?
[DEBUG] 2026-10-10 17:59:43.564 [main] LogicalConnectionManagedImpl - Initiating JDBC connection release from afterTransaction
[DEBUG] 2026-10-10 17:59:43.573 [main] exec - Skipping reading Query result cache data: cache-enabled = false, cache-mode = IGNORE
[DEBUG] 2026-10-10 17:59:43.573 [main] results - Initializer list:
	  com.magMan.entity.Ruling.card.rulings -> SelectEagerCollectionInitializer(com.magMan.entity.Ruling.card.rulings)@675463320 (PluralAttribute(com.magMan.entity.Card.rulings))
	  com.magMan.entity.Ruling -> EntityResultInitializer(com.magMan.entity.Ruling)@673231721 (SingleTableEntityPersister(com.magMan.entity.Ruling))
	  com.magMan.entity.Ruling.card -> EntityJoinedFetchInitializer(com.magMan.entity.Ruling.card)@1186076210 (ToOneAttributeMapping(NavigableRole[com.magMan.entity.Ruling.card])@155833159)

[DEBUG] 2026-10-10 17:59:43.574 [main] SQL - select r1_0.id,c1_0.id,c1_0.cardCmc,c1_0.cardName,c1_0.cardQuantity,c1_0.cardType,r1_0.ruling_date,r1_0.ruling_text from rulings r1_0 left join cards c1_0 on c1_0.id=r1_0.card_id where r1_0.id=?
[DEBUG] 2026-10-10 17:59:43.582 [main] LogicalConnectionManagedImpl - Initiating JDBC connection release from afterTransaction
[DEBUG] 2026-10-10 17:59:43.583 [main] exec - Skipping reading Query result cache data: cache-enabled = false, cache-mode = IGNORE
[DEBUG] 2026-10-10 17:59:43.584 [main] results - Initializer list:
	  com.magMan.entity.Ruling.card.rulings -> SelectEagerCollectionInitializer(com.magMan.entity.Ruling.card.rulings)@476238509 (PluralAttribute(com.magMan.entity.Card.rulings))
	  com.magMan.entity.Ruling -> EntityResultInitializer(com.magMan.entity.Ruling)@1696377390 (SingleTableEntityPersister(com.magMan.entity.Ruling))
	  com.magMan.entity.Ruling.card -> EntityJoinedFetchInitializer(com.magMan.entity.Ruling.card)@1127932080 (ToOneAttributeMapping(NavigableRole[com.magMan.entity.Ruling.card])@155833159)

[DEBUG] 2026-10-10 17:59:43.584 [main] SQL - select r1_0.id,c1_0.id,c1_0.cardCmc,c1_0.cardName,c1_0.cardQuantity,c1_0.cardType,r1_0.ruling_date,r1_0.ruling_text from rulings r1_0 left join cards c1_0 on c1_0.id=r1_0.card_id where r1_0.id=?
[DEBUG] 2026-10-10 17:59:43.585 [main] LogicalConnectionManagedImpl - Initiating JDBC connection release from afterTransaction
[DEBUG] 2026-10-10 17:59:43.742 [main] exec - Skipping reading Query result cache data: cache-enabled = false, cache-mode = IGNORE
[DEBUG] 2026-10-10 17:59:43.744 [main] results - Initializer list:
	  com.magMan.entity.Card -> EntityResultInitializer(com.magMan.entity.Card)@848419266 (SingleTableEntityPersister(com.magMan.entity.Card))
	  com.magMan.entity.Card.rulings -> BagInitializer(com.magMan.entity.Card.rulings)@1828522217 (PluralAttribute(com.magMan.entity.Card.rulings))
	  com.magMan.entity.Card.rulings.{element} -> EntityJoinedFetchInitializer(com.magMan.entity.Card.rulings.{element})@1422562336 (EntityCollectionPart(com.magMan.entity.Card.rulings#{element})@892626202)

[DEBUG] 2026-10-10 17:59:43.744 [main] SQL - select c1_0.id,c1_0.cardCmc,c1_0.cardName,c1_0.cardQuantity,c1_0.cardType,r1_0.card_id,r1_0.id,r1_0.ruling_date,r1_0.ruling_text from cards c1_0 left join rulings r1_0 on c1_0.id=r1_0.card_id where c1_0.id=?
[DEBUG] 2026-10-10 17:59:43.750 [main] results - Extracted JDBC value [6] - [null]
[DEBUG] 2026-10-10 17:59:43.750 [main] entity - (EntityJoinedFetchInitializer) EntityKey (com.magMan.entity.Card.rulings.{element}) is null
[DEBUG] 2026-10-10 17:59:43.750 [main] entity - (EntityResultInitializer) Hydrated EntityKey (com.magMan.entity.Card): 1
[DEBUG] 2026-10-10 17:59:43.751 [main] results - Extracted JDBC value [0] - [1]
[DEBUG] 2026-10-10 17:59:43.751 [main] collection - (BagInitializer) Current row collection key : com.magMan.entity.Card.rulings#1
[DEBUG] 2026-10-10 17:59:43.751 [main] results - Extracted JDBC value [5] - [null]
[DEBUG] 2026-10-10 17:59:43.752 [main] entity - (EntityResultInitializer) Created new entity instance [com.magMan.entity.Card#1] : 1869571492
[DEBUG] 2026-10-10 17:59:43.752 [main] collection - (BagInitializer) Created new collection wrapper [com.magMan.entity.Card.rulings#1] : org.hibernate.collection.spi.PersistentBag@160479339
[DEBUG] 2026-10-10 17:59:43.752 [main] collection - (BagInitializer) Responsible for loading collection [com.magMan.entity.Card.rulings#1] : org.hibernate.collection.spi.PersistentBag@160479339
[DEBUG] 2026-10-10 17:59:43.753 [main] results - Extracted JDBC value [1] - [2]
[DEBUG] 2026-10-10 17:59:43.753 [main] results - Extracted JDBC value [2] - [Counterspell]
[DEBUG] 2026-10-10 17:59:43.753 [main] results - Extracted JDBC value [3] - [20]
[DEBUG] 2026-10-10 17:59:43.753 [main] results - Extracted JDBC value [4] - [Instant]
[DEBUG] 2026-10-10 17:59:43.753 [main] entity - (EntityResultInitializer) Done materializing entityInstance : com.magMan.entity.Card#1
[DEBUG] 2026-10-10 17:59:43.753 [main] loading - Calling top-level assembler (0 / 1) : org.hibernate.sql.results.graph.entity.internal.EntityAssembler@3dea1ecc
[DEBUG] 2026-10-10 17:59:43.753 [main] ResultsHelper - Collection fully initialized: [com.magMan.entity.Card.rulings#1]
[DEBUG] 2026-10-10 17:59:43.754 [main] LogicalConnectionManagedImpl - Initiating JDBC connection release from afterTransaction
[DEBUG] 2026-10-10 17:59:43.885 [main] exec - Skipping reading Query result cache data: cache-enabled = false, cache-mode = IGNORE
[DEBUG] 2026-10-10 17:59:43.886 [main] results - Initializer list:
	  com.magMan.entity.Card -> EntityResultInitializer(com.magMan.entity.Card)@1733902203 (SingleTableEntityPersister(com.magMan.entity.Card))
	  com.magMan.entity.Card.rulings -> BagInitializer(com.magMan.entity.Card.rulings)@661868623 (PluralAttribute(com.magMan.entity.Card.rulings))
	  com.magMan.entity.Card.rulings.{element} -> EntityJoinedFetchInitializer(com.magMan.entity.Card.rulings.{element})@1232675280 (EntityCollectionPart(com.magMan.entity.Card.rulings#{element})@892626202)

[DEBUG] 2026-10-10 17:59:43.886 [main] SQL - select c1_0.id,c1_0.cardCmc,c1_0.cardName,c1_0.cardQuantity,c1_0.cardType,r1_0.card_id,r1_0.id,r1_0.ruling_date,r1_0.ruling_text from cards c1_0 left join rulings r1_0 on c1_0.id=r1_0.card_id where c1_0.id=?
[DEBUG] 2026-10-10 17:59:43.890 [main] results - Extracted JDBC value [6] - [null]
[DEBUG] 2026-10-10 17:59:43.891 [main] entity - (EntityJoinedFetchInitializer) EntityKey (com.magMan.entity.Card.rulings.{element}) is null
[DEBUG] 2026-10-10 17:59:43.891 [main] entity - (EntityResultInitializer) Hydrated EntityKey (com.magMan.entity.Card): 1
[DEBUG] 2026-10-10 17:59:43.891 [main] results - Extracted JDBC value [0] - [1]
[DEBUG] 2026-10-10 17:59:43.891 [main] collection - (BagInitializer) Current row collection key : com.magMan.entity.Card.rulings#1
[DEBUG] 2026-10-10 17:59:43.891 [main] results - Extracted JDBC value [5] - [null]
[DEBUG] 2026-10-10 17:59:43.891 [main] entity - (EntityResultInitializer) Created new entity instance [com.magMan.entity.Card#1] : 1088348283
[DEBUG] 2026-10-10 17:59:43.891 [main] collection - (BagInitializer) Created new collection wrapper [com.magMan.entity.Card.rulings#1] : org.hibernate.collection.spi.PersistentBag@568564610
[DEBUG] 2026-10-10 17:59:43.891 [main] collection - (BagInitializer) Responsible for loading collection [com.magMan.entity.Card.rulings#1] : org.hibernate.collection.spi.PersistentBag@568564610
[DEBUG] 2026-10-10 17:59:43.891 [main] results - Extracted JDBC value [1] - [2]
[DEBUG] 2026-10-10 17:59:43.891 [main] results - Extracted JDBC value [2] - [Counterspell]
[DEBUG] 2026-10-10 17:59:43.891 [main] results - Extracted JDBC value [3] - [20]
[DEBUG] 2026-10-10 17:59:43.891 [main] results - Extracted JDBC value [4] - [Instant]
[DEBUG] 2026-10-10 17:59:43.891 [main] entity - (EntityResultInitializer) Done materializing entityInstance : com.magMan.entity.Card#1
[DEBUG] 2026-10-10 17:59:43.891 [main] loading - Calling top-level assembler (0 / 1) : org.hibernate.sql.results.graph.entity.internal.EntityAssembler@5f9a8ddc
[DEBUG] 2026-10-10 17:59:43.892 [main] ResultsHelper - Collection fully initialized: [com.magMan.entity.Card.rulings#1]
[DEBUG] 2026-10-10 17:59:43.892 [main] LogicalConnectionManagedImpl - Initiating JDBC connection release from afterTransaction
[DEBUG] 2026-10-10 17:59:43.895 [main] TransactionImpl - On TransactionImpl creation, JpaCompliance#isJpaTransactionComplianceEnabled == false
[DEBUG] 2026-10-10 17:59:43.895 [main] TransactionImpl - begin
[DEBUG] 2026-10-10 17:59:43.900 [main] create - Created new SQL alias : c1_0
[DEBUG] 2026-10-10 17:59:43.900 [main] create - Registration of TableGroup [StandardTableGroup(com.magMan.entity.Card)] with identifierForTableGroup [com.magMan.entity.Card] for NavigablePath [com.magMan.entity.Card] 
[DEBUG] 2026-10-10 17:59:43.901 [main] create - Created new SQL alias : r1_0
[DEBUG] 2026-10-10 17:59:43.901 [main] create - Registration of TableGroup [org.hibernate.sql.ast.tree.from.OneToManyTableGroup@7981963f] with identifierForTableGroup [com.magMan.entity.Card.rulings] for NavigablePath [com.magMan.entity.Card.rulings] 
[DEBUG] 2026-10-10 17:59:43.901 [main] create - Registration of TableGroup [StandardTableGroup(com.magMan.entity.Card.rulings.{element})] with identifierForTableGroup [com.magMan.entity.Card.rulings.{element}] for NavigablePath [com.magMan.entity.Card.rulings.{element}] 
[DEBUG] 2026-10-10 17:59:43.901 [main] AST - DomainResult Graph:
 \-EntityResultImpl [com.magMan.entity.Card]
 |  +-BasicFetch [com.magMan.entity.Card.cardCmc]
 |  +-BasicFetch [com.magMan.entity.Card.cardName]
 |  +-BasicFetch [com.magMan.entity.Card.cardQuantity]
 |  +-BasicFetch [com.magMan.entity.Card.cardType]
 |  \-EagerCollectionFetch [com.magMan.entity.Card.rulings]
 |  |  \-EntityFetchJoinedImpl [com.magMan.entity.Card.rulings.{element}]

[DEBUG] 2026-10-10 17:59:43.904 [main] tree - SQL AST Tree:
    SelectStatement {
      FromClause {
        StandardTableGroup (c1 : com.magMan.entity.Card) {
          primaryTableReference : cards as c1_0
          TableGroupJoins {
            left  join OneToManyTableGroup (r1 : com.magMan.entity.Card.rulings) {
              primaryTableReference : rulings as r1_0
            }
          }
        }
      }
    }

[DEBUG] 2026-10-10 17:59:43.904 [main] exec - Skipping reading Query result cache data: cache-enabled = false, cache-mode = IGNORE
[DEBUG] 2026-10-10 17:59:43.905 [main] results - Initializer list:
	  com.magMan.entity.Card -> EntityResultInitializer(com.magMan.entity.Card)@189629356 (SingleTableEntityPersister(com.magMan.entity.Card))
	  com.magMan.entity.Card.rulings -> BagInitializer(com.magMan.entity.Card.rulings)@332464215 (PluralAttribute(com.magMan.entity.Card.rulings))
	  com.magMan.entity.Card.rulings.{element} -> EntityJoinedFetchInitializer(com.magMan.entity.Card.rulings.{element})@1720994940 (EntityCollectionPart(com.magMan.entity.Card.rulings#{element})@892626202)

[DEBUG] 2026-10-10 17:59:43.905 [main] SQL - select c1_0.id,c1_0.cardCmc,c1_0.cardName,c1_0.cardQuantity,c1_0.cardType,r1_0.card_id,r1_0.id,r1_0.ruling_date,r1_0.ruling_text from cards c1_0 left join rulings r1_0 on c1_0.id=r1_0.card_id where c1_0.id=?
[DEBUG] 2026-10-10 17:59:43.907 [main] results - Extracted JDBC value [6] - [null]
[DEBUG] 2026-10-10 17:59:43.907 [main] entity - (EntityJoinedFetchInitializer) EntityKey (com.magMan.entity.Card.rulings.{element}) is null
[DEBUG] 2026-10-10 17:59:43.907 [main] entity - (EntityResultInitializer) Hydrated EntityKey (com.magMan.entity.Card): 1
[DEBUG] 2026-10-10 17:59:43.907 [main] results - Extracted JDBC value [0] - [1]
[DEBUG] 2026-10-10 17:59:43.907 [main] collection - (BagInitializer) Current row collection key : com.magMan.entity.Card.rulings#1
[DEBUG] 2026-10-10 17:59:43.907 [main] results - Extracted JDBC value [5] - [null]
[DEBUG] 2026-10-10 17:59:43.907 [main] entity - (EntityResultInitializer) Created new entity instance [com.magMan.entity.Card#1] : 1991656106
[DEBUG] 2026-10-10 17:59:43.907 [main] collection - (BagInitializer) Created new collection wrapper [com.magMan.entity.Card.rulings#1] : org.hibernate.collection.spi.PersistentBag@699787227
[DEBUG] 2026-10-10 17:59:43.907 [main] collection - (BagInitializer) Responsible for loading collection [com.magMan.entity.Card.rulings#1] : org.hibernate.collection.spi.PersistentBag@699787227
[DEBUG] 2026-10-10 17:59:43.907 [main] results - Extracted JDBC value [1] - [2]
[DEBUG] 2026-10-10 17:59:43.907 [main] results - Extracted JDBC value [2] - [Counterspell]
[DEBUG] 2026-10-10 17:59:43.907 [main] results - Extracted JDBC value [3] - [20]
[DEBUG] 2026-10-10 17:59:43.907 [main] results - Extracted JDBC value [4] - [Instant]
[DEBUG] 2026-10-10 17:59:43.908 [main] entity - (EntityResultInitializer) Done materializing entityInstance : com.magMan.entity.Card#1
[DEBUG] 2026-10-10 17:59:43.908 [main] loading - Calling top-level assembler (0 / 1) : org.hibernate.sql.results.graph.entity.internal.EntityAssembler@286dfa20
[DEBUG] 2026-10-10 17:59:43.908 [main] ResultsHelper - Collection fully initialized: [com.magMan.entity.Card.rulings#1]
[DEBUG] 2026-10-10 17:59:43.908 [main] CollectionEntry - Reset storedSnapshot to [] for CollectionEntry[com.magMan.entity.Card.rulings#1]
[DEBUG] 2026-10-10 17:59:43.908 [main] TransactionImpl - committing
[DEBUG] 2026-10-10 17:59:43.909 [main] AbstractFlushingEventListener - Processing flush-time cascades
[DEBUG] 2026-10-10 17:59:43.909 [main] AbstractFlushingEventListener - Dirty checking collections
[DEBUG] 2026-10-10 17:59:43.910 [main] Collections - Collection found: [com.magMan.entity.Card.rulings#1], was: [com.magMan.entity.Card.rulings#1] (initialized)
[DEBUG] 2026-10-10 17:59:43.910 [main] AbstractFlushingEventListener - Flushed: 0 insertions, 1 updates, 0 deletions to 1 objects
[DEBUG] 2026-10-10 17:59:43.910 [main] AbstractFlushingEventListener - Flushed: 0 (re)creations, 0 updates, 0 removals to 1 collections
[DEBUG] 2026-10-10 17:59:43.910 [main] EntityPrinter - Listing entities:
[DEBUG] 2026-10-10 17:59:43.910 [main] EntityPrinter - com.magMan.entity.Card{cardName=FakeCardName, cardQuantity=20, cardType=Instant, cardCmc=2, rulings=[], id=1}
[DEBUG] 2026-10-10 17:59:43.914 [main] SQL - update cards set cardCmc=?,cardName=?,cardQuantity=?,cardType=? where id=?
[DEBUG] 2026-10-10 17:59:43.920 [main] LogicalConnectionManagedImpl - Initiating JDBC connection release from afterTransaction
[DEBUG] 2026-10-10 17:59:43.920 [main] LogicalConnectionManagedImpl - Initiating JDBC connection release from afterTransaction
[DEBUG] 2026-10-10 17:59:43.920 [main] exec - Skipping reading Query result cache data: cache-enabled = false, cache-mode = IGNORE
[DEBUG] 2026-10-10 17:59:43.921 [main] results - Initializer list:
	  com.magMan.entity.Card -> EntityResultInitializer(com.magMan.entity.Card)@384119884 (SingleTableEntityPersister(com.magMan.entity.Card))
	  com.magMan.entity.Card.rulings -> BagInitializer(com.magMan.entity.Card.rulings)@1000719581 (PluralAttribute(com.magMan.entity.Card.rulings))
	  com.magMan.entity.Card.rulings.{element} -> EntityJoinedFetchInitializer(com.magMan.entity.Card.rulings.{element})@1207739340 (EntityCollectionPart(com.magMan.entity.Card.rulings#{element})@892626202)

[DEBUG] 2026-10-10 17:59:43.921 [main] SQL - select c1_0.id,c1_0.cardCmc,c1_0.cardName,c1_0.cardQuantity,c1_0.cardType,r1_0.card_id,r1_0.id,r1_0.ruling_date,r1_0.ruling_text from cards c1_0 left join rulings r1_0 on c1_0.id=r1_0.card_id where c1_0.id=?
[DEBUG] 2026-10-10 17:59:43.922 [main] results - Extracted JDBC value [6] - [null]
[DEBUG] 2026-10-10 17:59:43.923 [main] entity - (EntityJoinedFetchInitializer) EntityKey (com.magMan.entity.Card.rulings.{element}) is null
[DEBUG] 2026-10-10 17:59:43.923 [main] entity - (EntityResultInitializer) Hydrated EntityKey (com.magMan.entity.Card): 1
[DEBUG] 2026-10-10 17:59:43.923 [main] results - Extracted JDBC value [0] - [1]
[DEBUG] 2026-10-10 17:59:43.923 [main] collection - (BagInitializer) Current row collection key : com.magMan.entity.Card.rulings#1
[DEBUG] 2026-10-10 17:59:43.923 [main] results - Extracted JDBC value [5] - [null]
[DEBUG] 2026-10-10 17:59:43.923 [main] entity - (EntityResultInitializer) Created new entity instance [com.magMan.entity.Card#1] : 199344266
[DEBUG] 2026-10-10 17:59:43.923 [main] collection - (BagInitializer) Created new collection wrapper [com.magMan.entity.Card.rulings#1] : org.hibernate.collection.spi.PersistentBag@17041642
[DEBUG] 2026-10-10 17:59:43.923 [main] collection - (BagInitializer) Responsible for loading collection [com.magMan.entity.Card.rulings#1] : org.hibernate.collection.spi.PersistentBag@17041642
[DEBUG] 2026-10-10 17:59:43.923 [main] results - Extracted JDBC value [1] - [2]
[DEBUG] 2026-10-10 17:59:43.923 [main] results - Extracted JDBC value [2] - [FakeCardName]
[DEBUG] 2026-10-10 17:59:43.923 [main] results - Extracted JDBC value [3] - [20]
[DEBUG] 2026-10-10 17:59:43.923 [main] results - Extracted JDBC value [4] - [Instant]
[DEBUG] 2026-10-10 17:59:43.925 [main] entity - (EntityResultInitializer) Done materializing entityInstance : com.magMan.entity.Card#1
[DEBUG] 2026-10-10 17:59:43.925 [main] loading - Calling top-level assembler (0 / 1) : org.hibernate.sql.results.graph.entity.internal.EntityAssembler@3d7b3b18
[DEBUG] 2026-10-10 17:59:43.925 [main] ResultsHelper - Collection fully initialized: [com.magMan.entity.Card.rulings#1]
[DEBUG] 2026-10-10 17:59:43.925 [main] LogicalConnectionManagedImpl - Initiating JDBC connection release from afterTransaction
[DEBUG] 2026-10-10 17:59:44.046 [main] TransactionImpl - On TransactionImpl creation, JpaCompliance#isJpaTransactionComplianceEnabled == false
[DEBUG] 2026-10-10 17:59:44.046 [main] TransactionImpl - begin
[DEBUG] 2026-10-10 17:59:44.050 [main] ActionQueue - Executing identity-insert immediately
[DEBUG] 2026-10-10 17:59:44.053 [main] SQL - insert into cards (cardCmc,cardName,cardQuantity,cardType) values (?,?,?,?)
[DEBUG] 2026-10-10 17:59:44.060 [main] IdentifierGeneratorHelper - Natively generated identity (com.magMan.entity.Card) : 9
[DEBUG] 2026-10-10 17:59:44.060 [main] ResourceRegistryStandardImpl - HHH000387: ResultSet's statement was not registered
[DEBUG] 2026-10-10 17:59:44.063 [main] ResourceRegistryStandardImpl - Exception clearing maxRows/queryTimeout [You can't operate on a closed Statement!!!]
[DEBUG] 2026-10-10 17:59:44.066 [main] TransactionImpl - committing
[DEBUG] 2026-10-10 17:59:44.066 [main] AbstractFlushingEventListener - Processing flush-time cascades
[DEBUG] 2026-10-10 17:59:44.066 [main] AbstractFlushingEventListener - Dirty checking collections
[DEBUG] 2026-10-10 17:59:44.067 [main] Collections - Collection found: [com.magMan.entity.Card.rulings#9], was: [<unreferenced>] (initialized)
[DEBUG] 2026-10-10 17:59:44.067 [main] AbstractFlushingEventListener - Flushed: 0 insertions, 0 updates, 0 deletions to 1 objects
[DEBUG] 2026-10-10 17:59:44.067 [main] AbstractFlushingEventListener - Flushed: 1 (re)creations, 0 updates, 0 removals to 1 collections
[DEBUG] 2026-10-10 17:59:44.067 [main] EntityPrinter - Listing entities:
[DEBUG] 2026-10-10 17:59:44.067 [main] EntityPrinter - com.magMan.entity.Card{cardName=Static Orb, cardQuantity=1, cardType=Artifact, cardCmc=3, rulings=[], id=9}
[DEBUG] 2026-10-10 17:59:44.072 [main] LogicalConnectionManagedImpl - Initiating JDBC connection release from afterTransaction
[DEBUG] 2026-10-10 17:59:44.074 [main] LogicalConnectionManagedImpl - Initiating JDBC connection release from afterTransaction
[DEBUG] 2026-10-10 17:59:44.075 [main] exec - Skipping reading Query result cache data: cache-enabled = false, cache-mode = IGNORE
[DEBUG] 2026-10-10 17:59:44.075 [main] results - Initializer list:
	  com.magMan.entity.Card -> EntityResultInitializer(com.magMan.entity.Card)@1843272693 (SingleTableEntityPersister(com.magMan.entity.Card))
	  com.magMan.entity.Card.rulings -> BagInitializer(com.magMan.entity.Card.rulings)@1263973655 (PluralAttribute(com.magMan.entity.Card.rulings))
	  com.magMan.entity.Card.rulings.{element} -> EntityJoinedFetchInitializer(com.magMan.entity.Card.rulings.{element})@287628665 (EntityCollectionPart(com.magMan.entity.Card.rulings#{element})@892626202)

[DEBUG] 2026-10-10 17:59:44.076 [main] SQL - select c1_0.id,c1_0.cardCmc,c1_0.cardName,c1_0.cardQuantity,c1_0.cardType,r1_0.card_id,r1_0.id,r1_0.ruling_date,r1_0.ruling_text from cards c1_0 left join rulings r1_0 on c1_0.id=r1_0.card_id where c1_0.id=?
[DEBUG] 2026-10-10 17:59:44.078 [main] results - Extracted JDBC value [6] - [null]
[DEBUG] 2026-10-10 17:59:44.078 [main] entity - (EntityJoinedFetchInitializer) EntityKey (com.magMan.entity.Card.rulings.{element}) is null
[DEBUG] 2026-10-10 17:59:44.078 [main] entity - (EntityResultInitializer) Hydrated EntityKey (com.magMan.entity.Card): 9
[DEBUG] 2026-10-10 17:59:44.078 [main] results - Extracted JDBC value [0] - [9]
[DEBUG] 2026-10-10 17:59:44.078 [main] collection - (BagInitializer) Current row collection key : com.magMan.entity.Card.rulings#9
[DEBUG] 2026-10-10 17:59:44.078 [main] results - Extracted JDBC value [5] - [null]
[DEBUG] 2026-10-10 17:59:44.079 [main] entity - (EntityResultInitializer) Created new entity instance [com.magMan.entity.Card#9] : 56115670
[DEBUG] 2026-10-10 17:59:44.079 [main] collection - (BagInitializer) Created new collection wrapper [com.magMan.entity.Card.rulings#9] : org.hibernate.collection.spi.PersistentBag@1587454848
[DEBUG] 2026-10-10 17:59:44.079 [main] collection - (BagInitializer) Responsible for loading collection [com.magMan.entity.Card.rulings#9] : org.hibernate.collection.spi.PersistentBag@1587454848
[DEBUG] 2026-10-10 17:59:44.079 [main] results - Extracted JDBC value [1] - [3]
[DEBUG] 2026-10-10 17:59:44.079 [main] results - Extracted JDBC value [2] - [Static Orb]
[DEBUG] 2026-10-10 17:59:44.079 [main] results - Extracted JDBC value [3] - [1]
[DEBUG] 2026-10-10 17:59:44.079 [main] results - Extracted JDBC value [4] - [Artifact]
[DEBUG] 2026-10-10 17:59:44.079 [main] entity - (EntityResultInitializer) Done materializing entityInstance : com.magMan.entity.Card#9
[DEBUG] 2026-10-10 17:59:44.079 [main] loading - Calling top-level assembler (0 / 1) : org.hibernate.sql.results.graph.entity.internal.EntityAssembler@1e50eb3f
[DEBUG] 2026-10-10 17:59:44.080 [main] ResultsHelper - Collection fully initialized: [com.magMan.entity.Card.rulings#9]
[DEBUG] 2026-10-10 17:59:44.080 [main] LogicalConnectionManagedImpl - Initiating JDBC connection release from afterTransaction
[DEBUG] 2026-10-10 17:59:44.329 [main] exec - Skipping reading Query result cache data: cache-enabled = false, cache-mode = IGNORE
[DEBUG] 2026-10-10 17:59:44.329 [main] results - Initializer list:
	  com.magMan.entity.Ruling.card.rulings -> SelectEagerCollectionInitializer(com.magMan.entity.Ruling.card.rulings)@664671266 (PluralAttribute(com.magMan.entity.Card.rulings))
	  com.magMan.entity.Ruling -> EntityResultInitializer(com.magMan.entity.Ruling)@183707999 (SingleTableEntityPersister(com.magMan.entity.Ruling))
	  com.magMan.entity.Ruling.card -> EntityJoinedFetchInitializer(com.magMan.entity.Ruling.card)@668762558 (ToOneAttributeMapping(NavigableRole[com.magMan.entity.Ruling.card])@155833159)

[DEBUG] 2026-10-10 17:59:44.330 [main] SQL - select r1_0.id,c1_0.id,c1_0.cardCmc,c1_0.cardName,c1_0.cardQuantity,c1_0.cardType,r1_0.ruling_date,r1_0.ruling_text from rulings r1_0 left join cards c1_0 on c1_0.id=r1_0.card_id where r1_0.id=?
[DEBUG] 2026-10-10 17:59:44.333 [main] results - Extracted JDBC value [1] - [6]
[DEBUG] 2026-10-10 17:59:44.334 [main] entity - (EntityJoinedFetchInitializer) Hydrated EntityKey (com.magMan.entity.Ruling.card): 6
[DEBUG] 2026-10-10 17:59:44.334 [main] entity - (EntityResultInitializer) Hydrated EntityKey (com.magMan.entity.Ruling): 6
[DEBUG] 2026-10-10 17:59:44.334 [main] collection - (SelectEagerCollectionInitializer) Current row collection key : com.magMan.entity.Ruling.card.rulings#6
[DEBUG] 2026-10-10 17:59:44.334 [main] entity - (EntityJoinedFetchInitializer) Created new entity instance [com.magMan.entity.Ruling.card#6] : 1866632814
[DEBUG] 2026-10-10 17:59:44.334 [main] entity - (EntityResultInitializer) Created new entity instance [com.magMan.entity.Ruling#6] : 1927585642
[DEBUG] 2026-10-10 17:59:44.334 [main] results - Extracted JDBC value [2] - [10]
[DEBUG] 2026-10-10 17:59:44.334 [main] results - Extracted JDBC value [3] - [Omniscience]
[DEBUG] 2026-10-10 17:59:44.334 [main] results - Extracted JDBC value [4] - [2]
[DEBUG] 2026-10-10 17:59:44.334 [main] results - Extracted JDBC value [5] - [Enchantment]
[DEBUG] 2026-10-10 17:59:44.334 [main] entity - (EntityJoinedFetchInitializer) Done materializing entityInstance : com.magMan.entity.Ruling.card#6
[DEBUG] 2026-10-10 17:59:44.334 [main] results - Extracted JDBC value [6] - [2018-07-13]
[DEBUG] 2026-10-10 17:59:44.334 [main] results - Extracted JDBC value [7] - [Once you cast Omniscience, if it's your turn, you'll have priority immediately after it resolves.  You can cast another spell before any player can attempt to remove Omniscience with spells or abilities.]
[DEBUG] 2026-10-10 17:59:44.334 [main] entity - (EntityResultInitializer) Done materializing entityInstance : com.magMan.entity.Ruling#6
[DEBUG] 2026-10-10 17:59:44.334 [main] loading - Calling top-level assembler (0 / 1) : org.hibernate.sql.results.graph.entity.internal.EntityAssembler@312819ae
[DEBUG] 2026-10-10 17:59:44.335 [main] exec - Skipping reading Query result cache data: cache-enabled = false, cache-mode = IGNORE
[DEBUG] 2026-10-10 17:59:44.335 [main] results - Initializer list:
	  com.magMan.entity.Card.rulings.{element}.card -> EntitySelectFetchInitializer(com.magMan.entity.Card.rulings.{element}.card)@1256374299 (ToOneAttributeMapping(NavigableRole[com.magMan.entity.Ruling.card])@155833159)
	  com.magMan.entity.Card.rulings.{element} -> EntityJoinedFetchInitializer(com.magMan.entity.Card.rulings.{element})@480975330 (EntityCollectionPart(com.magMan.entity.Card.rulings#{element})@892626202)
	  com.magMan.entity.Card.rulings -> BagInitializer(com.magMan.entity.Card.rulings)@1752820099 (PluralAttribute(com.magMan.entity.Card.rulings))

[DEBUG] 2026-10-10 17:59:44.335 [main] SQL - select r1_0.card_id,r1_0.id,r1_0.ruling_date,r1_0.ruling_text from rulings r1_0 where r1_0.card_id=?
[DEBUG] 2026-10-10 17:59:44.336 [main] results - Extracted JDBC value [1] - [3]
[DEBUG] 2026-10-10 17:59:44.336 [main] entity - (EntityJoinedFetchInitializer) Hydrated EntityKey (com.magMan.entity.Card.rulings.{element}): 3
[DEBUG] 2026-10-10 17:59:44.336 [main] results - Extracted JDBC value [0] - [6]
[DEBUG] 2026-10-10 17:59:44.336 [main] collection - (BagInitializer) Current row collection key : com.magMan.entity.Card.rulings#6
[DEBUG] 2026-10-10 17:59:44.336 [main] results - Extracted JDBC value [0] - [6]
[DEBUG] 2026-10-10 17:59:44.336 [main] entity - (EntityJoinedFetchInitializer) Created new entity instance [com.magMan.entity.Card.rulings.{element}#3] : 222122132
[DEBUG] 2026-10-10 17:59:44.336 [main] results - Extracted JDBC value [0] - [6]
[DEBUG] 2026-10-10 17:59:44.337 [main] entity - (EntitySelectFetchInitializer) Found existing loading entry [com.magMan.entity.Card.rulings.{element}.card#6] - using loading instance
[DEBUG] 2026-10-10 17:59:44.337 [main] collection - (BagInitializer) Responsible for loading collection [com.magMan.entity.Card.rulings#6] : org.hibernate.collection.spi.PersistentBag@776691105
[DEBUG] 2026-10-10 17:59:44.337 [main] results - Extracted JDBC value [2] - [2018-07-13]
[DEBUG] 2026-10-10 17:59:44.337 [main] results - Extracted JDBC value [3] - [If a spell has X in its mana cost, you must choose 0 as the value of X when casting it without paying its mana cost.]
[DEBUG] 2026-10-10 17:59:44.337 [main] entity - (EntityJoinedFetchInitializer) Done materializing entityInstance : com.magMan.entity.Card.rulings.{element}#3
[DEBUG] 2026-10-10 17:59:44.337 [main] collection - (BagInitializer) Reading element from row for collection [com.magMan.entity.Card.rulings#6] -> org.hibernate.collection.spi.PersistentBag@776691105
[DEBUG] 2026-10-10 17:59:44.337 [main] loading - Calling top-level assembler (0 / 1) : org.hibernate.sql.results.graph.collection.internal.EagerCollectionAssembler@13714753
[DEBUG] 2026-10-10 17:59:44.337 [main] results - Extracted JDBC value [1] - [6]
[DEBUG] 2026-10-10 17:59:44.337 [main] entity - (EntityJoinedFetchInitializer) Hydrated EntityKey (com.magMan.entity.Card.rulings.{element}): 6
[DEBUG] 2026-10-10 17:59:44.337 [main] results - Extracted JDBC value [0] - [6]
[DEBUG] 2026-10-10 17:59:44.338 [main] collection - (BagInitializer) Current row collection key : com.magMan.entity.Card.rulings#6
[DEBUG] 2026-10-10 17:59:44.338 [main] results - Extracted JDBC value [0] - [6]
[DEBUG] 2026-10-10 17:59:44.338 [main] collection - (BagInitializer) Found existing loading collection entry [com.magMan.entity.Card.rulings#6]; using loading collection instance - org.hibernate.collection.spi.PersistentBag@776691105
[DEBUG] 2026-10-10 17:59:44.338 [main] collection - (BagInitializer) Responsible for loading collection [com.magMan.entity.Card.rulings#6] : org.hibernate.collection.spi.PersistentBag@776691105
[DEBUG] 2026-10-10 17:59:44.338 [main] collection - (BagInitializer) Reading element from row for collection [com.magMan.entity.Card.rulings#6] -> org.hibernate.collection.spi.PersistentBag@776691105
[DEBUG] 2026-10-10 17:59:44.338 [main] loading - Calling top-level assembler (0 / 1) : org.hibernate.sql.results.graph.collection.internal.EagerCollectionAssembler@13714753
[DEBUG] 2026-10-10 17:59:44.339 [main] ResultsHelper - Collection fully initialized: [com.magMan.entity.Card.rulings#6]
[DEBUG] 2026-10-10 17:59:44.339 [main] LogicalConnectionManagedImpl - Initiating JDBC connection release from afterTransaction
[DEBUG] 2026-10-10 17:59:44.339 [main] LogicalConnectionManagedImpl - Initiating JDBC connection release from afterTransaction
[DEBUG] 2026-10-10 17:59:44.340 [main] TransactionImpl - On TransactionImpl creation, JpaCompliance#isJpaTransactionComplianceEnabled == false
[DEBUG] 2026-10-10 17:59:44.340 [main] TransactionImpl - begin
[DEBUG] 2026-10-10 17:59:44.342 [main] TransactionImpl - committing
[DEBUG] 2026-10-10 17:59:44.342 [main] AbstractFlushingEventListener - Processing flush-time cascades
[DEBUG] 2026-10-10 17:59:44.342 [main] AbstractFlushingEventListener - Dirty checking collections
[DEBUG] 2026-10-10 17:59:44.342 [main] AbstractFlushingEventListener - Flushed: 0 insertions, 0 updates, 1 deletions to 1 objects
[DEBUG] 2026-10-10 17:59:44.342 [main] AbstractFlushingEventListener - Flushed: 0 (re)creations, 0 updates, 0 removals to 0 collections
[DEBUG] 2026-10-10 17:59:44.342 [main] EntityPrinter - Listing entities:
[DEBUG] 2026-10-10 17:59:44.342 [main] EntityPrinter - com.magMan.entity.Ruling{rulingText=Once you cast Omniscience, if it's your turn, you'll have priority immediately after it resolves.  You can cast another spell before any player can attempt to remove Omniscience with spells or abilities., id=6, card=com.magMan.entity.Card#6, rulingDate=2018-07-13}
[DEBUG] 2026-10-10 17:59:44.342 [main] SQL - delete from rulings where id=?
[DEBUG] 2026-10-10 17:59:44.345 [main] LogicalConnectionManagedImpl - Initiating JDBC connection release from afterTransaction
[DEBUG] 2026-10-10 17:59:44.346 [main] LogicalConnectionManagedImpl - Initiating JDBC connection release from afterTransaction
[DEBUG] 2026-10-10 17:59:44.346 [main] exec - Skipping reading Query result cache data: cache-enabled = false, cache-mode = IGNORE
[DEBUG] 2026-10-10 17:59:44.347 [main] results - Initializer list:
	  com.magMan.entity.Ruling.card.rulings -> SelectEagerCollectionInitializer(com.magMan.entity.Ruling.card.rulings)@2011639997 (PluralAttribute(com.magMan.entity.Card.rulings))
	  com.magMan.entity.Ruling -> EntityResultInitializer(com.magMan.entity.Ruling)@758927387 (SingleTableEntityPersister(com.magMan.entity.Ruling))
	  com.magMan.entity.Ruling.card -> EntityJoinedFetchInitializer(com.magMan.entity.Ruling.card)@2072818307 (ToOneAttributeMapping(NavigableRole[com.magMan.entity.Ruling.card])@155833159)

[DEBUG] 2026-10-10 17:59:44.347 [main] SQL - select r1_0.id,c1_0.id,c1_0.cardCmc,c1_0.cardName,c1_0.cardQuantity,c1_0.cardType,r1_0.ruling_date,r1_0.ruling_text from rulings r1_0 left join cards c1_0 on c1_0.id=r1_0.card_id where r1_0.id=?
[DEBUG] 2026-10-10 17:59:44.349 [main] LogicalConnectionManagedImpl - Initiating JDBC connection release from afterTransaction
[DEBUG] 2026-10-10 17:59:44.485 [main] create - Created new SQL alias : r1_0
[DEBUG] 2026-10-10 17:59:44.485 [main] create - Registration of TableGroup [StandardTableGroup(com.magMan.entity.Ruling(11904596545004))] with identifierForTableGroup [com.magMan.entity.Ruling] for NavigablePath [com.magMan.entity.Ruling] 
[DEBUG] 2026-10-10 17:59:44.487 [main] create - Registration of TableGroup [org.hibernate.sql.ast.tree.from.LazyTableGroup@45539bd8] with identifierForTableGroup [com.magMan.entity.Ruling.card] for NavigablePath [com.magMan.entity.Ruling.card] 
[DEBUG] 2026-10-10 17:59:44.487 [main] AST - DomainResult Graph:
 \-EntityResultImpl [com.magMan.entity.Ruling(11904596545004)]
 |  +-CircularFetchImpl [com.magMan.entity.Ruling(11904596545004).card]
 |  +-BasicFetch [com.magMan.entity.Ruling(11904596545004).rulingDate]
 |  \-BasicFetch [com.magMan.entity.Ruling(11904596545004).rulingText]

[DEBUG] 2026-10-10 17:59:44.488 [main] tree - SQL AST Tree:
    SelectStatement {
      FromClause {
        StandardTableGroup (r1 : com.magMan.entity.Ruling(11904596545004)) {
          primaryTableReference : rulings as r1_0
          TableGroupJoins {
            left  join LazyTableGroup (c1 : com.magMan.entity.Ruling(11904596545004).card) {
            }
          }
        }
      }
    }

[DEBUG] 2026-10-10 17:59:44.488 [main] exec - Skipping reading Query result cache data: cache-enabled = false, cache-mode = NORMAL
[DEBUG] 2026-10-10 17:59:44.488 [main] results - Initializer list:
	  com.magMan.entity.Ruling(11904596545004).card -> EntitySelectFetchInitializer(com.magMan.entity.Ruling(11904596545004).card)@1271565999 (ToOneAttributeMapping(NavigableRole[com.magMan.entity.Ruling.card])@155833159)
	  com.magMan.entity.Ruling(11904596545004) -> EntityResultInitializer(com.magMan.entity.Ruling(11904596545004))@1441087837 (SingleTableEntityPersister(com.magMan.entity.Ruling))

[DEBUG] 2026-10-10 17:59:44.488 [main] SQL - select r1_0.id,r1_0.card_id,r1_0.ruling_date,r1_0.ruling_text from rulings r1_0
[DEBUG] 2026-10-10 17:59:44.493 [main] results - Extracted JDBC value [0] - [1]
[DEBUG] 2026-10-10 17:59:44.493 [main] entity - (EntityResultInitializer) Hydrated EntityKey (com.magMan.entity.Ruling(11904596545004)): 1
[DEBUG] 2026-10-10 17:59:44.494 [main] entity - (EntityResultInitializer) Created new entity instance [com.magMan.entity.Ruling(11904596545004)#1] : 342373282
[DEBUG] 2026-10-10 17:59:44.494 [main] results - Extracted JDBC value [1] - [3]
[DEBUG] 2026-10-10 17:59:44.494 [main] entity - (EntitySelectFetchInitializer) Invoking session#internalLoad for entity (com.magMan.entity.Ruling(11904596545004).card#3) : 3
[DEBUG] 2026-10-10 17:59:44.494 [main] exec - Skipping reading Query result cache data: cache-enabled = false, cache-mode = IGNORE
[DEBUG] 2026-10-10 17:59:44.494 [main] results - Initializer list:
	  com.magMan.entity.Card -> EntityResultInitializer(com.magMan.entity.Card)@1353941826 (SingleTableEntityPersister(com.magMan.entity.Card))
	  com.magMan.entity.Card.rulings -> BagInitializer(com.magMan.entity.Card.rulings)@1112151343 (PluralAttribute(com.magMan.entity.Card.rulings))
	  com.magMan.entity.Card.rulings.{element} -> EntityJoinedFetchInitializer(com.magMan.entity.Card.rulings.{element})@1083020379 (EntityCollectionPart(com.magMan.entity.Card.rulings#{element})@892626202)

[DEBUG] 2026-10-10 17:59:44.495 [main] SQL - select c1_0.id,c1_0.cardCmc,c1_0.cardName,c1_0.cardQuantity,c1_0.cardType,r1_0.card_id,r1_0.id,r1_0.ruling_date,r1_0.ruling_text from cards c1_0 left join rulings r1_0 on c1_0.id=r1_0.card_id where c1_0.id=?
[DEBUG] 2026-10-10 17:59:44.499 [main] results - Extracted JDBC value [6] - [1]
[DEBUG] 2026-10-10 17:59:44.499 [main] entity - (EntityJoinedFetchInitializer) Hydrated EntityKey (com.magMan.entity.Card.rulings.{element}): 1
[DEBUG] 2026-10-10 17:59:44.499 [main] entity - (EntityResultInitializer) Hydrated EntityKey (com.magMan.entity.Card): 3
[DEBUG] 2026-10-10 17:59:44.499 [main] results - Extracted JDBC value [0] - [3]
[DEBUG] 2026-10-10 17:59:44.499 [main] collection - (BagInitializer) Current row collection key : com.magMan.entity.Card.rulings#3
[DEBUG] 2026-10-10 17:59:44.499 [main] results - Extracted JDBC value [5] - [3]
[DEBUG] 2026-10-10 17:59:44.499 [main] entity - (EntityResultInitializer) Created new entity instance [com.magMan.entity.Card#3] : 41495592
[DEBUG] 2026-10-10 17:59:44.499 [main] collection - (BagInitializer) Created new collection wrapper [com.magMan.entity.Card.rulings#3] : org.hibernate.collection.spi.PersistentBag@117079268
[DEBUG] 2026-10-10 17:59:44.499 [main] collection - (BagInitializer) Responsible for loading collection [com.magMan.entity.Card.rulings#3] : org.hibernate.collection.spi.PersistentBag@117079268
[DEBUG] 2026-10-10 17:59:44.500 [main] collection - (BagInitializer) Reading element from row for collection [com.magMan.entity.Card.rulings#3] -> org.hibernate.collection.spi.PersistentBag@117079268
[DEBUG] 2026-10-10 17:59:44.500 [main] results - Extracted JDBC value [1] - [4]
[DEBUG] 2026-10-10 17:59:44.500 [main] results - Extracted JDBC value [2] - [Urza, Lord High Artificer]
[DEBUG] 2026-10-10 17:59:44.500 [main] results - Extracted JDBC value [3] - [1]
[DEBUG] 2026-10-10 17:59:44.500 [main] results - Extracted JDBC value [4] - [Creature]
[DEBUG] 2026-10-10 17:59:44.500 [main] entity - (EntityResultInitializer) Done materializing entityInstance : com.magMan.entity.Card#3
[DEBUG] 2026-10-10 17:59:44.500 [main] loading - Calling top-level assembler (0 / 1) : org.hibernate.sql.results.graph.entity.internal.EntityAssembler@351e86b2
[DEBUG] 2026-10-10 17:59:44.500 [main] results - Extracted JDBC value [6] - [5]
[DEBUG] 2026-10-10 17:59:44.500 [main] entity - (EntityJoinedFetchInitializer) Hydrated EntityKey (com.magMan.entity.Card.rulings.{element}): 5
[DEBUG] 2026-10-10 17:59:44.500 [main] entity - (EntityResultInitializer) Hydrated EntityKey (com.magMan.entity.Card): 3
[DEBUG] 2026-10-10 17:59:44.500 [main] results - Extracted JDBC value [0] - [3]
[DEBUG] 2026-10-10 17:59:44.500 [main] collection - (BagInitializer) Current row collection key : com.magMan.entity.Card.rulings#3
[DEBUG] 2026-10-10 17:59:44.500 [main] results - Extracted JDBC value [5] - [3]
[DEBUG] 2026-10-10 17:59:44.501 [main] entity - (EntityJoinedFetchInitializer) Created new entity instance [com.magMan.entity.Card.rulings.{element}#5] : 1519076003
[DEBUG] 2026-10-10 17:59:44.501 [main] collection - (BagInitializer) Found existing loading collection entry [com.magMan.entity.Card.rulings#3]; using loading collection instance - org.hibernate.collection.spi.PersistentBag@117079268
[DEBUG] 2026-10-10 17:59:44.501 [main] collection - (BagInitializer) Responsible for loading collection [com.magMan.entity.Card.rulings#3] : org.hibernate.collection.spi.PersistentBag@117079268
[DEBUG] 2026-10-10 17:59:44.501 [main] results - Extracted JDBC value [7] - [2022-12-08]
[DEBUG] 2026-10-10 17:59:44.501 [main] results - Extracted JDBC value [8] - [You can tap any untapped artifact you control to pay the cost of the mana ability, including an artifact creature you haven't controlled continuously since the beginning of your most recent turn.  Tapping an Equipment this way won't affect its abilities or the equipped creature.]
[DEBUG] 2026-10-10 17:59:44.501 [main] entity - (EntityJoinedFetchInitializer) Done materializing entityInstance : com.magMan.entity.Card.rulings.{element}#5
[DEBUG] 2026-10-10 17:59:44.501 [main] collection - (BagInitializer) Reading element from row for collection [com.magMan.entity.Card.rulings#3] -> org.hibernate.collection.spi.PersistentBag@117079268
[DEBUG] 2026-10-10 17:59:44.502 [main] loading - Calling top-level assembler (0 / 1) : org.hibernate.sql.results.graph.entity.internal.EntityAssembler@351e86b2
[DEBUG] 2026-10-10 17:59:44.502 [main] ResultsHelper - Collection fully initialized: [com.magMan.entity.Card.rulings#3]
[DEBUG] 2026-10-10 17:59:44.502 [main] entity - (EntitySelectFetchInitializer) Entity [com.magMan.entity.Ruling(11904596545004).card#3] : 3 has being loaded by session.internalLoad.
[DEBUG] 2026-10-10 17:59:44.502 [main] results - Extracted JDBC value [2] - [2022-12-08]
[DEBUG] 2026-10-10 17:59:44.502 [main] results - Extracted JDBC value [3] - [If a spell has X in its mana cost, you must choose 0 as the value of X when casting it without paying its mana cost.]
[DEBUG] 2026-10-10 17:59:44.502 [main] entity - (EntityResultInitializer) Done materializing entityInstance : com.magMan.entity.Ruling(11904596545004)#1
[DEBUG] 2026-10-10 17:59:44.502 [main] loading - Calling top-level assembler (0 / 1) : org.hibernate.sql.results.graph.entity.internal.EntityAssembler@11582db6
[DEBUG] 2026-10-10 17:59:44.503 [main] results - Extracted JDBC value [0] - [2]
[DEBUG] 2026-10-10 17:59:44.503 [main] entity - (EntityResultInitializer) Hydrated EntityKey (com.magMan.entity.Ruling(11904596545004)): 2
[DEBUG] 2026-10-10 17:59:44.503 [main] entity - (EntityResultInitializer) Created new entity instance [com.magMan.entity.Ruling(11904596545004)#2] : 1141927461
[DEBUG] 2026-10-10 17:59:44.503 [main] results - Extracted JDBC value [1] - [5]
[DEBUG] 2026-10-10 17:59:44.503 [main] entity - (EntitySelectFetchInitializer) Invoking session#internalLoad for entity (com.magMan.entity.Ruling(11904596545004).card#5) : 5
[DEBUG] 2026-10-10 17:59:44.503 [main] exec - Skipping reading Query result cache data: cache-enabled = false, cache-mode = IGNORE
[DEBUG] 2026-10-10 17:59:44.503 [main] results - Initializer list:
	  com.magMan.entity.Card -> EntityResultInitializer(com.magMan.entity.Card)@91904771 (SingleTableEntityPersister(com.magMan.entity.Card))
	  com.magMan.entity.Card.rulings -> BagInitializer(com.magMan.entity.Card.rulings)@90480469 (PluralAttribute(com.magMan.entity.Card.rulings))
	  com.magMan.entity.Card.rulings.{element} -> EntityJoinedFetchInitializer(com.magMan.entity.Card.rulings.{element})@1434527698 (EntityCollectionPart(com.magMan.entity.Card.rulings#{element})@892626202)

[DEBUG] 2026-10-10 17:59:44.503 [main] SQL - select c1_0.id,c1_0.cardCmc,c1_0.cardName,c1_0.cardQuantity,c1_0.cardType,r1_0.card_id,r1_0.id,r1_0.ruling_date,r1_0.ruling_text from cards c1_0 left join rulings r1_0 on c1_0.id=r1_0.card_id where c1_0.id=?
[DEBUG] 2026-10-10 17:59:44.505 [main] results - Extracted JDBC value [6] - [2]
[DEBUG] 2026-10-10 17:59:44.505 [main] entity - (EntityJoinedFetchInitializer) Hydrated EntityKey (com.magMan.entity.Card.rulings.{element}): 2
[DEBUG] 2026-10-10 17:59:44.505 [main] entity - (EntityResultInitializer) Hydrated EntityKey (com.magMan.entity.Card): 5
[DEBUG] 2026-10-10 17:59:44.505 [main] results - Extracted JDBC value [0] - [5]
[DEBUG] 2026-10-10 17:59:44.505 [main] collection - (BagInitializer) Current row collection key : com.magMan.entity.Card.rulings#5
[DEBUG] 2026-10-10 17:59:44.505 [main] results - Extracted JDBC value [5] - [5]
[DEBUG] 2026-10-10 17:59:44.505 [main] entity - (EntityResultInitializer) Created new entity instance [com.magMan.entity.Card#5] : 1075537833
[DEBUG] 2026-10-10 17:59:44.505 [main] collection - (BagInitializer) Created new collection wrapper [com.magMan.entity.Card.rulings#5] : org.hibernate.collection.spi.PersistentBag@1312744535
[DEBUG] 2026-10-10 17:59:44.505 [main] collection - (BagInitializer) Responsible for loading collection [com.magMan.entity.Card.rulings#5] : org.hibernate.collection.spi.PersistentBag@1312744535
[DEBUG] 2026-10-10 17:59:44.505 [main] collection - (BagInitializer) Reading element from row for collection [com.magMan.entity.Card.rulings#5] -> org.hibernate.collection.spi.PersistentBag@1312744535
[DEBUG] 2026-10-10 17:59:44.505 [main] results - Extracted JDBC value [1] - [3]
[DEBUG] 2026-10-10 17:59:44.505 [main] results - Extracted JDBC value [2] - [Tinker]
[DEBUG] 2026-10-10 17:59:44.505 [main] results - Extracted JDBC value [3] - [10]
[DEBUG] 2026-10-10 17:59:44.506 [main] results - Extracted JDBC value [4] - [Sorcery]
[DEBUG] 2026-10-10 17:59:44.506 [main] entity - (EntityResultInitializer) Done materializing entityInstance : com.magMan.entity.Card#5
[DEBUG] 2026-10-10 17:59:44.506 [main] loading - Calling top-level assembler (0 / 1) : org.hibernate.sql.results.graph.entity.internal.EntityAssembler@41b66d1
[DEBUG] 2026-10-10 17:59:44.506 [main] ResultsHelper - Collection fully initialized: [com.magMan.entity.Card.rulings#5]
[DEBUG] 2026-10-10 17:59:44.506 [main] entity - (EntitySelectFetchInitializer) Entity [com.magMan.entity.Ruling(11904596545004).card#5] : 5 has being loaded by session.internalLoad.
[DEBUG] 2026-10-10 17:59:44.506 [main] results - Extracted JDBC value [2] - [2004-10-04]
[DEBUG] 2026-10-10 17:59:44.506 [main] results - Extracted JDBC value [3] - [Because the "search" requires you to find a card with certain characteristics, you don't have to find the card if you don't want to.]
[DEBUG] 2026-10-10 17:59:44.506 [main] entity - (EntityResultInitializer) Done materializing entityInstance : com.magMan.entity.Ruling(11904596545004)#2
[DEBUG] 2026-10-10 17:59:44.506 [main] loading - Calling top-level assembler (0 / 1) : org.hibernate.sql.results.graph.entity.internal.EntityAssembler@11582db6
[DEBUG] 2026-10-10 17:59:44.506 [main] results - Extracted JDBC value [0] - [3]
[DEBUG] 2026-10-10 17:59:44.506 [main] entity - (EntityResultInitializer) Hydrated EntityKey (com.magMan.entity.Ruling(11904596545004)): 3
[DEBUG] 2026-10-10 17:59:44.507 [main] entity - (EntityResultInitializer) Created new entity instance [com.magMan.entity.Ruling(11904596545004)#3] : 263373555
[DEBUG] 2026-10-10 17:59:44.507 [main] results - Extracted JDBC value [1] - [6]
[DEBUG] 2026-10-10 17:59:44.507 [main] entity - (EntitySelectFetchInitializer) Invoking session#internalLoad for entity (com.magMan.entity.Ruling(11904596545004).card#6) : 6
[DEBUG] 2026-10-10 17:59:44.507 [main] exec - Skipping reading Query result cache data: cache-enabled = false, cache-mode = IGNORE
[DEBUG] 2026-10-10 17:59:44.507 [main] results - Initializer list:
	  com.magMan.entity.Card -> EntityResultInitializer(com.magMan.entity.Card)@344967811 (SingleTableEntityPersister(com.magMan.entity.Card))
	  com.magMan.entity.Card.rulings -> BagInitializer(com.magMan.entity.Card.rulings)@757762073 (PluralAttribute(com.magMan.entity.Card.rulings))
	  com.magMan.entity.Card.rulings.{element} -> EntityJoinedFetchInitializer(com.magMan.entity.Card.rulings.{element})@1918393987 (EntityCollectionPart(com.magMan.entity.Card.rulings#{element})@892626202)

[DEBUG] 2026-10-10 17:59:44.507 [main] SQL - select c1_0.id,c1_0.cardCmc,c1_0.cardName,c1_0.cardQuantity,c1_0.cardType,r1_0.card_id,r1_0.id,r1_0.ruling_date,r1_0.ruling_text from cards c1_0 left join rulings r1_0 on c1_0.id=r1_0.card_id where c1_0.id=?
[DEBUG] 2026-10-10 17:59:44.509 [main] results - Extracted JDBC value [6] - [3]
[DEBUG] 2026-10-10 17:59:44.509 [main] entity - (EntityJoinedFetchInitializer) Hydrated EntityKey (com.magMan.entity.Card.rulings.{element}): 3
[DEBUG] 2026-10-10 17:59:44.509 [main] entity - (EntityResultInitializer) Hydrated EntityKey (com.magMan.entity.Card): 6
[DEBUG] 2026-10-10 17:59:44.509 [main] results - Extracted JDBC value [0] - [6]
[DEBUG] 2026-10-10 17:59:44.509 [main] collection - (BagInitializer) Current row collection key : com.magMan.entity.Card.rulings#6
[DEBUG] 2026-10-10 17:59:44.509 [main] results - Extracted JDBC value [5] - [6]
[DEBUG] 2026-10-10 17:59:44.509 [main] entity - (EntityResultInitializer) Created new entity instance [com.magMan.entity.Card#6] : 715657721
[DEBUG] 2026-10-10 17:59:44.509 [main] collection - (BagInitializer) Created new collection wrapper [com.magMan.entity.Card.rulings#6] : org.hibernate.collection.spi.PersistentBag@1722528506
[DEBUG] 2026-10-10 17:59:44.509 [main] collection - (BagInitializer) Responsible for loading collection [com.magMan.entity.Card.rulings#6] : org.hibernate.collection.spi.PersistentBag@1722528506
[DEBUG] 2026-10-10 17:59:44.509 [main] collection - (BagInitializer) Reading element from row for collection [com.magMan.entity.Card.rulings#6] -> org.hibernate.collection.spi.PersistentBag@1722528506
[DEBUG] 2026-10-10 17:59:44.509 [main] results - Extracted JDBC value [1] - [10]
[DEBUG] 2026-10-10 17:59:44.509 [main] results - Extracted JDBC value [2] - [Omniscience]
[DEBUG] 2026-10-10 17:59:44.509 [main] results - Extracted JDBC value [3] - [2]
[DEBUG] 2026-10-10 17:59:44.509 [main] results - Extracted JDBC value [4] - [Enchantment]
[DEBUG] 2026-10-10 17:59:44.510 [main] entity - (EntityResultInitializer) Done materializing entityInstance : com.magMan.entity.Card#6
[DEBUG] 2026-10-10 17:59:44.510 [main] loading - Calling top-level assembler (0 / 1) : org.hibernate.sql.results.graph.entity.internal.EntityAssembler@7d4da729
[DEBUG] 2026-10-10 17:59:44.510 [main] results - Extracted JDBC value [6] - [6]
[DEBUG] 2026-10-10 17:59:44.510 [main] entity - (EntityJoinedFetchInitializer) Hydrated EntityKey (com.magMan.entity.Card.rulings.{element}): 6
[DEBUG] 2026-10-10 17:59:44.510 [main] entity - (EntityResultInitializer) Hydrated EntityKey (com.magMan.entity.Card): 6
[DEBUG] 2026-10-10 17:59:44.510 [main] results - Extracted JDBC value [0] - [6]
[DEBUG] 2026-10-10 17:59:44.510 [main] collection - (BagInitializer) Current row collection key : com.magMan.entity.Card.rulings#6
[DEBUG] 2026-10-10 17:59:44.510 [main] results - Extracted JDBC value [5] - [6]
[DEBUG] 2026-10-10 17:59:44.510 [main] entity - (EntityJoinedFetchInitializer) Created new entity instance [com.magMan.entity.Card.rulings.{element}#6] : 557037330
[DEBUG] 2026-10-10 17:59:44.510 [main] collection - (BagInitializer) Found existing loading collection entry [com.magMan.entity.Card.rulings#6]; using loading collection instance - org.hibernate.collection.spi.PersistentBag@1722528506
[DEBUG] 2026-10-10 17:59:44.510 [main] collection - (BagInitializer) Responsible for loading collection [com.magMan.entity.Card.rulings#6] : org.hibernate.collection.spi.PersistentBag@1722528506
[DEBUG] 2026-10-10 17:59:44.511 [main] results - Extracted JDBC value [7] - [2018-07-13]
[DEBUG] 2026-10-10 17:59:44.511 [main] results - Extracted JDBC value [8] - [Once you cast Omniscience, if it's your turn, you'll have priority immediately after it resolves.  You can cast another spell before any player can attempt to remove Omniscience with spells or abilities.]
[DEBUG] 2026-10-10 17:59:44.511 [main] entity - (EntityJoinedFetchInitializer) Done materializing entityInstance : com.magMan.entity.Card.rulings.{element}#6
[DEBUG] 2026-10-10 17:59:44.511 [main] collection - (BagInitializer) Reading element from row for collection [com.magMan.entity.Card.rulings#6] -> org.hibernate.collection.spi.PersistentBag@1722528506
[DEBUG] 2026-10-10 17:59:44.511 [main] loading - Calling top-level assembler (0 / 1) : org.hibernate.sql.results.graph.entity.internal.EntityAssembler@7d4da729
[DEBUG] 2026-10-10 17:59:44.511 [main] ResultsHelper - Collection fully initialized: [com.magMan.entity.Card.rulings#6]
[DEBUG] 2026-10-10 17:59:44.511 [main] entity - (EntitySelectFetchInitializer) Entity [com.magMan.entity.Ruling(11904596545004).card#6] : 6 has being loaded by session.internalLoad.
[DEBUG] 2026-10-10 17:59:44.511 [main] results - Extracted JDBC value [2] - [2018-07-13]
[DEBUG] 2026-10-10 17:59:44.512 [main] results - Extracted JDBC value [3] - [If a spell has X in its mana cost, you must choose 0 as the value of X when casting it without paying its mana cost.]
[DEBUG] 2026-10-10 17:59:44.512 [main] entity - (EntityResultInitializer) Done materializing entityInstance : com.magMan.entity.Ruling(11904596545004)#3
[DEBUG] 2026-10-10 17:59:44.512 [main] loading - Calling top-level assembler (0 / 1) : org.hibernate.sql.results.graph.entity.internal.EntityAssembler@11582db6
[DEBUG] 2026-10-10 17:59:44.512 [main] results - Extracted JDBC value [0] - [4]
[DEBUG] 2026-10-10 17:59:44.512 [main] entity - (EntityResultInitializer) Hydrated EntityKey (com.magMan.entity.Ruling(11904596545004)): 4
[DEBUG] 2026-10-10 17:59:44.512 [main] entity - (EntityResultInitializer) Created new entity instance [com.magMan.entity.Ruling(11904596545004)#4] : 1266568468
[DEBUG] 2026-10-10 17:59:44.520 [main] results - Extracted JDBC value [1] - [7]
[DEBUG] 2026-10-10 17:59:44.520 [main] entity - (EntitySelectFetchInitializer) Invoking session#internalLoad for entity (com.magMan.entity.Ruling(11904596545004).card#7) : 7
[DEBUG] 2026-10-10 17:59:44.520 [main] exec - Skipping reading Query result cache data: cache-enabled = false, cache-mode = IGNORE
[DEBUG] 2026-10-10 17:59:44.521 [main] results - Initializer list:
	  com.magMan.entity.Card -> EntityResultInitializer(com.magMan.entity.Card)@1895373539 (SingleTableEntityPersister(com.magMan.entity.Card))
	  com.magMan.entity.Card.rulings -> BagInitializer(com.magMan.entity.Card.rulings)@1612554042 (PluralAttribute(com.magMan.entity.Card.rulings))
	  com.magMan.entity.Card.rulings.{element} -> EntityJoinedFetchInitializer(com.magMan.entity.Card.rulings.{element})@1546272524 (EntityCollectionPart(com.magMan.entity.Card.rulings#{element})@892626202)

[DEBUG] 2026-10-10 17:59:44.521 [main] SQL - select c1_0.id,c1_0.cardCmc,c1_0.cardName,c1_0.cardQuantity,c1_0.cardType,r1_0.card_id,r1_0.id,r1_0.ruling_date,r1_0.ruling_text from cards c1_0 left join rulings r1_0 on c1_0.id=r1_0.card_id where c1_0.id=?
[DEBUG] 2026-10-10 17:59:44.523 [main] results - Extracted JDBC value [6] - [4]
[DEBUG] 2026-10-10 17:59:44.523 [main] entity - (EntityJoinedFetchInitializer) Hydrated EntityKey (com.magMan.entity.Card.rulings.{element}): 4
[DEBUG] 2026-10-10 17:59:44.523 [main] entity - (EntityResultInitializer) Hydrated EntityKey (com.magMan.entity.Card): 7
[DEBUG] 2026-10-10 17:59:44.523 [main] results - Extracted JDBC value [0] - [7]
[DEBUG] 2026-10-10 17:59:44.524 [main] collection - (BagInitializer) Current row collection key : com.magMan.entity.Card.rulings#7
[DEBUG] 2026-10-10 17:59:44.524 [main] results - Extracted JDBC value [5] - [7]
[DEBUG] 2026-10-10 17:59:44.524 [main] entity - (EntityResultInitializer) Created new entity instance [com.magMan.entity.Card#7] : 1429830933
[DEBUG] 2026-10-10 17:59:44.524 [main] collection - (BagInitializer) Created new collection wrapper [com.magMan.entity.Card.rulings#7] : org.hibernate.collection.spi.PersistentBag@1580600379
[DEBUG] 2026-10-10 17:59:44.524 [main] collection - (BagInitializer) Responsible for loading collection [com.magMan.entity.Card.rulings#7] : org.hibernate.collection.spi.PersistentBag@1580600379
[DEBUG] 2026-10-10 17:59:44.524 [main] collection - (BagInitializer) Reading element from row for collection [com.magMan.entity.Card.rulings#7] -> org.hibernate.collection.spi.PersistentBag@1580600379
[DEBUG] 2026-10-10 17:59:44.524 [main] results - Extracted JDBC value [1] - [4]
[DEBUG] 2026-10-10 17:59:44.524 [main] results - Extracted JDBC value [2] - [Jace, Wielder of Mysteries]
[DEBUG] 2026-10-10 17:59:44.524 [main] results - Extracted JDBC value [3] - [1]
[DEBUG] 2026-10-10 17:59:44.524 [main] results - Extracted JDBC value [4] - [Planeswalker]
[DEBUG] 2026-10-10 17:59:44.524 [main] entity - (EntityResultInitializer) Done materializing entityInstance : com.magMan.entity.Card#7
[DEBUG] 2026-10-10 17:59:44.524 [main] loading - Calling top-level assembler (0 / 1) : org.hibernate.sql.results.graph.entity.internal.EntityAssembler@24ac6fef
[DEBUG] 2026-10-10 17:59:44.525 [main] ResultsHelper - Collection fully initialized: [com.magMan.entity.Card.rulings#7]
[DEBUG] 2026-10-10 17:59:44.525 [main] entity - (EntitySelectFetchInitializer) Entity [com.magMan.entity.Ruling(11904596545004).card#7] : 7 has being loaded by session.internalLoad.
[DEBUG] 2026-10-10 17:59:44.525 [main] results - Extracted JDBC value [2] - [2019-05-03]
[DEBUG] 2026-10-10 17:59:44.525 [main] results - Extracted JDBC value [3] - [If for some reason you can't win the game (because your opponent controls Platinum Angel, for example), you won't lose for having tried to draw a card from a library with no cards in it.  The draw was still replaced.]
[DEBUG] 2026-10-10 17:59:44.525 [main] entity - (EntityResultInitializer) Done materializing entityInstance : com.magMan.entity.Ruling(11904596545004)#4
[DEBUG] 2026-10-10 17:59:44.525 [main] loading - Calling top-level assembler (0 / 1) : org.hibernate.sql.results.graph.entity.internal.EntityAssembler@11582db6
[DEBUG] 2026-10-10 17:59:44.525 [main] results - Extracted JDBC value [0] - [5]
[DEBUG] 2026-10-10 17:59:44.525 [main] entity - (EntityResultInitializer) Hydrated EntityKey (com.magMan.entity.Ruling(11904596545004)): 5
[DEBUG] 2026-10-10 17:59:44.525 [main] loading - Calling top-level assembler (0 / 1) : org.hibernate.sql.results.graph.entity.internal.EntityAssembler@11582db6
[DEBUG] 2026-10-10 17:59:44.525 [main] results - Extracted JDBC value [0] - [6]
[DEBUG] 2026-10-10 17:59:44.525 [main] entity - (EntityResultInitializer) Hydrated EntityKey (com.magMan.entity.Ruling(11904596545004)): 6
[DEBUG] 2026-10-10 17:59:44.526 [main] loading - Calling top-level assembler (0 / 1) : org.hibernate.sql.results.graph.entity.internal.EntityAssembler@11582db6
[DEBUG] 2026-10-10 17:59:44.526 [main] LogicalConnectionManagedImpl - Initiating JDBC connection release from afterTransaction
[DEBUG] 2026-10-10 17:59:44.527 [main] LogicalConnectionManagedImpl - Initiating JDBC connection release from afterTransaction
[DEBUG] 2026-10-10 17:59:44.543 [main] exec - Skipping reading Query result cache data: cache-enabled = false, cache-mode = IGNORE
[DEBUG] 2026-10-10 17:59:44.543 [main] results - Initializer list:
	  com.magMan.entity.Ruling.card.rulings -> SelectEagerCollectionInitializer(com.magMan.entity.Ruling.card.rulings)@1892560818 (PluralAttribute(com.magMan.entity.Card.rulings))
	  com.magMan.entity.Ruling -> EntityResultInitializer(com.magMan.entity.Ruling)@1684572536 (SingleTableEntityPersister(com.magMan.entity.Ruling))
	  com.magMan.entity.Ruling.card -> EntityJoinedFetchInitializer(com.magMan.entity.Ruling.card)@1297242263 (ToOneAttributeMapping(NavigableRole[com.magMan.entity.Ruling.card])@155833159)

[DEBUG] 2026-10-10 17:59:44.544 [main] SQL - select r1_0.id,c1_0.id,c1_0.cardCmc,c1_0.cardName,c1_0.cardQuantity,c1_0.cardType,r1_0.ruling_date,r1_0.ruling_text from rulings r1_0 left join cards c1_0 on c1_0.id=r1_0.card_id where r1_0.id=?
[DEBUG] 2026-10-10 17:59:44.546 [main] results - Extracted JDBC value [1] - [3]
[DEBUG] 2026-10-10 17:59:44.547 [main] entity - (EntityJoinedFetchInitializer) Hydrated EntityKey (com.magMan.entity.Ruling.card): 3
[DEBUG] 2026-10-10 17:59:44.547 [main] entity - (EntityResultInitializer) Hydrated EntityKey (com.magMan.entity.Ruling): 1
[DEBUG] 2026-10-10 17:59:44.547 [main] collection - (SelectEagerCollectionInitializer) Current row collection key : com.magMan.entity.Ruling.card.rulings#3
[DEBUG] 2026-10-10 17:59:44.547 [main] entity - (EntityJoinedFetchInitializer) Created new entity instance [com.magMan.entity.Ruling.card#3] : 1341047172
[DEBUG] 2026-10-10 17:59:44.547 [main] entity - (EntityResultInitializer) Created new entity instance [com.magMan.entity.Ruling#1] : 1577409761
[DEBUG] 2026-10-10 17:59:44.547 [main] results - Extracted JDBC value [2] - [4]
[DEBUG] 2026-10-10 17:59:44.547 [main] results - Extracted JDBC value [3] - [Urza, Lord High Artificer]
[DEBUG] 2026-10-10 17:59:44.547 [main] results - Extracted JDBC value [4] - [1]
[DEBUG] 2026-10-10 17:59:44.547 [main] results - Extracted JDBC value [5] - [Creature]
[DEBUG] 2026-10-10 17:59:44.547 [main] entity - (EntityJoinedFetchInitializer) Done materializing entityInstance : com.magMan.entity.Ruling.card#3
[DEBUG] 2026-10-10 17:59:44.547 [main] results - Extracted JDBC value [6] - [2022-12-08]
[DEBUG] 2026-10-10 17:59:44.548 [main] results - Extracted JDBC value [7] - [If a spell has X in its mana cost, you must choose 0 as the value of X when casting it without paying its mana cost.]
[DEBUG] 2026-10-10 17:59:44.548 [main] entity - (EntityResultInitializer) Done materializing entityInstance : com.magMan.entity.Ruling#1
[DEBUG] 2026-10-10 17:59:44.548 [main] loading - Calling top-level assembler (0 / 1) : org.hibernate.sql.results.graph.entity.internal.EntityAssembler@545f0b6
[DEBUG] 2026-10-10 17:59:44.549 [main] exec - Skipping reading Query result cache data: cache-enabled = false, cache-mode = IGNORE
[DEBUG] 2026-10-10 17:59:44.549 [main] results - Initializer list:
	  com.magMan.entity.Card.rulings.{element}.card -> EntitySelectFetchInitializer(com.magMan.entity.Card.rulings.{element}.card)@1017049979 (ToOneAttributeMapping(NavigableRole[com.magMan.entity.Ruling.card])@155833159)
	  com.magMan.entity.Card.rulings.{element} -> EntityJoinedFetchInitializer(com.magMan.entity.Card.rulings.{element})@1216889437 (EntityCollectionPart(com.magMan.entity.Card.rulings#{element})@892626202)
	  com.magMan.entity.Card.rulings -> BagInitializer(com.magMan.entity.Card.rulings)@1015503057 (PluralAttribute(com.magMan.entity.Card.rulings))

[DEBUG] 2026-10-10 17:59:44.549 [main] SQL - select r1_0.card_id,r1_0.id,r1_0.ruling_date,r1_0.ruling_text from rulings r1_0 where r1_0.card_id=?
[DEBUG] 2026-10-10 17:59:44.550 [main] results - Extracted JDBC value [1] - [1]
[DEBUG] 2026-10-10 17:59:44.550 [main] entity - (EntityJoinedFetchInitializer) Hydrated EntityKey (com.magMan.entity.Card.rulings.{element}): 1
[DEBUG] 2026-10-10 17:59:44.550 [main] results - Extracted JDBC value [0] - [3]
[DEBUG] 2026-10-10 17:59:44.550 [main] collection - (BagInitializer) Current row collection key : com.magMan.entity.Card.rulings#3
[DEBUG] 2026-10-10 17:59:44.550 [main] results - Extracted JDBC value [0] - [3]
[DEBUG] 2026-10-10 17:59:44.550 [main] collection - (BagInitializer) Responsible for loading collection [com.magMan.entity.Card.rulings#3] : org.hibernate.collection.spi.PersistentBag@846778469
[DEBUG] 2026-10-10 17:59:44.550 [main] collection - (BagInitializer) Reading element from row for collection [com.magMan.entity.Card.rulings#3] -> org.hibernate.collection.spi.PersistentBag@846778469
[DEBUG] 2026-10-10 17:59:44.550 [main] loading - Calling top-level assembler (0 / 1) : org.hibernate.sql.results.graph.collection.internal.EagerCollectionAssembler@6be422da
[DEBUG] 2026-10-10 17:59:44.550 [main] results - Extracted JDBC value [1] - [5]
[DEBUG] 2026-10-10 17:59:44.551 [main] entity - (EntityJoinedFetchInitializer) Hydrated EntityKey (com.magMan.entity.Card.rulings.{element}): 5
[DEBUG] 2026-10-10 17:59:44.551 [main] results - Extracted JDBC value [0] - [3]
[DEBUG] 2026-10-10 17:59:44.551 [main] collection - (BagInitializer) Current row collection key : com.magMan.entity.Card.rulings#3
[DEBUG] 2026-10-10 17:59:44.551 [main] results - Extracted JDBC value [0] - [3]
[DEBUG] 2026-10-10 17:59:44.551 [main] entity - (EntityJoinedFetchInitializer) Created new entity instance [com.magMan.entity.Card.rulings.{element}#5] : 576577375
[DEBUG] 2026-10-10 17:59:44.551 [main] results - Extracted JDBC value [0] - [3]
[DEBUG] 2026-10-10 17:59:44.551 [main] entity - (EntitySelectFetchInitializer) Found existing loading entry [com.magMan.entity.Card.rulings.{element}.card#3] - using loading instance
[DEBUG] 2026-10-10 17:59:44.551 [main] collection - (BagInitializer) Found existing loading collection entry [com.magMan.entity.Card.rulings#3]; using loading collection instance - org.hibernate.collection.spi.PersistentBag@846778469
[DEBUG] 2026-10-10 17:59:44.551 [main] collection - (BagInitializer) Responsible for loading collection [com.magMan.entity.Card.rulings#3] : org.hibernate.collection.spi.PersistentBag@846778469
[DEBUG] 2026-10-10 17:59:44.551 [main] results - Extracted JDBC value [2] - [2022-12-08]
[DEBUG] 2026-10-10 17:59:44.551 [main] results - Extracted JDBC value [3] - [You can tap any untapped artifact you control to pay the cost of the mana ability, including an artifact creature you haven't controlled continuously since the beginning of your most recent turn.  Tapping an Equipment this way won't affect its abilities or the equipped creature.]
[DEBUG] 2026-10-10 17:59:44.551 [main] entity - (EntityJoinedFetchInitializer) Done materializing entityInstance : com.magMan.entity.Card.rulings.{element}#5
[DEBUG] 2026-10-10 17:59:44.551 [main] collection - (BagInitializer) Reading element from row for collection [com.magMan.entity.Card.rulings#3] -> org.hibernate.collection.spi.PersistentBag@846778469
[DEBUG] 2026-10-10 17:59:44.551 [main] loading - Calling top-level assembler (0 / 1) : org.hibernate.sql.results.graph.collection.internal.EagerCollectionAssembler@6be422da
[DEBUG] 2026-10-10 17:59:44.551 [main] ResultsHelper - Collection fully initialized: [com.magMan.entity.Card.rulings#3]
[DEBUG] 2026-10-10 17:59:44.552 [main] LogicalConnectionManagedImpl - Initiating JDBC connection release from afterTransaction
[DEBUG] 2026-10-10 17:59:44.553 [main] LogicalConnectionManagedImpl - Initiating JDBC connection release from afterTransaction
[DEBUG] 2026-10-10 17:59:44.553 [main] exec - Skipping reading Query result cache data: cache-enabled = false, cache-mode = IGNORE
[DEBUG] 2026-10-10 17:59:44.553 [main] results - Initializer list:
	  com.magMan.entity.Ruling.card.rulings -> SelectEagerCollectionInitializer(com.magMan.entity.Ruling.card.rulings)@1363574841 (PluralAttribute(com.magMan.entity.Card.rulings))
	  com.magMan.entity.Ruling -> EntityResultInitializer(com.magMan.entity.Ruling)@493177695 (SingleTableEntityPersister(com.magMan.entity.Ruling))
	  com.magMan.entity.Ruling.card -> EntityJoinedFetchInitializer(com.magMan.entity.Ruling.card)@1465731291 (ToOneAttributeMapping(NavigableRole[com.magMan.entity.Ruling.card])@155833159)

[DEBUG] 2026-10-10 17:59:44.553 [main] SQL - select r1_0.id,c1_0.id,c1_0.cardCmc,c1_0.cardName,c1_0.cardQuantity,c1_0.cardType,r1_0.ruling_date,r1_0.ruling_text from rulings r1_0 left join cards c1_0 on c1_0.id=r1_0.card_id where r1_0.id=?
[DEBUG] 2026-10-10 17:59:44.554 [main] results - Extracted JDBC value [1] - [5]
[DEBUG] 2026-10-10 17:59:44.554 [main] entity - (EntityJoinedFetchInitializer) Hydrated EntityKey (com.magMan.entity.Ruling.card): 5
[DEBUG] 2026-10-10 17:59:44.554 [main] entity - (EntityResultInitializer) Hydrated EntityKey (com.magMan.entity.Ruling): 2
[DEBUG] 2026-10-10 17:59:44.554 [main] collection - (SelectEagerCollectionInitializer) Current row collection key : com.magMan.entity.Ruling.card.rulings#5
[DEBUG] 2026-10-10 17:59:44.554 [main] entity - (EntityJoinedFetchInitializer) Created new entity instance [com.magMan.entity.Ruling.card#5] : 709955086
[DEBUG] 2026-10-10 17:59:44.554 [main] entity - (EntityResultInitializer) Created new entity instance [com.magMan.entity.Ruling#2] : 137453130
[DEBUG] 2026-10-10 17:59:44.555 [main] results - Extracted JDBC value [2] - [3]
[DEBUG] 2026-10-10 17:59:44.555 [main] results - Extracted JDBC value [3] - [Tinker]
[DEBUG] 2026-10-10 17:59:44.555 [main] results - Extracted JDBC value [4] - [10]
[DEBUG] 2026-10-10 17:59:44.555 [main] results - Extracted JDBC value [5] - [Sorcery]
[DEBUG] 2026-10-10 17:59:44.555 [main] entity - (EntityJoinedFetchInitializer) Done materializing entityInstance : com.magMan.entity.Ruling.card#5
[DEBUG] 2026-10-10 17:59:44.555 [main] results - Extracted JDBC value [6] - [2004-10-04]
[DEBUG] 2026-10-10 17:59:44.555 [main] results - Extracted JDBC value [7] - [Because the "search" requires you to find a card with certain characteristics, you don't have to find the card if you don't want to.]
[DEBUG] 2026-10-10 17:59:44.555 [main] entity - (EntityResultInitializer) Done materializing entityInstance : com.magMan.entity.Ruling#2
[DEBUG] 2026-10-10 17:59:44.555 [main] loading - Calling top-level assembler (0 / 1) : org.hibernate.sql.results.graph.entity.internal.EntityAssembler@22ff11ef
[DEBUG] 2026-10-10 17:59:44.555 [main] exec - Skipping reading Query result cache data: cache-enabled = false, cache-mode = IGNORE
[DEBUG] 2026-10-10 17:59:44.556 [main] results - Initializer list:
	  com.magMan.entity.Card.rulings.{element}.card -> EntitySelectFetchInitializer(com.magMan.entity.Card.rulings.{element}.card)@8149696 (ToOneAttributeMapping(NavigableRole[com.magMan.entity.Ruling.card])@155833159)
	  com.magMan.entity.Card.rulings.{element} -> EntityJoinedFetchInitializer(com.magMan.entity.Card.rulings.{element})@37590923 (EntityCollectionPart(com.magMan.entity.Card.rulings#{element})@892626202)
	  com.magMan.entity.Card.rulings -> BagInitializer(com.magMan.entity.Card.rulings)@1022823162 (PluralAttribute(com.magMan.entity.Card.rulings))

[DEBUG] 2026-10-10 17:59:44.556 [main] SQL - select r1_0.card_id,r1_0.id,r1_0.ruling_date,r1_0.ruling_text from rulings r1_0 where r1_0.card_id=?
[DEBUG] 2026-10-10 17:59:44.558 [main] results - Extracted JDBC value [1] - [2]
[DEBUG] 2026-10-10 17:59:44.558 [main] entity - (EntityJoinedFetchInitializer) Hydrated EntityKey (com.magMan.entity.Card.rulings.{element}): 2
[DEBUG] 2026-10-10 17:59:44.558 [main] results - Extracted JDBC value [0] - [5]
[DEBUG] 2026-10-10 17:59:44.558 [main] collection - (BagInitializer) Current row collection key : com.magMan.entity.Card.rulings#5
[DEBUG] 2026-10-10 17:59:44.558 [main] results - Extracted JDBC value [0] - [5]
[DEBUG] 2026-10-10 17:59:44.558 [main] collection - (BagInitializer) Responsible for loading collection [com.magMan.entity.Card.rulings#5] : org.hibernate.collection.spi.PersistentBag@1325269327
[DEBUG] 2026-10-10 17:59:44.558 [main] collection - (BagInitializer) Reading element from row for collection [com.magMan.entity.Card.rulings#5] -> org.hibernate.collection.spi.PersistentBag@1325269327
[DEBUG] 2026-10-10 17:59:44.558 [main] loading - Calling top-level assembler (0 / 1) : org.hibernate.sql.results.graph.collection.internal.EagerCollectionAssembler@4b511e61
[DEBUG] 2026-10-10 17:59:44.559 [main] ResultsHelper - Collection fully initialized: [com.magMan.entity.Card.rulings#5]
[DEBUG] 2026-10-10 17:59:44.559 [main] LogicalConnectionManagedImpl - Initiating JDBC connection release from afterTransaction
[DEBUG] 2026-10-10 17:59:44.559 [main] LogicalConnectionManagedImpl - Initiating JDBC connection release from afterTransaction
[DEBUG] 2026-10-10 17:59:44.560 [main] exec - Skipping reading Query result cache data: cache-enabled = false, cache-mode = IGNORE
[DEBUG] 2026-10-10 17:59:44.560 [main] results - Initializer list:
	  com.magMan.entity.Ruling.card.rulings -> SelectEagerCollectionInitializer(com.magMan.entity.Ruling.card.rulings)@1957118064 (PluralAttribute(com.magMan.entity.Card.rulings))
	  com.magMan.entity.Ruling -> EntityResultInitializer(com.magMan.entity.Ruling)@1818827263 (SingleTableEntityPersister(com.magMan.entity.Ruling))
	  com.magMan.entity.Ruling.card -> EntityJoinedFetchInitializer(com.magMan.entity.Ruling.card)@1575171535 (ToOneAttributeMapping(NavigableRole[com.magMan.entity.Ruling.card])@155833159)

[DEBUG] 2026-10-10 17:59:44.560 [main] SQL - select r1_0.id,c1_0.id,c1_0.cardCmc,c1_0.cardName,c1_0.cardQuantity,c1_0.cardType,r1_0.ruling_date,r1_0.ruling_text from rulings r1_0 left join cards c1_0 on c1_0.id=r1_0.card_id where r1_0.id=?
[DEBUG] 2026-10-10 17:59:44.561 [main] results - Extracted JDBC value [1] - [6]
[DEBUG] 2026-10-10 17:59:44.561 [main] entity - (EntityJoinedFetchInitializer) Hydrated EntityKey (com.magMan.entity.Ruling.card): 6
[DEBUG] 2026-10-10 17:59:44.561 [main] entity - (EntityResultInitializer) Hydrated EntityKey (com.magMan.entity.Ruling): 3
[DEBUG] 2026-10-10 17:59:44.562 [main] collection - (SelectEagerCollectionInitializer) Current row collection key : com.magMan.entity.Ruling.card.rulings#6
[DEBUG] 2026-10-10 17:59:44.562 [main] entity - (EntityJoinedFetchInitializer) Created new entity instance [com.magMan.entity.Ruling.card#6] : 208108926
[DEBUG] 2026-10-10 17:59:44.562 [main] entity - (EntityResultInitializer) Created new entity instance [com.magMan.entity.Ruling#3] : 559546980
[DEBUG] 2026-10-10 17:59:44.562 [main] results - Extracted JDBC value [2] - [10]
[DEBUG] 2026-10-10 17:59:44.562 [main] results - Extracted JDBC value [3] - [Omniscience]
[DEBUG] 2026-10-10 17:59:44.562 [main] results - Extracted JDBC value [4] - [2]
[DEBUG] 2026-10-10 17:59:44.562 [main] results - Extracted JDBC value [5] - [Enchantment]
[DEBUG] 2026-10-10 17:59:44.562 [main] entity - (EntityJoinedFetchInitializer) Done materializing entityInstance : com.magMan.entity.Ruling.card#6
[DEBUG] 2026-10-10 17:59:44.563 [main] results - Extracted JDBC value [6] - [2018-07-13]
[DEBUG] 2026-10-10 17:59:44.563 [main] results - Extracted JDBC value [7] - [If a spell has X in its mana cost, you must choose 0 as the value of X when casting it without paying its mana cost.]
[DEBUG] 2026-10-10 17:59:44.563 [main] entity - (EntityResultInitializer) Done materializing entityInstance : com.magMan.entity.Ruling#3
[DEBUG] 2026-10-10 17:59:44.563 [main] loading - Calling top-level assembler (0 / 1) : org.hibernate.sql.results.graph.entity.internal.EntityAssembler@103478b8
[DEBUG] 2026-10-10 17:59:44.564 [main] exec - Skipping reading Query result cache data: cache-enabled = false, cache-mode = IGNORE
[DEBUG] 2026-10-10 17:59:44.564 [main] results - Initializer list:
	  com.magMan.entity.Card.rulings.{element}.card -> EntitySelectFetchInitializer(com.magMan.entity.Card.rulings.{element}.card)@655326029 (ToOneAttributeMapping(NavigableRole[com.magMan.entity.Ruling.card])@155833159)
	  com.magMan.entity.Card.rulings.{element} -> EntityJoinedFetchInitializer(com.magMan.entity.Card.rulings.{element})@1454834922 (EntityCollectionPart(com.magMan.entity.Card.rulings#{element})@892626202)
	  com.magMan.entity.Card.rulings -> BagInitializer(com.magMan.entity.Card.rulings)@179622586 (PluralAttribute(com.magMan.entity.Card.rulings))

[DEBUG] 2026-10-10 17:59:44.564 [main] SQL - select r1_0.card_id,r1_0.id,r1_0.ruling_date,r1_0.ruling_text from rulings r1_0 where r1_0.card_id=?
[DEBUG] 2026-10-10 17:59:44.566 [main] results - Extracted JDBC value [1] - [3]
[DEBUG] 2026-10-10 17:59:44.566 [main] entity - (EntityJoinedFetchInitializer) Hydrated EntityKey (com.magMan.entity.Card.rulings.{element}): 3
[DEBUG] 2026-10-10 17:59:44.566 [main] results - Extracted JDBC value [0] - [6]
[DEBUG] 2026-10-10 17:59:44.566 [main] collection - (BagInitializer) Current row collection key : com.magMan.entity.Card.rulings#6
[DEBUG] 2026-10-10 17:59:44.566 [main] results - Extracted JDBC value [0] - [6]
[DEBUG] 2026-10-10 17:59:44.566 [main] collection - (BagInitializer) Responsible for loading collection [com.magMan.entity.Card.rulings#6] : org.hibernate.collection.spi.PersistentBag@1166224261
[DEBUG] 2026-10-10 17:59:44.566 [main] collection - (BagInitializer) Reading element from row for collection [com.magMan.entity.Card.rulings#6] -> org.hibernate.collection.spi.PersistentBag@1166224261
[DEBUG] 2026-10-10 17:59:44.566 [main] loading - Calling top-level assembler (0 / 1) : org.hibernate.sql.results.graph.collection.internal.EagerCollectionAssembler@351c6341
[DEBUG] 2026-10-10 17:59:44.567 [main] results - Extracted JDBC value [1] - [6]
[DEBUG] 2026-10-10 17:59:44.567 [main] entity - (EntityJoinedFetchInitializer) Hydrated EntityKey (com.magMan.entity.Card.rulings.{element}): 6
[DEBUG] 2026-10-10 17:59:44.567 [main] results - Extracted JDBC value [0] - [6]
[DEBUG] 2026-10-10 17:59:44.567 [main] collection - (BagInitializer) Current row collection key : com.magMan.entity.Card.rulings#6
[DEBUG] 2026-10-10 17:59:44.567 [main] results - Extracted JDBC value [0] - [6]
[DEBUG] 2026-10-10 17:59:44.570 [main] entity - (EntityJoinedFetchInitializer) Created new entity instance [com.magMan.entity.Card.rulings.{element}#6] : 839291796
[DEBUG] 2026-10-10 17:59:44.570 [main] results - Extracted JDBC value [0] - [6]
[DEBUG] 2026-10-10 17:59:44.570 [main] entity - (EntitySelectFetchInitializer) Found existing loading entry [com.magMan.entity.Card.rulings.{element}.card#6] - using loading instance
[DEBUG] 2026-10-10 17:59:44.570 [main] collection - (BagInitializer) Found existing loading collection entry [com.magMan.entity.Card.rulings#6]; using loading collection instance - org.hibernate.collection.spi.PersistentBag@1166224261
[DEBUG] 2026-10-10 17:59:44.571 [main] collection - (BagInitializer) Responsible for loading collection [com.magMan.entity.Card.rulings#6] : org.hibernate.collection.spi.PersistentBag@1166224261
[DEBUG] 2026-10-10 17:59:44.571 [main] results - Extracted JDBC value [2] - [2018-07-13]
[DEBUG] 2026-10-10 17:59:44.572 [main] results - Extracted JDBC value [3] - [Once you cast Omniscience, if it's your turn, you'll have priority immediately after it resolves.  You can cast another spell before any player can attempt to remove Omniscience with spells or abilities.]
[DEBUG] 2026-10-10 17:59:44.572 [main] entity - (EntityJoinedFetchInitializer) Done materializing entityInstance : com.magMan.entity.Card.rulings.{element}#6
[DEBUG] 2026-10-10 17:59:44.573 [main] collection - (BagInitializer) Reading element from row for collection [com.magMan.entity.Card.rulings#6] -> org.hibernate.collection.spi.PersistentBag@1166224261
[DEBUG] 2026-10-10 17:59:44.573 [main] loading - Calling top-level assembler (0 / 1) : org.hibernate.sql.results.graph.collection.internal.EagerCollectionAssembler@351c6341
[DEBUG] 2026-10-10 17:59:44.573 [main] ResultsHelper - Collection fully initialized: [com.magMan.entity.Card.rulings#6]
[DEBUG] 2026-10-10 17:59:44.573 [main] LogicalConnectionManagedImpl - Initiating JDBC connection release from afterTransaction
[DEBUG] 2026-10-10 17:59:44.575 [main] LogicalConnectionManagedImpl - Initiating JDBC connection release from afterTransaction
[DEBUG] 2026-10-10 17:59:44.576 [main] exec - Skipping reading Query result cache data: cache-enabled = false, cache-mode = IGNORE
[DEBUG] 2026-10-10 17:59:44.577 [main] results - Initializer list:
	  com.magMan.entity.Ruling.card.rulings -> SelectEagerCollectionInitializer(com.magMan.entity.Ruling.card.rulings)@1883380232 (PluralAttribute(com.magMan.entity.Card.rulings))
	  com.magMan.entity.Ruling -> EntityResultInitializer(com.magMan.entity.Ruling)@1572487132 (SingleTableEntityPersister(com.magMan.entity.Ruling))
	  com.magMan.entity.Ruling.card -> EntityJoinedFetchInitializer(com.magMan.entity.Ruling.card)@199907649 (ToOneAttributeMapping(NavigableRole[com.magMan.entity.Ruling.card])@155833159)

[DEBUG] 2026-10-10 17:59:44.577 [main] SQL - select r1_0.id,c1_0.id,c1_0.cardCmc,c1_0.cardName,c1_0.cardQuantity,c1_0.cardType,r1_0.ruling_date,r1_0.ruling_text from rulings r1_0 left join cards c1_0 on c1_0.id=r1_0.card_id where r1_0.id=?
[DEBUG] 2026-10-10 17:59:44.579 [main] results - Extracted JDBC value [1] - [7]
[DEBUG] 2026-10-10 17:59:44.579 [main] entity - (EntityJoinedFetchInitializer) Hydrated EntityKey (com.magMan.entity.Ruling.card): 7
[DEBUG] 2026-10-10 17:59:44.579 [main] entity - (EntityResultInitializer) Hydrated EntityKey (com.magMan.entity.Ruling): 4
[DEBUG] 2026-10-10 17:59:44.579 [main] collection - (SelectEagerCollectionInitializer) Current row collection key : com.magMan.entity.Ruling.card.rulings#7
[DEBUG] 2026-10-10 17:59:44.579 [main] entity - (EntityJoinedFetchInitializer) Created new entity instance [com.magMan.entity.Ruling.card#7] : 1254157669
[DEBUG] 2026-10-10 17:59:44.579 [main] entity - (EntityResultInitializer) Created new entity instance [com.magMan.entity.Ruling#4] : 1551660539
[DEBUG] 2026-10-10 17:59:44.579 [main] results - Extracted JDBC value [2] - [4]
[DEBUG] 2026-10-10 17:59:44.579 [main] results - Extracted JDBC value [3] - [Jace, Wielder of Mysteries]
[DEBUG] 2026-10-10 17:59:44.579 [main] results - Extracted JDBC value [4] - [1]
[DEBUG] 2026-10-10 17:59:44.580 [main] results - Extracted JDBC value [5] - [Planeswalker]
[DEBUG] 2026-10-10 17:59:44.580 [main] entity - (EntityJoinedFetchInitializer) Done materializing entityInstance : com.magMan.entity.Ruling.card#7
[DEBUG] 2026-10-10 17:59:44.580 [main] results - Extracted JDBC value [6] - [2019-05-03]
[DEBUG] 2026-10-10 17:59:44.581 [main] results - Extracted JDBC value [7] - [If for some reason you can't win the game (because your opponent controls Platinum Angel, for example), you won't lose for having tried to draw a card from a library with no cards in it.  The draw was still replaced.]
[DEBUG] 2026-10-10 17:59:44.581 [main] entity - (EntityResultInitializer) Done materializing entityInstance : com.magMan.entity.Ruling#4
[DEBUG] 2026-10-10 17:59:44.581 [main] loading - Calling top-level assembler (0 / 1) : org.hibernate.sql.results.graph.entity.internal.EntityAssembler@4adcc981
[DEBUG] 2026-10-10 17:59:44.582 [main] exec - Skipping reading Query result cache data: cache-enabled = false, cache-mode = IGNORE
[DEBUG] 2026-10-10 17:59:44.582 [main] results - Initializer list:
	  com.magMan.entity.Card.rulings.{element}.card -> EntitySelectFetchInitializer(com.magMan.entity.Card.rulings.{element}.card)@121286266 (ToOneAttributeMapping(NavigableRole[com.magMan.entity.Ruling.card])@155833159)
	  com.magMan.entity.Card.rulings.{element} -> EntityJoinedFetchInitializer(com.magMan.entity.Card.rulings.{element})@945213643 (EntityCollectionPart(com.magMan.entity.Card.rulings#{element})@892626202)
	  com.magMan.entity.Card.rulings -> BagInitializer(com.magMan.entity.Card.rulings)@556094301 (PluralAttribute(com.magMan.entity.Card.rulings))

[DEBUG] 2026-10-10 17:59:44.582 [main] SQL - select r1_0.card_id,r1_0.id,r1_0.ruling_date,r1_0.ruling_text from rulings r1_0 where r1_0.card_id=?
[DEBUG] 2026-10-10 17:59:44.583 [main] results - Extracted JDBC value [1] - [4]
[DEBUG] 2026-10-10 17:59:44.584 [main] entity - (EntityJoinedFetchInitializer) Hydrated EntityKey (com.magMan.entity.Card.rulings.{element}): 4
[DEBUG] 2026-10-10 17:59:44.584 [main] results - Extracted JDBC value [0] - [7]
[DEBUG] 2026-10-10 17:59:44.584 [main] collection - (BagInitializer) Current row collection key : com.magMan.entity.Card.rulings#7
[DEBUG] 2026-10-10 17:59:44.584 [main] results - Extracted JDBC value [0] - [7]
[DEBUG] 2026-10-10 17:59:44.584 [main] collection - (BagInitializer) Responsible for loading collection [com.magMan.entity.Card.rulings#7] : org.hibernate.collection.spi.PersistentBag@1922920162
[DEBUG] 2026-10-10 17:59:44.584 [main] collection - (BagInitializer) Reading element from row for collection [com.magMan.entity.Card.rulings#7] -> org.hibernate.collection.spi.PersistentBag@1922920162
[DEBUG] 2026-10-10 17:59:44.584 [main] loading - Calling top-level assembler (0 / 1) : org.hibernate.sql.results.graph.collection.internal.EagerCollectionAssembler@514dc5f4
[DEBUG] 2026-10-10 17:59:44.584 [main] ResultsHelper - Collection fully initialized: [com.magMan.entity.Card.rulings#7]
[DEBUG] 2026-10-10 17:59:44.585 [main] LogicalConnectionManagedImpl - Initiating JDBC connection release from afterTransaction
[DEBUG] 2026-10-10 17:59:44.585 [main] LogicalConnectionManagedImpl - Initiating JDBC connection release from afterTransaction
[DEBUG] 2026-10-10 17:59:44.586 [main] exec - Skipping reading Query result cache data: cache-enabled = false, cache-mode = IGNORE
[DEBUG] 2026-10-10 17:59:44.586 [main] results - Initializer list:
	  com.magMan.entity.Ruling.card.rulings -> SelectEagerCollectionInitializer(com.magMan.entity.Ruling.card.rulings)@1664750059 (PluralAttribute(com.magMan.entity.Card.rulings))
	  com.magMan.entity.Ruling -> EntityResultInitializer(com.magMan.entity.Ruling)@2049210129 (SingleTableEntityPersister(com.magMan.entity.Ruling))
	  com.magMan.entity.Ruling.card -> EntityJoinedFetchInitializer(com.magMan.entity.Ruling.card)@1225830367 (ToOneAttributeMapping(NavigableRole[com.magMan.entity.Ruling.card])@155833159)

[DEBUG] 2026-10-10 17:59:44.586 [main] SQL - select r1_0.id,c1_0.id,c1_0.cardCmc,c1_0.cardName,c1_0.cardQuantity,c1_0.cardType,r1_0.ruling_date,r1_0.ruling_text from rulings r1_0 left join cards c1_0 on c1_0.id=r1_0.card_id where r1_0.id=?
[DEBUG] 2026-10-10 17:59:44.589 [main] results - Extracted JDBC value [1] - [3]
[DEBUG] 2026-10-10 17:59:44.590 [main] entity - (EntityJoinedFetchInitializer) Hydrated EntityKey (com.magMan.entity.Ruling.card): 3
[DEBUG] 2026-10-10 17:59:44.590 [main] entity - (EntityResultInitializer) Hydrated EntityKey (com.magMan.entity.Ruling): 5
[DEBUG] 2026-10-10 17:59:44.590 [main] collection - (SelectEagerCollectionInitializer) Current row collection key : com.magMan.entity.Ruling.card.rulings#3
[DEBUG] 2026-10-10 17:59:44.590 [main] entity - (EntityJoinedFetchInitializer) Created new entity instance [com.magMan.entity.Ruling.card#3] : 966541452
[DEBUG] 2026-10-10 17:59:44.590 [main] entity - (EntityResultInitializer) Created new entity instance [com.magMan.entity.Ruling#5] : 160572332
[DEBUG] 2026-10-10 17:59:44.590 [main] results - Extracted JDBC value [2] - [4]
[DEBUG] 2026-10-10 17:59:44.590 [main] results - Extracted JDBC value [3] - [Urza, Lord High Artificer]
[DEBUG] 2026-10-10 17:59:44.590 [main] results - Extracted JDBC value [4] - [1]
[DEBUG] 2026-10-10 17:59:44.590 [main] results - Extracted JDBC value [5] - [Creature]
[DEBUG] 2026-10-10 17:59:44.591 [main] entity - (EntityJoinedFetchInitializer) Done materializing entityInstance : com.magMan.entity.Ruling.card#3
[DEBUG] 2026-10-10 17:59:44.591 [main] results - Extracted JDBC value [6] - [2022-12-08]
[DEBUG] 2026-10-10 17:59:44.591 [main] results - Extracted JDBC value [7] - [You can tap any untapped artifact you control to pay the cost of the mana ability, including an artifact creature you haven't controlled continuously since the beginning of your most recent turn.  Tapping an Equipment this way won't affect its abilities or the equipped creature.]
[DEBUG] 2026-10-10 17:59:44.591 [main] entity - (EntityResultInitializer) Done materializing entityInstance : com.magMan.entity.Ruling#5
[DEBUG] 2026-10-10 17:59:44.591 [main] loading - Calling top-level assembler (0 / 1) : org.hibernate.sql.results.graph.entity.internal.EntityAssembler@77a85e76
[DEBUG] 2026-10-10 17:59:44.592 [main] exec - Skipping reading Query result cache data: cache-enabled = false, cache-mode = IGNORE
[DEBUG] 2026-10-10 17:59:44.592 [main] results - Initializer list:
	  com.magMan.entity.Card.rulings.{element}.card -> EntitySelectFetchInitializer(com.magMan.entity.Card.rulings.{element}.card)@753661999 (ToOneAttributeMapping(NavigableRole[com.magMan.entity.Ruling.card])@155833159)
	  com.magMan.entity.Card.rulings.{element} -> EntityJoinedFetchInitializer(com.magMan.entity.Card.rulings.{element})@888942941 (EntityCollectionPart(com.magMan.entity.Card.rulings#{element})@892626202)
	  com.magMan.entity.Card.rulings -> BagInitializer(com.magMan.entity.Card.rulings)@55527633 (PluralAttribute(com.magMan.entity.Card.rulings))

[DEBUG] 2026-10-10 17:59:44.592 [main] SQL - select r1_0.card_id,r1_0.id,r1_0.ruling_date,r1_0.ruling_text from rulings r1_0 where r1_0.card_id=?
[DEBUG] 2026-10-10 17:59:44.594 [main] results - Extracted JDBC value [1] - [1]
[DEBUG] 2026-10-10 17:59:44.594 [main] entity - (EntityJoinedFetchInitializer) Hydrated EntityKey (com.magMan.entity.Card.rulings.{element}): 1
[DEBUG] 2026-10-10 17:59:44.596 [main] results - Extracted JDBC value [0] - [3]
[DEBUG] 2026-10-10 17:59:44.596 [main] collection - (BagInitializer) Current row collection key : com.magMan.entity.Card.rulings#3
[DEBUG] 2026-10-10 17:59:44.596 [main] results - Extracted JDBC value [0] - [3]
[DEBUG] 2026-10-10 17:59:44.596 [main] entity - (EntityJoinedFetchInitializer) Created new entity instance [com.magMan.entity.Card.rulings.{element}#1] : 1471145035
[DEBUG] 2026-10-10 17:59:44.596 [main] results - Extracted JDBC value [0] - [3]
[DEBUG] 2026-10-10 17:59:44.596 [main] entity - (EntitySelectFetchInitializer) Found existing loading entry [com.magMan.entity.Card.rulings.{element}.card#3] - using loading instance
[DEBUG] 2026-10-10 17:59:44.596 [main] collection - (BagInitializer) Responsible for loading collection [com.magMan.entity.Card.rulings#3] : org.hibernate.collection.spi.PersistentBag@1247783800
[DEBUG] 2026-10-10 17:59:44.596 [main] results - Extracted JDBC value [2] - [2022-12-08]
[DEBUG] 2026-10-10 17:59:44.596 [main] results - Extracted JDBC value [3] - [If a spell has X in its mana cost, you must choose 0 as the value of X when casting it without paying its mana cost.]
[DEBUG] 2026-10-10 17:59:44.597 [main] entity - (EntityJoinedFetchInitializer) Done materializing entityInstance : com.magMan.entity.Card.rulings.{element}#1
[DEBUG] 2026-10-10 17:59:44.597 [main] collection - (BagInitializer) Reading element from row for collection [com.magMan.entity.Card.rulings#3] -> org.hibernate.collection.spi.PersistentBag@1247783800
[DEBUG] 2026-10-10 17:59:44.597 [main] loading - Calling top-level assembler (0 / 1) : org.hibernate.sql.results.graph.collection.internal.EagerCollectionAssembler@18887028
[DEBUG] 2026-10-10 17:59:44.597 [main] results - Extracted JDBC value [1] - [5]
[DEBUG] 2026-10-10 17:59:44.597 [main] entity - (EntityJoinedFetchInitializer) Hydrated EntityKey (com.magMan.entity.Card.rulings.{element}): 5
[DEBUG] 2026-10-10 17:59:44.597 [main] results - Extracted JDBC value [0] - [3]
[DEBUG] 2026-10-10 17:59:44.597 [main] collection - (BagInitializer) Current row collection key : com.magMan.entity.Card.rulings#3
[DEBUG] 2026-10-10 17:59:44.597 [main] results - Extracted JDBC value [0] - [3]
[DEBUG] 2026-10-10 17:59:44.597 [main] collection - (BagInitializer) Found existing loading collection entry [com.magMan.entity.Card.rulings#3]; using loading collection instance - org.hibernate.collection.spi.PersistentBag@1247783800
[DEBUG] 2026-10-10 17:59:44.597 [main] collection - (BagInitializer) Responsible for loading collection [com.magMan.entity.Card.rulings#3] : org.hibernate.collection.spi.PersistentBag@1247783800
[DEBUG] 2026-10-10 17:59:44.597 [main] collection - (BagInitializer) Reading element from row for collection [com.magMan.entity.Card.rulings#3] -> org.hibernate.collection.spi.PersistentBag@1247783800
[DEBUG] 2026-10-10 17:59:44.597 [main] loading - Calling top-level assembler (0 / 1) : org.hibernate.sql.results.graph.collection.internal.EagerCollectionAssembler@18887028
[DEBUG] 2026-10-10 17:59:44.597 [main] ResultsHelper - Collection fully initialized: [com.magMan.entity.Card.rulings#3]
[DEBUG] 2026-10-10 17:59:44.598 [main] LogicalConnectionManagedImpl - Initiating JDBC connection release from afterTransaction
[DEBUG] 2026-10-10 17:59:44.600 [main] LogicalConnectionManagedImpl - Initiating JDBC connection release from afterTransaction
[DEBUG] 2026-10-10 17:59:44.600 [main] exec - Skipping reading Query result cache data: cache-enabled = false, cache-mode = IGNORE
[DEBUG] 2026-10-10 17:59:44.601 [main] results - Initializer list:
	  com.magMan.entity.Ruling.card.rulings -> SelectEagerCollectionInitializer(com.magMan.entity.Ruling.card.rulings)@687394350 (PluralAttribute(com.magMan.entity.Card.rulings))
	  com.magMan.entity.Ruling -> EntityResultInitializer(com.magMan.entity.Ruling)@738867238 (SingleTableEntityPersister(com.magMan.entity.Ruling))
	  com.magMan.entity.Ruling.card -> EntityJoinedFetchInitializer(com.magMan.entity.Ruling.card)@78580816 (ToOneAttributeMapping(NavigableRole[com.magMan.entity.Ruling.card])@155833159)

[DEBUG] 2026-10-10 17:59:44.601 [main] SQL - select r1_0.id,c1_0.id,c1_0.cardCmc,c1_0.cardName,c1_0.cardQuantity,c1_0.cardType,r1_0.ruling_date,r1_0.ruling_text from rulings r1_0 left join cards c1_0 on c1_0.id=r1_0.card_id where r1_0.id=?
[DEBUG] 2026-10-10 17:59:44.605 [main] results - Extracted JDBC value [1] - [6]
[DEBUG] 2026-10-10 17:59:44.605 [main] entity - (EntityJoinedFetchInitializer) Hydrated EntityKey (com.magMan.entity.Ruling.card): 6
[DEBUG] 2026-10-10 17:59:44.605 [main] entity - (EntityResultInitializer) Hydrated EntityKey (com.magMan.entity.Ruling): 6
[DEBUG] 2026-10-10 17:59:44.605 [main] collection - (SelectEagerCollectionInitializer) Current row collection key : com.magMan.entity.Ruling.card.rulings#6
[DEBUG] 2026-10-10 17:59:44.605 [main] entity - (EntityJoinedFetchInitializer) Created new entity instance [com.magMan.entity.Ruling.card#6] : 1303192419
[DEBUG] 2026-10-10 17:59:44.606 [main] entity - (EntityResultInitializer) Created new entity instance [com.magMan.entity.Ruling#6] : 290137108
[DEBUG] 2026-10-10 17:59:44.606 [main] results - Extracted JDBC value [2] - [10]
[DEBUG] 2026-10-10 17:59:44.606 [main] results - Extracted JDBC value [3] - [Omniscience]
[DEBUG] 2026-10-10 17:59:44.606 [main] results - Extracted JDBC value [4] - [2]
[DEBUG] 2026-10-10 17:59:44.606 [main] results - Extracted JDBC value [5] - [Enchantment]
[DEBUG] 2026-10-10 17:59:44.606 [main] entity - (EntityJoinedFetchInitializer) Done materializing entityInstance : com.magMan.entity.Ruling.card#6
[DEBUG] 2026-10-10 17:59:44.607 [main] results - Extracted JDBC value [6] - [2018-07-13]
[DEBUG] 2026-10-10 17:59:44.607 [main] results - Extracted JDBC value [7] - [Once you cast Omniscience, if it's your turn, you'll have priority immediately after it resolves.  You can cast another spell before any player can attempt to remove Omniscience with spells or abilities.]
[DEBUG] 2026-10-10 17:59:44.607 [main] entity - (EntityResultInitializer) Done materializing entityInstance : com.magMan.entity.Ruling#6
[DEBUG] 2026-10-10 17:59:44.607 [main] loading - Calling top-level assembler (0 / 1) : org.hibernate.sql.results.graph.entity.internal.EntityAssembler@465d1345
[DEBUG] 2026-10-10 17:59:44.608 [main] exec - Skipping reading Query result cache data: cache-enabled = false, cache-mode = IGNORE
[DEBUG] 2026-10-10 17:59:44.608 [main] results - Initializer list:
	  com.magMan.entity.Card.rulings.{element}.card -> EntitySelectFetchInitializer(com.magMan.entity.Card.rulings.{element}.card)@1657767638 (ToOneAttributeMapping(NavigableRole[com.magMan.entity.Ruling.card])@155833159)
	  com.magMan.entity.Card.rulings.{element} -> EntityJoinedFetchInitializer(com.magMan.entity.Card.rulings.{element})@711750943 (EntityCollectionPart(com.magMan.entity.Card.rulings#{element})@892626202)
	  com.magMan.entity.Card.rulings -> BagInitializer(com.magMan.entity.Card.rulings)@1842537555 (PluralAttribute(com.magMan.entity.Card.rulings))

[DEBUG] 2026-10-10 17:59:44.608 [main] SQL - select r1_0.card_id,r1_0.id,r1_0.ruling_date,r1_0.ruling_text from rulings r1_0 where r1_0.card_id=?
[DEBUG] 2026-10-10 17:59:44.610 [main] results - Extracted JDBC value [1] - [3]
[DEBUG] 2026-10-10 17:59:44.610 [main] entity - (EntityJoinedFetchInitializer) Hydrated EntityKey (com.magMan.entity.Card.rulings.{element}): 3
[DEBUG] 2026-10-10 17:59:44.610 [main] results - Extracted JDBC value [0] - [6]
[DEBUG] 2026-10-10 17:59:44.610 [main] collection - (BagInitializer) Current row collection key : com.magMan.entity.Card.rulings#6
[DEBUG] 2026-10-10 17:59:44.610 [main] results - Extracted JDBC value [0] - [6]
[DEBUG] 2026-10-10 17:59:44.610 [main] entity - (EntityJoinedFetchInitializer) Created new entity instance [com.magMan.entity.Card.rulings.{element}#3] : 1310763397
[DEBUG] 2026-10-10 17:59:44.610 [main] results - Extracted JDBC value [0] - [6]
[DEBUG] 2026-10-10 17:59:44.610 [main] entity - (EntitySelectFetchInitializer) Found existing loading entry [com.magMan.entity.Card.rulings.{element}.card#6] - using loading instance
[DEBUG] 2026-10-10 17:59:44.610 [main] collection - (BagInitializer) Responsible for loading collection [com.magMan.entity.Card.rulings#6] : org.hibernate.collection.spi.PersistentBag@1469189484
[DEBUG] 2026-10-10 17:59:44.612 [main] results - Extracted JDBC value [2] - [2018-07-13]
[DEBUG] 2026-10-10 17:59:44.613 [main] results - Extracted JDBC value [3] - [If a spell has X in its mana cost, you must choose 0 as the value of X when casting it without paying its mana cost.]
[DEBUG] 2026-10-10 17:59:44.613 [main] entity - (EntityJoinedFetchInitializer) Done materializing entityInstance : com.magMan.entity.Card.rulings.{element}#3
[DEBUG] 2026-10-10 17:59:44.613 [main] collection - (BagInitializer) Reading element from row for collection [com.magMan.entity.Card.rulings#6] -> org.hibernate.collection.spi.PersistentBag@1469189484
[DEBUG] 2026-10-10 17:59:44.613 [main] loading - Calling top-level assembler (0 / 1) : org.hibernate.sql.results.graph.collection.internal.EagerCollectionAssembler@56e8a8a0
[DEBUG] 2026-10-10 17:59:44.613 [main] results - Extracted JDBC value [1] - [6]
[DEBUG] 2026-10-10 17:59:44.613 [main] entity - (EntityJoinedFetchInitializer) Hydrated EntityKey (com.magMan.entity.Card.rulings.{element}): 6
[DEBUG] 2026-10-10 17:59:44.613 [main] results - Extracted JDBC value [0] - [6]
[DEBUG] 2026-10-10 17:59:44.613 [main] collection - (BagInitializer) Current row collection key : com.magMan.entity.Card.rulings#6
[DEBUG] 2026-10-10 17:59:44.613 [main] results - Extracted JDBC value [0] - [6]
[DEBUG] 2026-10-10 17:59:44.613 [main] collection - (BagInitializer) Found existing loading collection entry [com.magMan.entity.Card.rulings#6]; using loading collection instance - org.hibernate.collection.spi.PersistentBag@1469189484
[DEBUG] 2026-10-10 17:59:44.613 [main] collection - (BagInitializer) Responsible for loading collection [com.magMan.entity.Card.rulings#6] : org.hibernate.collection.spi.PersistentBag@1469189484
[DEBUG] 2026-10-10 17:59:44.613 [main] collection - (BagInitializer) Reading element from row for collection [com.magMan.entity.Card.rulings#6] -> org.hibernate.collection.spi.PersistentBag@1469189484
[DEBUG] 2026-10-10 17:59:44.613 [main] loading - Calling top-level assembler (0 / 1) : org.hibernate.sql.results.graph.collection.internal.EagerCollectionAssembler@56e8a8a0
[DEBUG] 2026-10-10 17:59:44.614 [main] ResultsHelper - Collection fully initialized: [com.magMan.entity.Card.rulings#6]
[DEBUG] 2026-10-10 17:59:44.614 [main] LogicalConnectionManagedImpl - Initiating JDBC connection release from afterTransaction
[DEBUG] 2026-10-10 17:59:44.615 [main] LogicalConnectionManagedImpl - Initiating JDBC connection release from afterTransaction
[DEBUG] 2026-10-10 17:59:44.752 [main] exec - Skipping reading Query result cache data: cache-enabled = false, cache-mode = IGNORE
[DEBUG] 2026-10-10 17:59:44.753 [main] results - Initializer list:
	  com.magMan.entity.Ruling.card.rulings -> SelectEagerCollectionInitializer(com.magMan.entity.Ruling.card.rulings)@272354463 (PluralAttribute(com.magMan.entity.Card.rulings))
	  com.magMan.entity.Ruling -> EntityResultInitializer(com.magMan.entity.Ruling)@275251946 (SingleTableEntityPersister(com.magMan.entity.Ruling))
	  com.magMan.entity.Ruling.card -> EntityJoinedFetchInitializer(com.magMan.entity.Ruling.card)@2019489551 (ToOneAttributeMapping(NavigableRole[com.magMan.entity.Ruling.card])@155833159)

[DEBUG] 2026-10-10 17:59:44.753 [main] SQL - select r1_0.id,c1_0.id,c1_0.cardCmc,c1_0.cardName,c1_0.cardQuantity,c1_0.cardType,r1_0.ruling_date,r1_0.ruling_text from rulings r1_0 left join cards c1_0 on c1_0.id=r1_0.card_id where r1_0.id=?
[DEBUG] 2026-10-10 17:59:44.756 [main] results - Extracted JDBC value [1] - [6]
[DEBUG] 2026-10-10 17:59:44.756 [main] entity - (EntityJoinedFetchInitializer) Hydrated EntityKey (com.magMan.entity.Ruling.card): 6
[DEBUG] 2026-10-10 17:59:44.756 [main] entity - (EntityResultInitializer) Hydrated EntityKey (com.magMan.entity.Ruling): 3
[DEBUG] 2026-10-10 17:59:44.756 [main] collection - (SelectEagerCollectionInitializer) Current row collection key : com.magMan.entity.Ruling.card.rulings#6
[DEBUG] 2026-10-10 17:59:44.756 [main] entity - (EntityJoinedFetchInitializer) Created new entity instance [com.magMan.entity.Ruling.card#6] : 1718103695
[DEBUG] 2026-10-10 17:59:44.757 [main] entity - (EntityResultInitializer) Created new entity instance [com.magMan.entity.Ruling#3] : 757788974
[DEBUG] 2026-10-10 17:59:44.757 [main] results - Extracted JDBC value [2] - [10]
[DEBUG] 2026-10-10 17:59:44.757 [main] results - Extracted JDBC value [3] - [Omniscience]
[DEBUG] 2026-10-10 17:59:44.757 [main] results - Extracted JDBC value [4] - [2]
[DEBUG] 2026-10-10 17:59:44.758 [main] results - Extracted JDBC value [5] - [Enchantment]
[DEBUG] 2026-10-10 17:59:44.758 [main] entity - (EntityJoinedFetchInitializer) Done materializing entityInstance : com.magMan.entity.Ruling.card#6
[DEBUG] 2026-10-10 17:59:44.758 [main] results - Extracted JDBC value [6] - [2018-07-13]
[DEBUG] 2026-10-10 17:59:44.758 [main] results - Extracted JDBC value [7] - [If a spell has X in its mana cost, you must choose 0 as the value of X when casting it without paying its mana cost.]
[DEBUG] 2026-10-10 17:59:44.758 [main] entity - (EntityResultInitializer) Done materializing entityInstance : com.magMan.entity.Ruling#3
[DEBUG] 2026-10-10 17:59:44.758 [main] loading - Calling top-level assembler (0 / 1) : org.hibernate.sql.results.graph.entity.internal.EntityAssembler@4d0abb23
[DEBUG] 2026-10-10 17:59:44.758 [main] exec - Skipping reading Query result cache data: cache-enabled = false, cache-mode = IGNORE
[DEBUG] 2026-10-10 17:59:44.759 [main] results - Initializer list:
	  com.magMan.entity.Card.rulings.{element}.card -> EntitySelectFetchInitializer(com.magMan.entity.Card.rulings.{element}.card)@1790048347 (ToOneAttributeMapping(NavigableRole[com.magMan.entity.Ruling.card])@155833159)
	  com.magMan.entity.Card.rulings.{element} -> EntityJoinedFetchInitializer(com.magMan.entity.Card.rulings.{element})@283690914 (EntityCollectionPart(com.magMan.entity.Card.rulings#{element})@892626202)
	  com.magMan.entity.Card.rulings -> BagInitializer(com.magMan.entity.Card.rulings)@1569706103 (PluralAttribute(com.magMan.entity.Card.rulings))

[DEBUG] 2026-10-10 17:59:44.759 [main] SQL - select r1_0.card_id,r1_0.id,r1_0.ruling_date,r1_0.ruling_text from rulings r1_0 where r1_0.card_id=?
[DEBUG] 2026-10-10 17:59:44.759 [main] results - Extracted JDBC value [1] - [3]
[DEBUG] 2026-10-10 17:59:44.759 [main] entity - (EntityJoinedFetchInitializer) Hydrated EntityKey (com.magMan.entity.Card.rulings.{element}): 3
[DEBUG] 2026-10-10 17:59:44.759 [main] results - Extracted JDBC value [0] - [6]
[DEBUG] 2026-10-10 17:59:44.759 [main] collection - (BagInitializer) Current row collection key : com.magMan.entity.Card.rulings#6
[DEBUG] 2026-10-10 17:59:44.759 [main] results - Extracted JDBC value [0] - [6]
[DEBUG] 2026-10-10 17:59:44.760 [main] collection - (BagInitializer) Responsible for loading collection [com.magMan.entity.Card.rulings#6] : org.hibernate.collection.spi.PersistentBag@1628801015
[DEBUG] 2026-10-10 17:59:44.760 [main] collection - (BagInitializer) Reading element from row for collection [com.magMan.entity.Card.rulings#6] -> org.hibernate.collection.spi.PersistentBag@1628801015
[DEBUG] 2026-10-10 17:59:44.760 [main] loading - Calling top-level assembler (0 / 1) : org.hibernate.sql.results.graph.collection.internal.EagerCollectionAssembler@2e19b30
[DEBUG] 2026-10-10 17:59:44.760 [main] results - Extracted JDBC value [1] - [6]
[DEBUG] 2026-10-10 17:59:44.760 [main] entity - (EntityJoinedFetchInitializer) Hydrated EntityKey (com.magMan.entity.Card.rulings.{element}): 6
[DEBUG] 2026-10-10 17:59:44.760 [main] results - Extracted JDBC value [0] - [6]
[DEBUG] 2026-10-10 17:59:44.760 [main] collection - (BagInitializer) Current row collection key : com.magMan.entity.Card.rulings#6
[DEBUG] 2026-10-10 17:59:44.760 [main] results - Extracted JDBC value [0] - [6]
[DEBUG] 2026-10-10 17:59:44.760 [main] entity - (EntityJoinedFetchInitializer) Created new entity instance [com.magMan.entity.Card.rulings.{element}#6] : 2071874336
[DEBUG] 2026-10-10 17:59:44.760 [main] results - Extracted JDBC value [0] - [6]
[DEBUG] 2026-10-10 17:59:44.760 [main] entity - (EntitySelectFetchInitializer) Found existing loading entry [com.magMan.entity.Card.rulings.{element}.card#6] - using loading instance
[DEBUG] 2026-10-10 17:59:44.760 [main] collection - (BagInitializer) Found existing loading collection entry [com.magMan.entity.Card.rulings#6]; using loading collection instance - org.hibernate.collection.spi.PersistentBag@1628801015
[DEBUG] 2026-10-10 17:59:44.760 [main] collection - (BagInitializer) Responsible for loading collection [com.magMan.entity.Card.rulings#6] : org.hibernate.collection.spi.PersistentBag@1628801015
[DEBUG] 2026-10-10 17:59:44.760 [main] results - Extracted JDBC value [2] - [2018-07-13]
[DEBUG] 2026-10-10 17:59:44.760 [main] results - Extracted JDBC value [3] - [Once you cast Omniscience, if it's your turn, you'll have priority immediately after it resolves.  You can cast another spell before any player can attempt to remove Omniscience with spells or abilities.]
[DEBUG] 2026-10-10 17:59:44.760 [main] entity - (EntityJoinedFetchInitializer) Done materializing entityInstance : com.magMan.entity.Card.rulings.{element}#6
[DEBUG] 2026-10-10 17:59:44.760 [main] collection - (BagInitializer) Reading element from row for collection [com.magMan.entity.Card.rulings#6] -> org.hibernate.collection.spi.PersistentBag@1628801015
[DEBUG] 2026-10-10 17:59:44.760 [main] loading - Calling top-level assembler (0 / 1) : org.hibernate.sql.results.graph.collection.internal.EagerCollectionAssembler@2e19b30
[DEBUG] 2026-10-10 17:59:44.760 [main] ResultsHelper - Collection fully initialized: [com.magMan.entity.Card.rulings#6]
[DEBUG] 2026-10-10 17:59:44.760 [main] LogicalConnectionManagedImpl - Initiating JDBC connection release from afterTransaction
[DEBUG] 2026-10-10 17:59:44.761 [main] LogicalConnectionManagedImpl - Initiating JDBC connection release from afterTransaction
[DEBUG] 2026-10-10 17:59:44.762 [main] exec - Skipping reading Query result cache data: cache-enabled = false, cache-mode = IGNORE
[DEBUG] 2026-10-10 17:59:44.762 [main] results - Initializer list:
	  com.magMan.entity.Ruling.card.rulings -> SelectEagerCollectionInitializer(com.magMan.entity.Ruling.card.rulings)@1522581380 (PluralAttribute(com.magMan.entity.Card.rulings))
	  com.magMan.entity.Ruling -> EntityResultInitializer(com.magMan.entity.Ruling)@1877984746 (SingleTableEntityPersister(com.magMan.entity.Ruling))
	  com.magMan.entity.Ruling.card -> EntityJoinedFetchInitializer(com.magMan.entity.Ruling.card)@1633286972 (ToOneAttributeMapping(NavigableRole[com.magMan.entity.Ruling.card])@155833159)

[DEBUG] 2026-10-10 17:59:44.762 [main] SQL - select r1_0.id,c1_0.id,c1_0.cardCmc,c1_0.cardName,c1_0.cardQuantity,c1_0.cardType,r1_0.ruling_date,r1_0.ruling_text from rulings r1_0 left join cards c1_0 on c1_0.id=r1_0.card_id where r1_0.id=?
[DEBUG] 2026-10-10 17:59:44.763 [main] results - Extracted JDBC value [1] - [6]
[DEBUG] 2026-10-10 17:59:44.763 [main] entity - (EntityJoinedFetchInitializer) Hydrated EntityKey (com.magMan.entity.Ruling.card): 6
[DEBUG] 2026-10-10 17:59:44.763 [main] entity - (EntityResultInitializer) Hydrated EntityKey (com.magMan.entity.Ruling): 6
[DEBUG] 2026-10-10 17:59:44.763 [main] collection - (SelectEagerCollectionInitializer) Current row collection key : com.magMan.entity.Ruling.card.rulings#6
[DEBUG] 2026-10-10 17:59:44.763 [main] entity - (EntityJoinedFetchInitializer) Created new entity instance [com.magMan.entity.Ruling.card#6] : 1204145138
[DEBUG] 2026-10-10 17:59:44.763 [main] entity - (EntityResultInitializer) Created new entity instance [com.magMan.entity.Ruling#6] : 271696288
[DEBUG] 2026-10-10 17:59:44.763 [main] results - Extracted JDBC value [2] - [10]
[DEBUG] 2026-10-10 17:59:44.763 [main] results - Extracted JDBC value [3] - [Omniscience]
[DEBUG] 2026-10-10 17:59:44.763 [main] results - Extracted JDBC value [4] - [2]
[DEBUG] 2026-10-10 17:59:44.763 [main] results - Extracted JDBC value [5] - [Enchantment]
[DEBUG] 2026-10-10 17:59:44.763 [main] entity - (EntityJoinedFetchInitializer) Done materializing entityInstance : com.magMan.entity.Ruling.card#6
[DEBUG] 2026-10-10 17:59:44.763 [main] results - Extracted JDBC value [6] - [2018-07-13]
[DEBUG] 2026-10-10 17:59:44.764 [main] results - Extracted JDBC value [7] - [Once you cast Omniscience, if it's your turn, you'll have priority immediately after it resolves.  You can cast another spell before any player can attempt to remove Omniscience with spells or abilities.]
[DEBUG] 2026-10-10 17:59:44.764 [main] entity - (EntityResultInitializer) Done materializing entityInstance : com.magMan.entity.Ruling#6
[DEBUG] 2026-10-10 17:59:44.764 [main] loading - Calling top-level assembler (0 / 1) : org.hibernate.sql.results.graph.entity.internal.EntityAssembler@4888d1ea
[DEBUG] 2026-10-10 17:59:44.764 [main] exec - Skipping reading Query result cache data: cache-enabled = false, cache-mode = IGNORE
[DEBUG] 2026-10-10 17:59:44.764 [main] results - Initializer list:
	  com.magMan.entity.Card.rulings.{element}.card -> EntitySelectFetchInitializer(com.magMan.entity.Card.rulings.{element}.card)@561711442 (ToOneAttributeMapping(NavigableRole[com.magMan.entity.Ruling.card])@155833159)
	  com.magMan.entity.Card.rulings.{element} -> EntityJoinedFetchInitializer(com.magMan.entity.Card.rulings.{element})@1071243292 (EntityCollectionPart(com.magMan.entity.Card.rulings#{element})@892626202)
	  com.magMan.entity.Card.rulings -> BagInitializer(com.magMan.entity.Card.rulings)@909315048 (PluralAttribute(com.magMan.entity.Card.rulings))

[DEBUG] 2026-10-10 17:59:44.764 [main] SQL - select r1_0.card_id,r1_0.id,r1_0.ruling_date,r1_0.ruling_text from rulings r1_0 where r1_0.card_id=?
[DEBUG] 2026-10-10 17:59:44.765 [main] results - Extracted JDBC value [1] - [3]
[DEBUG] 2026-10-10 17:59:44.765 [main] entity - (EntityJoinedFetchInitializer) Hydrated EntityKey (com.magMan.entity.Card.rulings.{element}): 3
[DEBUG] 2026-10-10 17:59:44.765 [main] results - Extracted JDBC value [0] - [6]
[DEBUG] 2026-10-10 17:59:44.765 [main] collection - (BagInitializer) Current row collection key : com.magMan.entity.Card.rulings#6
[DEBUG] 2026-10-10 17:59:44.765 [main] results - Extracted JDBC value [0] - [6]
[DEBUG] 2026-10-10 17:59:44.765 [main] entity - (EntityJoinedFetchInitializer) Created new entity instance [com.magMan.entity.Card.rulings.{element}#3] : 596848689
[DEBUG] 2026-10-10 17:59:44.765 [main] results - Extracted JDBC value [0] - [6]
[DEBUG] 2026-10-10 17:59:44.765 [main] entity - (EntitySelectFetchInitializer) Found existing loading entry [com.magMan.entity.Card.rulings.{element}.card#6] - using loading instance
[DEBUG] 2026-10-10 17:59:44.765 [main] collection - (BagInitializer) Responsible for loading collection [com.magMan.entity.Card.rulings#6] : org.hibernate.collection.spi.PersistentBag@1369116416
[DEBUG] 2026-10-10 17:59:44.766 [main] results - Extracted JDBC value [2] - [2018-07-13]
[DEBUG] 2026-10-10 17:59:44.766 [main] results - Extracted JDBC value [3] - [If a spell has X in its mana cost, you must choose 0 as the value of X when casting it without paying its mana cost.]
[DEBUG] 2026-10-10 17:59:44.766 [main] entity - (EntityJoinedFetchInitializer) Done materializing entityInstance : com.magMan.entity.Card.rulings.{element}#3
[DEBUG] 2026-10-10 17:59:44.766 [main] collection - (BagInitializer) Reading element from row for collection [com.magMan.entity.Card.rulings#6] -> org.hibernate.collection.spi.PersistentBag@1369116416
[DEBUG] 2026-10-10 17:59:44.766 [main] loading - Calling top-level assembler (0 / 1) : org.hibernate.sql.results.graph.collection.internal.EagerCollectionAssembler@4d0b7fd5
[DEBUG] 2026-10-10 17:59:44.766 [main] results - Extracted JDBC value [1] - [6]
[DEBUG] 2026-10-10 17:59:44.766 [main] entity - (EntityJoinedFetchInitializer) Hydrated EntityKey (com.magMan.entity.Card.rulings.{element}): 6
[DEBUG] 2026-10-10 17:59:44.766 [main] results - Extracted JDBC value [0] - [6]
[DEBUG] 2026-10-10 17:59:44.766 [main] collection - (BagInitializer) Current row collection key : com.magMan.entity.Card.rulings#6
[DEBUG] 2026-10-10 17:59:44.766 [main] results - Extracted JDBC value [0] - [6]
[DEBUG] 2026-10-10 17:59:44.766 [main] collection - (BagInitializer) Found existing loading collection entry [com.magMan.entity.Card.rulings#6]; using loading collection instance - org.hibernate.collection.spi.PersistentBag@1369116416
[DEBUG] 2026-10-10 17:59:44.766 [main] collection - (BagInitializer) Responsible for loading collection [com.magMan.entity.Card.rulings#6] : org.hibernate.collection.spi.PersistentBag@1369116416
[DEBUG] 2026-10-10 17:59:44.766 [main] collection - (BagInitializer) Reading element from row for collection [com.magMan.entity.Card.rulings#6] -> org.hibernate.collection.spi.PersistentBag@1369116416
[DEBUG] 2026-10-10 17:59:44.766 [main] loading - Calling top-level assembler (0 / 1) : org.hibernate.sql.results.graph.collection.internal.EagerCollectionAssembler@4d0b7fd5
[DEBUG] 2026-10-10 17:59:44.766 [main] ResultsHelper - Collection fully initialized: [com.magMan.entity.Card.rulings#6]
[DEBUG] 2026-10-10 17:59:44.766 [main] LogicalConnectionManagedImpl - Initiating JDBC connection release from afterTransaction
[DEBUG] 2026-10-10 17:59:44.767 [main] LogicalConnectionManagedImpl - Initiating JDBC connection release from afterTransaction
[DEBUG] 2026-10-10 17:59:44.771 [main] create - Created new SQL alias : r1_0
[DEBUG] 2026-10-10 17:59:44.771 [main] create - Registration of TableGroup [StandardTableGroup(com.magMan.entity.Ruling(11904881660951))] with identifierForTableGroup [com.magMan.entity.Ruling] for NavigablePath [com.magMan.entity.Ruling] 
[DEBUG] 2026-10-10 17:59:44.771 [main] create - Registration of TableGroup [org.hibernate.sql.ast.tree.from.LazyTableGroup@32428874] with identifierForTableGroup [com.magMan.entity.Ruling.card] for NavigablePath [com.magMan.entity.Ruling.card] 
[DEBUG] 2026-10-10 17:59:44.771 [main] BaseSqmToSqlAstConverter - Determining mapping-model type for SqmParameter : org.hibernate.query.sqm.tree.expression.SqmJpaCriteriaParameterWrapper@3dd66ff5
[DEBUG] 2026-10-10 17:59:44.772 [main] BaseSqmToSqlAstConverter - Determining mapping-model type for SqmPath : SqmBasicValuedSimplePath(com.magMan.entity.Ruling(11904881660951).rulingDate) 
[DEBUG] 2026-10-10 17:59:44.773 [main] AST - DomainResult Graph:
 \-EntityResultImpl [com.magMan.entity.Ruling(11904881660951)]
 |  +-CircularFetchImpl [com.magMan.entity.Ruling(11904881660951).card]
 |  +-BasicFetch [com.magMan.entity.Ruling(11904881660951).rulingDate]
 |  \-BasicFetch [com.magMan.entity.Ruling(11904881660951).rulingText]

[DEBUG] 2026-10-10 17:59:44.773 [main] tree - SQL AST Tree:
    SelectStatement {
      FromClause {
        StandardTableGroup (r1 : com.magMan.entity.Ruling(11904881660951)) {
          primaryTableReference : rulings as r1_0
          TableGroupJoins {
            left  join LazyTableGroup (c1 : com.magMan.entity.Ruling(11904881660951).card) {
            }
          }
        }
      }
    }

[DEBUG] 2026-10-10 17:59:44.773 [main] exec - Skipping reading Query result cache data: cache-enabled = false, cache-mode = NORMAL
[DEBUG] 2026-10-10 17:59:44.773 [main] results - Initializer list:
	  com.magMan.entity.Ruling(11904881660951) -> EntityResultInitializer(com.magMan.entity.Ruling(11904881660951))@62759408 (SingleTableEntityPersister(com.magMan.entity.Ruling))
	  com.magMan.entity.Ruling(11904881660951).card -> EntitySelectFetchInitializer(com.magMan.entity.Ruling(11904881660951).card)@571598641 (ToOneAttributeMapping(NavigableRole[com.magMan.entity.Ruling.card])@155833159)

[DEBUG] 2026-10-10 17:59:44.773 [main] SQL - select r1_0.id,r1_0.card_id,r1_0.ruling_date,r1_0.ruling_text from rulings r1_0 where r1_0.ruling_date=?
[DEBUG] 2026-10-10 17:59:44.780 [main] results - Extracted JDBC value [0] - [3]
[DEBUG] 2026-10-10 17:59:44.780 [main] entity - (EntityResultInitializer) Hydrated EntityKey (com.magMan.entity.Ruling(11904881660951)): 3
[DEBUG] 2026-10-10 17:59:44.780 [main] entity - (EntityResultInitializer) Created new entity instance [com.magMan.entity.Ruling(11904881660951)#3] : 199076007
[DEBUG] 2026-10-10 17:59:44.780 [main] results - Extracted JDBC value [1] - [6]
[DEBUG] 2026-10-10 17:59:44.781 [main] entity - (EntitySelectFetchInitializer) Invoking session#internalLoad for entity (com.magMan.entity.Ruling(11904881660951).card#6) : 6
[DEBUG] 2026-10-10 17:59:44.781 [main] exec - Skipping reading Query result cache data: cache-enabled = false, cache-mode = IGNORE
[DEBUG] 2026-10-10 17:59:44.781 [main] results - Initializer list:
	  com.magMan.entity.Card -> EntityResultInitializer(com.magMan.entity.Card)@826884252 (SingleTableEntityPersister(com.magMan.entity.Card))
	  com.magMan.entity.Card.rulings -> BagInitializer(com.magMan.entity.Card.rulings)@474094351 (PluralAttribute(com.magMan.entity.Card.rulings))
	  com.magMan.entity.Card.rulings.{element} -> EntityJoinedFetchInitializer(com.magMan.entity.Card.rulings.{element})@1289850092 (EntityCollectionPart(com.magMan.entity.Card.rulings#{element})@892626202)

[DEBUG] 2026-10-10 17:59:44.781 [main] SQL - select c1_0.id,c1_0.cardCmc,c1_0.cardName,c1_0.cardQuantity,c1_0.cardType,r1_0.card_id,r1_0.id,r1_0.ruling_date,r1_0.ruling_text from cards c1_0 left join rulings r1_0 on c1_0.id=r1_0.card_id where c1_0.id=?
[DEBUG] 2026-10-10 17:59:44.782 [main] results - Extracted JDBC value [6] - [3]
[DEBUG] 2026-10-10 17:59:44.782 [main] entity - (EntityJoinedFetchInitializer) Hydrated EntityKey (com.magMan.entity.Card.rulings.{element}): 3
[DEBUG] 2026-10-10 17:59:44.782 [main] entity - (EntityResultInitializer) Hydrated EntityKey (com.magMan.entity.Card): 6
[DEBUG] 2026-10-10 17:59:44.782 [main] results - Extracted JDBC value [0] - [6]
[DEBUG] 2026-10-10 17:59:44.782 [main] collection - (BagInitializer) Current row collection key : com.magMan.entity.Card.rulings#6
[DEBUG] 2026-10-10 17:59:44.782 [main] results - Extracted JDBC value [5] - [6]
[DEBUG] 2026-10-10 17:59:44.782 [main] entity - (EntityResultInitializer) Created new entity instance [com.magMan.entity.Card#6] : 1371539709
[DEBUG] 2026-10-10 17:59:44.782 [main] collection - (BagInitializer) Created new collection wrapper [com.magMan.entity.Card.rulings#6] : org.hibernate.collection.spi.PersistentBag@1894617130
[DEBUG] 2026-10-10 17:59:44.783 [main] collection - (BagInitializer) Responsible for loading collection [com.magMan.entity.Card.rulings#6] : org.hibernate.collection.spi.PersistentBag@1894617130
[DEBUG] 2026-10-10 17:59:44.783 [main] collection - (BagInitializer) Reading element from row for collection [com.magMan.entity.Card.rulings#6] -> org.hibernate.collection.spi.PersistentBag@1894617130
[DEBUG] 2026-10-10 17:59:44.783 [main] results - Extracted JDBC value [1] - [10]
[DEBUG] 2026-10-10 17:59:44.783 [main] results - Extracted JDBC value [2] - [Omniscience]
[DEBUG] 2026-10-10 17:59:44.783 [main] results - Extracted JDBC value [3] - [2]
[DEBUG] 2026-10-10 17:59:44.783 [main] results - Extracted JDBC value [4] - [Enchantment]
[DEBUG] 2026-10-10 17:59:44.783 [main] entity - (EntityResultInitializer) Done materializing entityInstance : com.magMan.entity.Card#6
[DEBUG] 2026-10-10 17:59:44.783 [main] loading - Calling top-level assembler (0 / 1) : org.hibernate.sql.results.graph.entity.internal.EntityAssembler@22f80e36
[DEBUG] 2026-10-10 17:59:44.783 [main] results - Extracted JDBC value [6] - [6]
[DEBUG] 2026-10-10 17:59:44.783 [main] entity - (EntityJoinedFetchInitializer) Hydrated EntityKey (com.magMan.entity.Card.rulings.{element}): 6
[DEBUG] 2026-10-10 17:59:44.783 [main] entity - (EntityResultInitializer) Hydrated EntityKey (com.magMan.entity.Card): 6
[DEBUG] 2026-10-10 17:59:44.783 [main] results - Extracted JDBC value [0] - [6]
[DEBUG] 2026-10-10 17:59:44.783 [main] collection - (BagInitializer) Current row collection key : com.magMan.entity.Card.rulings#6
[DEBUG] 2026-10-10 17:59:44.783 [main] results - Extracted JDBC value [5] - [6]
[DEBUG] 2026-10-10 17:59:44.783 [main] entity - (EntityJoinedFetchInitializer) Created new entity instance [com.magMan.entity.Card.rulings.{element}#6] : 1016633374
[DEBUG] 2026-10-10 17:59:44.783 [main] collection - (BagInitializer) Found existing loading collection entry [com.magMan.entity.Card.rulings#6]; using loading collection instance - org.hibernate.collection.spi.PersistentBag@1894617130
[DEBUG] 2026-10-10 17:59:44.783 [main] collection - (BagInitializer) Responsible for loading collection [com.magMan.entity.Card.rulings#6] : org.hibernate.collection.spi.PersistentBag@1894617130
[DEBUG] 2026-10-10 17:59:44.783 [main] results - Extracted JDBC value [7] - [2018-07-13]
[DEBUG] 2026-10-10 17:59:44.783 [main] results - Extracted JDBC value [8] - [Once you cast Omniscience, if it's your turn, you'll have priority immediately after it resolves.  You can cast another spell before any player can attempt to remove Omniscience with spells or abilities.]
[DEBUG] 2026-10-10 17:59:44.784 [main] entity - (EntityJoinedFetchInitializer) Done materializing entityInstance : com.magMan.entity.Card.rulings.{element}#6
[DEBUG] 2026-10-10 17:59:44.784 [main] collection - (BagInitializer) Reading element from row for collection [com.magMan.entity.Card.rulings#6] -> org.hibernate.collection.spi.PersistentBag@1894617130
[DEBUG] 2026-10-10 17:59:44.784 [main] loading - Calling top-level assembler (0 / 1) : org.hibernate.sql.results.graph.entity.internal.EntityAssembler@22f80e36
[DEBUG] 2026-10-10 17:59:44.784 [main] ResultsHelper - Collection fully initialized: [com.magMan.entity.Card.rulings#6]
[DEBUG] 2026-10-10 17:59:44.784 [main] entity - (EntitySelectFetchInitializer) Entity [com.magMan.entity.Ruling(11904881660951).card#6] : 6 has being loaded by session.internalLoad.
[DEBUG] 2026-10-10 17:59:44.784 [main] results - Extracted JDBC value [2] - [2018-07-13]
[DEBUG] 2026-10-10 17:59:44.784 [main] results - Extracted JDBC value [3] - [If a spell has X in its mana cost, you must choose 0 as the value of X when casting it without paying its mana cost.]
[DEBUG] 2026-10-10 17:59:44.784 [main] entity - (EntityResultInitializer) Done materializing entityInstance : com.magMan.entity.Ruling(11904881660951)#3
[DEBUG] 2026-10-10 17:59:44.784 [main] loading - Calling top-level assembler (0 / 1) : org.hibernate.sql.results.graph.entity.internal.EntityAssembler@6dcee890
[DEBUG] 2026-10-10 17:59:44.784 [main] results - Extracted JDBC value [0] - [6]
[DEBUG] 2026-10-10 17:59:44.784 [main] entity - (EntityResultInitializer) Hydrated EntityKey (com.magMan.entity.Ruling(11904881660951)): 6
[DEBUG] 2026-10-10 17:59:44.784 [main] loading - Calling top-level assembler (0 / 1) : org.hibernate.sql.results.graph.entity.internal.EntityAssembler@6dcee890
[DEBUG] 2026-10-10 17:59:44.784 [main] LogicalConnectionManagedImpl - Initiating JDBC connection release from afterTransaction
[DEBUG] 2026-10-10 17:59:44.785 [main] LogicalConnectionManagedImpl - Initiating JDBC connection release from afterTransaction
[DEBUG] 2026-10-10 17:59:44.869 [main] exec - Skipping reading Query result cache data: cache-enabled = false, cache-mode = IGNORE
[DEBUG] 2026-10-10 17:59:44.869 [main] results - Initializer list:
	  com.magMan.entity.Ruling.card.rulings -> SelectEagerCollectionInitializer(com.magMan.entity.Ruling.card.rulings)@1811235424 (PluralAttribute(com.magMan.entity.Card.rulings))
	  com.magMan.entity.Ruling -> EntityResultInitializer(com.magMan.entity.Ruling)@1902493158 (SingleTableEntityPersister(com.magMan.entity.Ruling))
	  com.magMan.entity.Ruling.card -> EntityJoinedFetchInitializer(com.magMan.entity.Ruling.card)@1914077784 (ToOneAttributeMapping(NavigableRole[com.magMan.entity.Ruling.card])@155833159)

[DEBUG] 2026-10-10 17:59:44.870 [main] SQL - select r1_0.id,c1_0.id,c1_0.cardCmc,c1_0.cardName,c1_0.cardQuantity,c1_0.cardType,r1_0.ruling_date,r1_0.ruling_text from rulings r1_0 left join cards c1_0 on c1_0.id=r1_0.card_id where r1_0.id=?
[DEBUG] 2026-10-10 17:59:44.872 [main] results - Extracted JDBC value [1] - [3]
[DEBUG] 2026-10-10 17:59:44.873 [main] entity - (EntityJoinedFetchInitializer) Hydrated EntityKey (com.magMan.entity.Ruling.card): 3
[DEBUG] 2026-10-10 17:59:44.873 [main] entity - (EntityResultInitializer) Hydrated EntityKey (com.magMan.entity.Ruling): 5
[DEBUG] 2026-10-10 17:59:44.873 [main] collection - (SelectEagerCollectionInitializer) Current row collection key : com.magMan.entity.Ruling.card.rulings#3
[DEBUG] 2026-10-10 17:59:44.873 [main] entity - (EntityJoinedFetchInitializer) Created new entity instance [com.magMan.entity.Ruling.card#3] : 1969357009
[DEBUG] 2026-10-10 17:59:44.873 [main] entity - (EntityResultInitializer) Created new entity instance [com.magMan.entity.Ruling#5] : 956958624
[DEBUG] 2026-10-10 17:59:44.873 [main] results - Extracted JDBC value [2] - [4]
[DEBUG] 2026-10-10 17:59:44.873 [main] results - Extracted JDBC value [3] - [Urza, Lord High Artificer]
[DEBUG] 2026-10-10 17:59:44.873 [main] results - Extracted JDBC value [4] - [1]
[DEBUG] 2026-10-10 17:59:44.873 [main] results - Extracted JDBC value [5] - [Creature]
[DEBUG] 2026-10-10 17:59:44.873 [main] entity - (EntityJoinedFetchInitializer) Done materializing entityInstance : com.magMan.entity.Ruling.card#3
[DEBUG] 2026-10-10 17:59:44.873 [main] results - Extracted JDBC value [6] - [2022-12-08]
[DEBUG] 2026-10-10 17:59:44.873 [main] results - Extracted JDBC value [7] - [You can tap any untapped artifact you control to pay the cost of the mana ability, including an artifact creature you haven't controlled continuously since the beginning of your most recent turn.  Tapping an Equipment this way won't affect its abilities or the equipped creature.]
[DEBUG] 2026-10-10 17:59:44.873 [main] entity - (EntityResultInitializer) Done materializing entityInstance : com.magMan.entity.Ruling#5
[DEBUG] 2026-10-10 17:59:44.873 [main] loading - Calling top-level assembler (0 / 1) : org.hibernate.sql.results.graph.entity.internal.EntityAssembler@572b4072
[DEBUG] 2026-10-10 17:59:44.874 [main] exec - Skipping reading Query result cache data: cache-enabled = false, cache-mode = IGNORE
[DEBUG] 2026-10-10 17:59:44.874 [main] results - Initializer list:
	  com.magMan.entity.Card.rulings.{element}.card -> EntitySelectFetchInitializer(com.magMan.entity.Card.rulings.{element}.card)@841660110 (ToOneAttributeMapping(NavigableRole[com.magMan.entity.Ruling.card])@155833159)
	  com.magMan.entity.Card.rulings.{element} -> EntityJoinedFetchInitializer(com.magMan.entity.Card.rulings.{element})@1534365740 (EntityCollectionPart(com.magMan.entity.Card.rulings#{element})@892626202)
	  com.magMan.entity.Card.rulings -> BagInitializer(com.magMan.entity.Card.rulings)@1313602972 (PluralAttribute(com.magMan.entity.Card.rulings))

[DEBUG] 2026-10-10 17:59:44.874 [main] SQL - select r1_0.card_id,r1_0.id,r1_0.ruling_date,r1_0.ruling_text from rulings r1_0 where r1_0.card_id=?
[DEBUG] 2026-10-10 17:59:44.875 [main] results - Extracted JDBC value [1] - [1]
[DEBUG] 2026-10-10 17:59:44.875 [main] entity - (EntityJoinedFetchInitializer) Hydrated EntityKey (com.magMan.entity.Card.rulings.{element}): 1
[DEBUG] 2026-10-10 17:59:44.875 [main] results - Extracted JDBC value [0] - [3]
[DEBUG] 2026-10-10 17:59:44.875 [main] collection - (BagInitializer) Current row collection key : com.magMan.entity.Card.rulings#3
[DEBUG] 2026-10-10 17:59:44.875 [main] results - Extracted JDBC value [0] - [3]
[DEBUG] 2026-10-10 17:59:44.875 [main] entity - (EntityJoinedFetchInitializer) Created new entity instance [com.magMan.entity.Card.rulings.{element}#1] : 2013063878
[DEBUG] 2026-10-10 17:59:44.875 [main] results - Extracted JDBC value [0] - [3]
[DEBUG] 2026-10-10 17:59:44.875 [main] entity - (EntitySelectFetchInitializer) Found existing loading entry [com.magMan.entity.Card.rulings.{element}.card#3] - using loading instance
[DEBUG] 2026-10-10 17:59:44.875 [main] collection - (BagInitializer) Responsible for loading collection [com.magMan.entity.Card.rulings#3] : org.hibernate.collection.spi.PersistentBag@1733184642
[DEBUG] 2026-10-10 17:59:44.875 [main] results - Extracted JDBC value [2] - [2022-12-08]
[DEBUG] 2026-10-10 17:59:44.875 [main] results - Extracted JDBC value [3] - [If a spell has X in its mana cost, you must choose 0 as the value of X when casting it without paying its mana cost.]
[DEBUG] 2026-10-10 17:59:44.875 [main] entity - (EntityJoinedFetchInitializer) Done materializing entityInstance : com.magMan.entity.Card.rulings.{element}#1
[DEBUG] 2026-10-10 17:59:44.875 [main] collection - (BagInitializer) Reading element from row for collection [com.magMan.entity.Card.rulings#3] -> org.hibernate.collection.spi.PersistentBag@1733184642
[DEBUG] 2026-10-10 17:59:44.875 [main] loading - Calling top-level assembler (0 / 1) : org.hibernate.sql.results.graph.collection.internal.EagerCollectionAssembler@563c3aca
[DEBUG] 2026-10-10 17:59:44.875 [main] results - Extracted JDBC value [1] - [5]
[DEBUG] 2026-10-10 17:59:44.875 [main] entity - (EntityJoinedFetchInitializer) Hydrated EntityKey (com.magMan.entity.Card.rulings.{element}): 5
[DEBUG] 2026-10-10 17:59:44.875 [main] results - Extracted JDBC value [0] - [3]
[DEBUG] 2026-10-10 17:59:44.875 [main] collection - (BagInitializer) Current row collection key : com.magMan.entity.Card.rulings#3
[DEBUG] 2026-10-10 17:59:44.875 [main] results - Extracted JDBC value [0] - [3]
[DEBUG] 2026-10-10 17:59:44.875 [main] collection - (BagInitializer) Found existing loading collection entry [com.magMan.entity.Card.rulings#3]; using loading collection instance - org.hibernate.collection.spi.PersistentBag@1733184642
[DEBUG] 2026-10-10 17:59:44.875 [main] collection - (BagInitializer) Responsible for loading collection [com.magMan.entity.Card.rulings#3] : org.hibernate.collection.spi.PersistentBag@1733184642
[DEBUG] 2026-10-10 17:59:44.876 [main] collection - (BagInitializer) Reading element from row for collection [com.magMan.entity.Card.rulings#3] -> org.hibernate.collection.spi.PersistentBag@1733184642
[DEBUG] 2026-10-10 17:59:44.876 [main] loading - Calling top-level assembler (0 / 1) : org.hibernate.sql.results.graph.collection.internal.EagerCollectionAssembler@563c3aca
[DEBUG] 2026-10-10 17:59:44.876 [main] ResultsHelper - Collection fully initialized: [com.magMan.entity.Card.rulings#3]
[DEBUG] 2026-10-10 17:59:44.876 [main] LogicalConnectionManagedImpl - Initiating JDBC connection release from afterTransaction
[DEBUG] 2026-10-10 17:59:44.877 [main] LogicalConnectionManagedImpl - Initiating JDBC connection release from afterTransaction
[DEBUG] 2026-10-10 17:59:44.877 [main] exec - Skipping reading Query result cache data: cache-enabled = false, cache-mode = IGNORE
[DEBUG] 2026-10-10 17:59:44.877 [main] results - Initializer list:
	  com.magMan.entity.Ruling.card.rulings -> SelectEagerCollectionInitializer(com.magMan.entity.Ruling.card.rulings)@1407280813 (PluralAttribute(com.magMan.entity.Card.rulings))
	  com.magMan.entity.Ruling -> EntityResultInitializer(com.magMan.entity.Ruling)@817902707 (SingleTableEntityPersister(com.magMan.entity.Ruling))
	  com.magMan.entity.Ruling.card -> EntityJoinedFetchInitializer(com.magMan.entity.Ruling.card)@553276023 (ToOneAttributeMapping(NavigableRole[com.magMan.entity.Ruling.card])@155833159)

[DEBUG] 2026-10-10 17:59:44.877 [main] SQL - select r1_0.id,c1_0.id,c1_0.cardCmc,c1_0.cardName,c1_0.cardQuantity,c1_0.cardType,r1_0.ruling_date,r1_0.ruling_text from rulings r1_0 left join cards c1_0 on c1_0.id=r1_0.card_id where r1_0.id=?
[DEBUG] 2026-10-10 17:59:44.878 [main] results - Extracted JDBC value [1] - [6]
[DEBUG] 2026-10-10 17:59:44.878 [main] entity - (EntityJoinedFetchInitializer) Hydrated EntityKey (com.magMan.entity.Ruling.card): 6
[DEBUG] 2026-10-10 17:59:44.878 [main] entity - (EntityResultInitializer) Hydrated EntityKey (com.magMan.entity.Ruling): 6
[DEBUG] 2026-10-10 17:59:44.878 [main] collection - (SelectEagerCollectionInitializer) Current row collection key : com.magMan.entity.Ruling.card.rulings#6
[DEBUG] 2026-10-10 17:59:44.878 [main] entity - (EntityJoinedFetchInitializer) Created new entity instance [com.magMan.entity.Ruling.card#6] : 43951584
[DEBUG] 2026-10-10 17:59:44.878 [main] entity - (EntityResultInitializer) Created new entity instance [com.magMan.entity.Ruling#6] : 474324008
[DEBUG] 2026-10-10 17:59:44.878 [main] results - Extracted JDBC value [2] - [10]
[DEBUG] 2026-10-10 17:59:44.878 [main] results - Extracted JDBC value [3] - [Omniscience]
[DEBUG] 2026-10-10 17:59:44.878 [main] results - Extracted JDBC value [4] - [2]
[DEBUG] 2026-10-10 17:59:44.878 [main] results - Extracted JDBC value [5] - [Enchantment]
[DEBUG] 2026-10-10 17:59:44.879 [main] entity - (EntityJoinedFetchInitializer) Done materializing entityInstance : com.magMan.entity.Ruling.card#6
[DEBUG] 2026-10-10 17:59:44.879 [main] results - Extracted JDBC value [6] - [2018-07-13]
[DEBUG] 2026-10-10 17:59:44.879 [main] results - Extracted JDBC value [7] - [Once you cast Omniscience, if it's your turn, you'll have priority immediately after it resolves.  You can cast another spell before any player can attempt to remove Omniscience with spells or abilities.]
[DEBUG] 2026-10-10 17:59:44.879 [main] entity - (EntityResultInitializer) Done materializing entityInstance : com.magMan.entity.Ruling#6
[DEBUG] 2026-10-10 17:59:44.879 [main] loading - Calling top-level assembler (0 / 1) : org.hibernate.sql.results.graph.entity.internal.EntityAssembler@4a3509b0
[DEBUG] 2026-10-10 17:59:44.879 [main] exec - Skipping reading Query result cache data: cache-enabled = false, cache-mode = IGNORE
[DEBUG] 2026-10-10 17:59:44.879 [main] results - Initializer list:
	  com.magMan.entity.Card.rulings.{element}.card -> EntitySelectFetchInitializer(com.magMan.entity.Card.rulings.{element}.card)@1030952115 (ToOneAttributeMapping(NavigableRole[com.magMan.entity.Ruling.card])@155833159)
	  com.magMan.entity.Card.rulings.{element} -> EntityJoinedFetchInitializer(com.magMan.entity.Card.rulings.{element})@224885737 (EntityCollectionPart(com.magMan.entity.Card.rulings#{element})@892626202)
	  com.magMan.entity.Card.rulings -> BagInitializer(com.magMan.entity.Card.rulings)@267368044 (PluralAttribute(com.magMan.entity.Card.rulings))

[DEBUG] 2026-10-10 17:59:44.879 [main] SQL - select r1_0.card_id,r1_0.id,r1_0.ruling_date,r1_0.ruling_text from rulings r1_0 where r1_0.card_id=?
[DEBUG] 2026-10-10 17:59:44.880 [main] results - Extracted JDBC value [1] - [3]
[DEBUG] 2026-10-10 17:59:44.881 [main] entity - (EntityJoinedFetchInitializer) Hydrated EntityKey (com.magMan.entity.Card.rulings.{element}): 3
[DEBUG] 2026-10-10 17:59:44.881 [main] results - Extracted JDBC value [0] - [6]
[DEBUG] 2026-10-10 17:59:44.881 [main] collection - (BagInitializer) Current row collection key : com.magMan.entity.Card.rulings#6
[DEBUG] 2026-10-10 17:59:44.881 [main] results - Extracted JDBC value [0] - [6]
[DEBUG] 2026-10-10 17:59:44.881 [main] entity - (EntityJoinedFetchInitializer) Created new entity instance [com.magMan.entity.Card.rulings.{element}#3] : 861310502
[DEBUG] 2026-10-10 17:59:44.881 [main] results - Extracted JDBC value [0] - [6]
[DEBUG] 2026-10-10 17:59:44.881 [main] entity - (EntitySelectFetchInitializer) Found existing loading entry [com.magMan.entity.Card.rulings.{element}.card#6] - using loading instance
[DEBUG] 2026-10-10 17:59:44.881 [main] collection - (BagInitializer) Responsible for loading collection [com.magMan.entity.Card.rulings#6] : org.hibernate.collection.spi.PersistentBag@1878900463
[DEBUG] 2026-10-10 17:59:44.881 [main] results - Extracted JDBC value [2] - [2018-07-13]
[DEBUG] 2026-10-10 17:59:44.881 [main] results - Extracted JDBC value [3] - [If a spell has X in its mana cost, you must choose 0 as the value of X when casting it without paying its mana cost.]
[DEBUG] 2026-10-10 17:59:44.881 [main] entity - (EntityJoinedFetchInitializer) Done materializing entityInstance : com.magMan.entity.Card.rulings.{element}#3
[DEBUG] 2026-10-10 17:59:44.881 [main] collection - (BagInitializer) Reading element from row for collection [com.magMan.entity.Card.rulings#6] -> org.hibernate.collection.spi.PersistentBag@1878900463
[DEBUG] 2026-10-10 17:59:44.881 [main] loading - Calling top-level assembler (0 / 1) : org.hibernate.sql.results.graph.collection.internal.EagerCollectionAssembler@97b84a4
[DEBUG] 2026-10-10 17:59:44.881 [main] results - Extracted JDBC value [1] - [6]
[DEBUG] 2026-10-10 17:59:44.881 [main] entity - (EntityJoinedFetchInitializer) Hydrated EntityKey (com.magMan.entity.Card.rulings.{element}): 6
[DEBUG] 2026-10-10 17:59:44.881 [main] results - Extracted JDBC value [0] - [6]
[DEBUG] 2026-10-10 17:59:44.881 [main] collection - (BagInitializer) Current row collection key : com.magMan.entity.Card.rulings#6
[DEBUG] 2026-10-10 17:59:44.881 [main] results - Extracted JDBC value [0] - [6]
[DEBUG] 2026-10-10 17:59:44.881 [main] collection - (BagInitializer) Found existing loading collection entry [com.magMan.entity.Card.rulings#6]; using loading collection instance - org.hibernate.collection.spi.PersistentBag@1878900463
[DEBUG] 2026-10-10 17:59:44.881 [main] collection - (BagInitializer) Responsible for loading collection [com.magMan.entity.Card.rulings#6] : org.hibernate.collection.spi.PersistentBag@1878900463
[DEBUG] 2026-10-10 17:59:44.882 [main] collection - (BagInitializer) Reading element from row for collection [com.magMan.entity.Card.rulings#6] -> org.hibernate.collection.spi.PersistentBag@1878900463
[DEBUG] 2026-10-10 17:59:44.882 [main] loading - Calling top-level assembler (0 / 1) : org.hibernate.sql.results.graph.collection.internal.EagerCollectionAssembler@97b84a4
[DEBUG] 2026-10-10 17:59:44.882 [main] ResultsHelper - Collection fully initialized: [com.magMan.entity.Card.rulings#6]
[DEBUG] 2026-10-10 17:59:44.882 [main] LogicalConnectionManagedImpl - Initiating JDBC connection release from afterTransaction
[DEBUG] 2026-10-10 17:59:44.883 [main] LogicalConnectionManagedImpl - Initiating JDBC connection release from afterTransaction
[DEBUG] 2026-10-10 17:59:44.883 [main] create - Created new SQL alias : r1_0
[DEBUG] 2026-10-10 17:59:44.883 [main] create - Registration of TableGroup [StandardTableGroup(com.magMan.entity.Ruling(11904994537221))] with identifierForTableGroup [com.magMan.entity.Ruling] for NavigablePath [com.magMan.entity.Ruling] 
[DEBUG] 2026-10-10 17:59:44.884 [main] create - Registration of TableGroup [org.hibernate.sql.ast.tree.from.LazyTableGroup@3d57fb9e] with identifierForTableGroup [com.magMan.entity.Ruling.card] for NavigablePath [com.magMan.entity.Ruling.card] 
[DEBUG] 2026-10-10 17:59:44.884 [main] BaseSqmToSqlAstConverter - Determining mapping-model type for SqmParameter : org.hibernate.query.sqm.tree.expression.SqmJpaCriteriaParameterWrapper@70bc3a9c
[DEBUG] 2026-10-10 17:59:44.884 [main] BaseSqmToSqlAstConverter - Determining mapping-model type for SqmPath : SqmBasicValuedSimplePath(com.magMan.entity.Ruling(11904994537221).rulingText) 
[DEBUG] 2026-10-10 17:59:44.884 [main] AST - DomainResult Graph:
 \-EntityResultImpl [com.magMan.entity.Ruling(11904994537221)]
 |  +-CircularFetchImpl [com.magMan.entity.Ruling(11904994537221).card]
 |  +-BasicFetch [com.magMan.entity.Ruling(11904994537221).rulingDate]
 |  \-BasicFetch [com.magMan.entity.Ruling(11904994537221).rulingText]

[DEBUG] 2026-10-10 17:59:44.885 [main] tree - SQL AST Tree:
    SelectStatement {
      FromClause {
        StandardTableGroup (r1 : com.magMan.entity.Ruling(11904994537221)) {
          primaryTableReference : rulings as r1_0
          TableGroupJoins {
            left  join LazyTableGroup (c1 : com.magMan.entity.Ruling(11904994537221).card) {
            }
          }
        }
      }
    }

[DEBUG] 2026-10-10 17:59:44.885 [main] exec - Skipping reading Query result cache data: cache-enabled = false, cache-mode = NORMAL
[DEBUG] 2026-10-10 17:59:44.885 [main] results - Initializer list:
	  com.magMan.entity.Ruling(11904994537221).card -> EntitySelectFetchInitializer(com.magMan.entity.Ruling(11904994537221).card)@1044945601 (ToOneAttributeMapping(NavigableRole[com.magMan.entity.Ruling.card])@155833159)
	  com.magMan.entity.Ruling(11904994537221) -> EntityResultInitializer(com.magMan.entity.Ruling(11904994537221))@646482993 (SingleTableEntityPersister(com.magMan.entity.Ruling))

[DEBUG] 2026-10-10 17:59:44.885 [main] SQL - select r1_0.id,r1_0.card_id,r1_0.ruling_date,r1_0.ruling_text from rulings r1_0 where r1_0.ruling_text like replace(?,'\\','\\\\')
[DEBUG] 2026-10-10 17:59:44.886 [main] results - Extracted JDBC value [0] - [5]
[DEBUG] 2026-10-10 17:59:44.886 [main] entity - (EntityResultInitializer) Hydrated EntityKey (com.magMan.entity.Ruling(11904994537221)): 5
[DEBUG] 2026-10-10 17:59:44.887 [main] entity - (EntityResultInitializer) Created new entity instance [com.magMan.entity.Ruling(11904994537221)#5] : 1340362810
[DEBUG] 2026-10-10 17:59:44.887 [main] results - Extracted JDBC value [1] - [3]
[DEBUG] 2026-10-10 17:59:44.887 [main] entity - (EntitySelectFetchInitializer) Invoking session#internalLoad for entity (com.magMan.entity.Ruling(11904994537221).card#3) : 3
[DEBUG] 2026-10-10 17:59:44.887 [main] exec - Skipping reading Query result cache data: cache-enabled = false, cache-mode = IGNORE
[DEBUG] 2026-10-10 17:59:44.887 [main] results - Initializer list:
	  com.magMan.entity.Card -> EntityResultInitializer(com.magMan.entity.Card)@1721073890 (SingleTableEntityPersister(com.magMan.entity.Card))
	  com.magMan.entity.Card.rulings -> BagInitializer(com.magMan.entity.Card.rulings)@1562570092 (PluralAttribute(com.magMan.entity.Card.rulings))
	  com.magMan.entity.Card.rulings.{element} -> EntityJoinedFetchInitializer(com.magMan.entity.Card.rulings.{element})@935558503 (EntityCollectionPart(com.magMan.entity.Card.rulings#{element})@892626202)

[DEBUG] 2026-10-10 17:59:44.887 [main] SQL - select c1_0.id,c1_0.cardCmc,c1_0.cardName,c1_0.cardQuantity,c1_0.cardType,r1_0.card_id,r1_0.id,r1_0.ruling_date,r1_0.ruling_text from cards c1_0 left join rulings r1_0 on c1_0.id=r1_0.card_id where c1_0.id=?
[DEBUG] 2026-10-10 17:59:44.888 [main] results - Extracted JDBC value [6] - [1]
[DEBUG] 2026-10-10 17:59:44.888 [main] entity - (EntityJoinedFetchInitializer) Hydrated EntityKey (com.magMan.entity.Card.rulings.{element}): 1
[DEBUG] 2026-10-10 17:59:44.888 [main] entity - (EntityResultInitializer) Hydrated EntityKey (com.magMan.entity.Card): 3
[DEBUG] 2026-10-10 17:59:44.888 [main] results - Extracted JDBC value [0] - [3]
[DEBUG] 2026-10-10 17:59:44.888 [main] collection - (BagInitializer) Current row collection key : com.magMan.entity.Card.rulings#3
[DEBUG] 2026-10-10 17:59:44.888 [main] results - Extracted JDBC value [5] - [3]
[DEBUG] 2026-10-10 17:59:44.888 [main] entity - (EntityJoinedFetchInitializer) Created new entity instance [com.magMan.entity.Card.rulings.{element}#1] : 2081421216
[DEBUG] 2026-10-10 17:59:44.888 [main] entity - (EntityResultInitializer) Created new entity instance [com.magMan.entity.Card#3] : 617107045
[DEBUG] 2026-10-10 17:59:44.888 [main] collection - (BagInitializer) Created new collection wrapper [com.magMan.entity.Card.rulings#3] : org.hibernate.collection.spi.PersistentBag@1933032750
[DEBUG] 2026-10-10 17:59:44.888 [main] collection - (BagInitializer) Responsible for loading collection [com.magMan.entity.Card.rulings#3] : org.hibernate.collection.spi.PersistentBag@1933032750
[DEBUG] 2026-10-10 17:59:44.888 [main] results - Extracted JDBC value [7] - [2022-12-08]
[DEBUG] 2026-10-10 17:59:44.889 [main] results - Extracted JDBC value [8] - [If a spell has X in its mana cost, you must choose 0 as the value of X when casting it without paying its mana cost.]
[DEBUG] 2026-10-10 17:59:44.889 [main] entity - (EntityJoinedFetchInitializer) Done materializing entityInstance : com.magMan.entity.Card.rulings.{element}#1
[DEBUG] 2026-10-10 17:59:44.889 [main] collection - (BagInitializer) Reading element from row for collection [com.magMan.entity.Card.rulings#3] -> org.hibernate.collection.spi.PersistentBag@1933032750
[DEBUG] 2026-10-10 17:59:44.889 [main] results - Extracted JDBC value [1] - [4]
[DEBUG] 2026-10-10 17:59:44.889 [main] results - Extracted JDBC value [2] - [Urza, Lord High Artificer]
[DEBUG] 2026-10-10 17:59:44.889 [main] results - Extracted JDBC value [3] - [1]
[DEBUG] 2026-10-10 17:59:44.889 [main] results - Extracted JDBC value [4] - [Creature]
[DEBUG] 2026-10-10 17:59:44.889 [main] entity - (EntityResultInitializer) Done materializing entityInstance : com.magMan.entity.Card#3
[DEBUG] 2026-10-10 17:59:44.889 [main] loading - Calling top-level assembler (0 / 1) : org.hibernate.sql.results.graph.entity.internal.EntityAssembler@4604e051
[DEBUG] 2026-10-10 17:59:44.889 [main] results - Extracted JDBC value [6] - [5]
[DEBUG] 2026-10-10 17:59:44.889 [main] entity - (EntityJoinedFetchInitializer) Hydrated EntityKey (com.magMan.entity.Card.rulings.{element}): 5
[DEBUG] 2026-10-10 17:59:44.889 [main] entity - (EntityResultInitializer) Hydrated EntityKey (com.magMan.entity.Card): 3
[DEBUG] 2026-10-10 17:59:44.889 [main] results - Extracted JDBC value [0] - [3]
[DEBUG] 2026-10-10 17:59:44.889 [main] collection - (BagInitializer) Current row collection key : com.magMan.entity.Card.rulings#3
[DEBUG] 2026-10-10 17:59:44.889 [main] results - Extracted JDBC value [5] - [3]
[DEBUG] 2026-10-10 17:59:44.889 [main] collection - (BagInitializer) Found existing loading collection entry [com.magMan.entity.Card.rulings#3]; using loading collection instance - org.hibernate.collection.spi.PersistentBag@1933032750
[DEBUG] 2026-10-10 17:59:44.889 [main] collection - (BagInitializer) Responsible for loading collection [com.magMan.entity.Card.rulings#3] : org.hibernate.collection.spi.PersistentBag@1933032750
[DEBUG] 2026-10-10 17:59:44.889 [main] collection - (BagInitializer) Reading element from row for collection [com.magMan.entity.Card.rulings#3] -> org.hibernate.collection.spi.PersistentBag@1933032750
[DEBUG] 2026-10-10 17:59:44.889 [main] loading - Calling top-level assembler (0 / 1) : org.hibernate.sql.results.graph.entity.internal.EntityAssembler@4604e051
[DEBUG] 2026-10-10 17:59:44.889 [main] ResultsHelper - Collection fully initialized: [com.magMan.entity.Card.rulings#3]
[DEBUG] 2026-10-10 17:59:44.890 [main] entity - (EntitySelectFetchInitializer) Entity [com.magMan.entity.Ruling(11904994537221).card#3] : 3 has being loaded by session.internalLoad.
[DEBUG] 2026-10-10 17:59:44.890 [main] results - Extracted JDBC value [2] - [2022-12-08]
[DEBUG] 2026-10-10 17:59:44.890 [main] results - Extracted JDBC value [3] - [You can tap any untapped artifact you control to pay the cost of the mana ability, including an artifact creature you haven't controlled continuously since the beginning of your most recent turn.  Tapping an Equipment this way won't affect its abilities or the equipped creature.]
[DEBUG] 2026-10-10 17:59:44.890 [main] entity - (EntityResultInitializer) Done materializing entityInstance : com.magMan.entity.Ruling(11904994537221)#5
[DEBUG] 2026-10-10 17:59:44.890 [main] loading - Calling top-level assembler (0 / 1) : org.hibernate.sql.results.graph.entity.internal.EntityAssembler@4535bdc6
[DEBUG] 2026-10-10 17:59:44.890 [main] results - Extracted JDBC value [0] - [6]
[DEBUG] 2026-10-10 17:59:44.890 [main] entity - (EntityResultInitializer) Hydrated EntityKey (com.magMan.entity.Ruling(11904994537221)): 6
[DEBUG] 2026-10-10 17:59:44.890 [main] entity - (EntityResultInitializer) Created new entity instance [com.magMan.entity.Ruling(11904994537221)#6] : 602433635
[DEBUG] 2026-10-10 17:59:44.890 [main] results - Extracted JDBC value [1] - [6]
[DEBUG] 2026-10-10 17:59:44.890 [main] entity - (EntitySelectFetchInitializer) Invoking session#internalLoad for entity (com.magMan.entity.Ruling(11904994537221).card#6) : 6
[DEBUG] 2026-10-10 17:59:44.890 [main] exec - Skipping reading Query result cache data: cache-enabled = false, cache-mode = IGNORE
[DEBUG] 2026-10-10 17:59:44.890 [main] results - Initializer list:
	  com.magMan.entity.Card -> EntityResultInitializer(com.magMan.entity.Card)@1845002237 (SingleTableEntityPersister(com.magMan.entity.Card))
	  com.magMan.entity.Card.rulings -> BagInitializer(com.magMan.entity.Card.rulings)@203361403 (PluralAttribute(com.magMan.entity.Card.rulings))
	  com.magMan.entity.Card.rulings.{element} -> EntityJoinedFetchInitializer(com.magMan.entity.Card.rulings.{element})@1680628659 (EntityCollectionPart(com.magMan.entity.Card.rulings#{element})@892626202)

[DEBUG] 2026-10-10 17:59:44.890 [main] SQL - select c1_0.id,c1_0.cardCmc,c1_0.cardName,c1_0.cardQuantity,c1_0.cardType,r1_0.card_id,r1_0.id,r1_0.ruling_date,r1_0.ruling_text from cards c1_0 left join rulings r1_0 on c1_0.id=r1_0.card_id where c1_0.id=?
[DEBUG] 2026-10-10 17:59:44.892 [main] results - Extracted JDBC value [6] - [3]
[DEBUG] 2026-10-10 17:59:44.892 [main] entity - (EntityJoinedFetchInitializer) Hydrated EntityKey (com.magMan.entity.Card.rulings.{element}): 3
[DEBUG] 2026-10-10 17:59:44.892 [main] entity - (EntityResultInitializer) Hydrated EntityKey (com.magMan.entity.Card): 6
[DEBUG] 2026-10-10 17:59:44.892 [main] results - Extracted JDBC value [0] - [6]
[DEBUG] 2026-10-10 17:59:44.892 [main] collection - (BagInitializer) Current row collection key : com.magMan.entity.Card.rulings#6
[DEBUG] 2026-10-10 17:59:44.892 [main] results - Extracted JDBC value [5] - [6]
[DEBUG] 2026-10-10 17:59:44.892 [main] entity - (EntityJoinedFetchInitializer) Created new entity instance [com.magMan.entity.Card.rulings.{element}#3] : 981307724
[DEBUG] 2026-10-10 17:59:44.892 [main] entity - (EntityResultInitializer) Created new entity instance [com.magMan.entity.Card#6] : 1364803759
[DEBUG] 2026-10-10 17:59:44.892 [main] collection - (BagInitializer) Created new collection wrapper [com.magMan.entity.Card.rulings#6] : org.hibernate.collection.spi.PersistentBag@100196201
[DEBUG] 2026-10-10 17:59:44.892 [main] collection - (BagInitializer) Responsible for loading collection [com.magMan.entity.Card.rulings#6] : org.hibernate.collection.spi.PersistentBag@100196201
[DEBUG] 2026-10-10 17:59:44.892 [main] results - Extracted JDBC value [7] - [2018-07-13]
[DEBUG] 2026-10-10 17:59:44.892 [main] results - Extracted JDBC value [8] - [If a spell has X in its mana cost, you must choose 0 as the value of X when casting it without paying its mana cost.]
[DEBUG] 2026-10-10 17:59:44.892 [main] entity - (EntityJoinedFetchInitializer) Done materializing entityInstance : com.magMan.entity.Card.rulings.{element}#3
[DEBUG] 2026-10-10 17:59:44.892 [main] collection - (BagInitializer) Reading element from row for collection [com.magMan.entity.Card.rulings#6] -> org.hibernate.collection.spi.PersistentBag@100196201
[DEBUG] 2026-10-10 17:59:44.892 [main] results - Extracted JDBC value [1] - [10]
[DEBUG] 2026-10-10 17:59:44.892 [main] results - Extracted JDBC value [2] - [Omniscience]
[DEBUG] 2026-10-10 17:59:44.892 [main] results - Extracted JDBC value [3] - [2]
[DEBUG] 2026-10-10 17:59:44.893 [main] results - Extracted JDBC value [4] - [Enchantment]
[DEBUG] 2026-10-10 17:59:44.893 [main] entity - (EntityResultInitializer) Done materializing entityInstance : com.magMan.entity.Card#6
[DEBUG] 2026-10-10 17:59:44.893 [main] loading - Calling top-level assembler (0 / 1) : org.hibernate.sql.results.graph.entity.internal.EntityAssembler@1ce6a9bd
[DEBUG] 2026-10-10 17:59:44.893 [main] results - Extracted JDBC value [6] - [6]
[DEBUG] 2026-10-10 17:59:44.893 [main] entity - (EntityJoinedFetchInitializer) Hydrated EntityKey (com.magMan.entity.Card.rulings.{element}): 6
[DEBUG] 2026-10-10 17:59:44.893 [main] entity - (EntityResultInitializer) Hydrated EntityKey (com.magMan.entity.Card): 6
[DEBUG] 2026-10-10 17:59:44.893 [main] results - Extracted JDBC value [0] - [6]
[DEBUG] 2026-10-10 17:59:44.893 [main] collection - (BagInitializer) Current row collection key : com.magMan.entity.Card.rulings#6
[DEBUG] 2026-10-10 17:59:44.893 [main] results - Extracted JDBC value [5] - [6]
[DEBUG] 2026-10-10 17:59:44.893 [main] collection - (BagInitializer) Found existing loading collection entry [com.magMan.entity.Card.rulings#6]; using loading collection instance - org.hibernate.collection.spi.PersistentBag@100196201
[DEBUG] 2026-10-10 17:59:44.893 [main] collection - (BagInitializer) Responsible for loading collection [com.magMan.entity.Card.rulings#6] : org.hibernate.collection.spi.PersistentBag@100196201
[DEBUG] 2026-10-10 17:59:44.893 [main] collection - (BagInitializer) Reading element from row for collection [com.magMan.entity.Card.rulings#6] -> org.hibernate.collection.spi.PersistentBag@100196201
[DEBUG] 2026-10-10 17:59:44.893 [main] loading - Calling top-level assembler (0 / 1) : org.hibernate.sql.results.graph.entity.internal.EntityAssembler@1ce6a9bd
[DEBUG] 2026-10-10 17:59:44.893 [main] ResultsHelper - Collection fully initialized: [com.magMan.entity.Card.rulings#6]
[DEBUG] 2026-10-10 17:59:44.893 [main] entity - (EntitySelectFetchInitializer) Entity [com.magMan.entity.Ruling(11904994537221).card#6] : 6 has being loaded by session.internalLoad.
[DEBUG] 2026-10-10 17:59:44.893 [main] results - Extracted JDBC value [2] - [2018-07-13]
[DEBUG] 2026-10-10 17:59:44.893 [main] results - Extracted JDBC value [3] - [Once you cast Omniscience, if it's your turn, you'll have priority immediately after it resolves.  You can cast another spell before any player can attempt to remove Omniscience with spells or abilities.]
[DEBUG] 2026-10-10 17:59:44.893 [main] entity - (EntityResultInitializer) Done materializing entityInstance : com.magMan.entity.Ruling(11904994537221)#6
[DEBUG] 2026-10-10 17:59:44.893 [main] loading - Calling top-level assembler (0 / 1) : org.hibernate.sql.results.graph.entity.internal.EntityAssembler@4535bdc6
[DEBUG] 2026-10-10 17:59:44.893 [main] LogicalConnectionManagedImpl - Initiating JDBC connection release from afterTransaction
[DEBUG] 2026-10-10 17:59:44.894 [main] LogicalConnectionManagedImpl - Initiating JDBC connection release from afterTransaction
[DEBUG] 2026-10-10 17:59:45.010 [main] exec - Skipping reading Query result cache data: cache-enabled = false, cache-mode = IGNORE
[DEBUG] 2026-10-10 17:59:45.010 [main] results - Initializer list:
	  com.magMan.entity.Ruling.card.rulings -> SelectEagerCollectionInitializer(com.magMan.entity.Ruling.card.rulings)@306204573 (PluralAttribute(com.magMan.entity.Card.rulings))
	  com.magMan.entity.Ruling -> EntityResultInitializer(com.magMan.entity.Ruling)@994228009 (SingleTableEntityPersister(com.magMan.entity.Ruling))
	  com.magMan.entity.Ruling.card -> EntityJoinedFetchInitializer(com.magMan.entity.Ruling.card)@1276530561 (ToOneAttributeMapping(NavigableRole[com.magMan.entity.Ruling.card])@155833159)

[DEBUG] 2026-10-10 17:59:45.010 [main] SQL - select r1_0.id,c1_0.id,c1_0.cardCmc,c1_0.cardName,c1_0.cardQuantity,c1_0.cardType,r1_0.ruling_date,r1_0.ruling_text from rulings r1_0 left join cards c1_0 on c1_0.id=r1_0.card_id where r1_0.id=?
[DEBUG] 2026-10-10 17:59:45.012 [main] results - Extracted JDBC value [1] - [3]
[DEBUG] 2026-10-10 17:59:45.012 [main] entity - (EntityJoinedFetchInitializer) Hydrated EntityKey (com.magMan.entity.Ruling.card): 3
[DEBUG] 2026-10-10 17:59:45.013 [main] entity - (EntityResultInitializer) Hydrated EntityKey (com.magMan.entity.Ruling): 1
[DEBUG] 2026-10-10 17:59:45.013 [main] collection - (SelectEagerCollectionInitializer) Current row collection key : com.magMan.entity.Ruling.card.rulings#3
[DEBUG] 2026-10-10 17:59:45.013 [main] entity - (EntityJoinedFetchInitializer) Created new entity instance [com.magMan.entity.Ruling.card#3] : 452471720
[DEBUG] 2026-10-10 17:59:45.013 [main] entity - (EntityResultInitializer) Created new entity instance [com.magMan.entity.Ruling#1] : 1883027286
[DEBUG] 2026-10-10 17:59:45.013 [main] results - Extracted JDBC value [2] - [4]
[DEBUG] 2026-10-10 17:59:45.013 [main] results - Extracted JDBC value [3] - [Urza, Lord High Artificer]
[DEBUG] 2026-10-10 17:59:45.013 [main] results - Extracted JDBC value [4] - [1]
[DEBUG] 2026-10-10 17:59:45.013 [main] results - Extracted JDBC value [5] - [Creature]
[DEBUG] 2026-10-10 17:59:45.013 [main] entity - (EntityJoinedFetchInitializer) Done materializing entityInstance : com.magMan.entity.Ruling.card#3
[DEBUG] 2026-10-10 17:59:45.013 [main] results - Extracted JDBC value [6] - [2022-12-08]
[DEBUG] 2026-10-10 17:59:45.013 [main] results - Extracted JDBC value [7] - [If a spell has X in its mana cost, you must choose 0 as the value of X when casting it without paying its mana cost.]
[DEBUG] 2026-10-10 17:59:45.013 [main] entity - (EntityResultInitializer) Done materializing entityInstance : com.magMan.entity.Ruling#1
[DEBUG] 2026-10-10 17:59:45.013 [main] loading - Calling top-level assembler (0 / 1) : org.hibernate.sql.results.graph.entity.internal.EntityAssembler@11dbcb3b
[DEBUG] 2026-10-10 17:59:45.014 [main] exec - Skipping reading Query result cache data: cache-enabled = false, cache-mode = IGNORE
[DEBUG] 2026-10-10 17:59:45.015 [main] results - Initializer list:
	  com.magMan.entity.Card.rulings.{element}.card -> EntitySelectFetchInitializer(com.magMan.entity.Card.rulings.{element}.card)@1252333507 (ToOneAttributeMapping(NavigableRole[com.magMan.entity.Ruling.card])@155833159)
	  com.magMan.entity.Card.rulings.{element} -> EntityJoinedFetchInitializer(com.magMan.entity.Card.rulings.{element})@1597415366 (EntityCollectionPart(com.magMan.entity.Card.rulings#{element})@892626202)
	  com.magMan.entity.Card.rulings -> BagInitializer(com.magMan.entity.Card.rulings)@974386787 (PluralAttribute(com.magMan.entity.Card.rulings))

[DEBUG] 2026-10-10 17:59:45.015 [main] SQL - select r1_0.card_id,r1_0.id,r1_0.ruling_date,r1_0.ruling_text from rulings r1_0 where r1_0.card_id=?
[DEBUG] 2026-10-10 17:59:45.017 [main] results - Extracted JDBC value [1] - [1]
[DEBUG] 2026-10-10 17:59:45.017 [main] entity - (EntityJoinedFetchInitializer) Hydrated EntityKey (com.magMan.entity.Card.rulings.{element}): 1
[DEBUG] 2026-10-10 17:59:45.017 [main] results - Extracted JDBC value [0] - [3]
[DEBUG] 2026-10-10 17:59:45.017 [main] collection - (BagInitializer) Current row collection key : com.magMan.entity.Card.rulings#3
[DEBUG] 2026-10-10 17:59:45.017 [main] results - Extracted JDBC value [0] - [3]
[DEBUG] 2026-10-10 17:59:45.018 [main] collection - (BagInitializer) Responsible for loading collection [com.magMan.entity.Card.rulings#3] : org.hibernate.collection.spi.PersistentBag@1486334689
[DEBUG] 2026-10-10 17:59:45.018 [main] collection - (BagInitializer) Reading element from row for collection [com.magMan.entity.Card.rulings#3] -> org.hibernate.collection.spi.PersistentBag@1486334689
[DEBUG] 2026-10-10 17:59:45.018 [main] loading - Calling top-level assembler (0 / 1) : org.hibernate.sql.results.graph.collection.internal.EagerCollectionAssembler@7381d6f0
[DEBUG] 2026-10-10 17:59:45.018 [main] results - Extracted JDBC value [1] - [5]
[DEBUG] 2026-10-10 17:59:45.018 [main] entity - (EntityJoinedFetchInitializer) Hydrated EntityKey (com.magMan.entity.Card.rulings.{element}): 5
[DEBUG] 2026-10-10 17:59:45.018 [main] results - Extracted JDBC value [0] - [3]
[DEBUG] 2026-10-10 17:59:45.018 [main] collection - (BagInitializer) Current row collection key : com.magMan.entity.Card.rulings#3
[DEBUG] 2026-10-10 17:59:45.018 [main] results - Extracted JDBC value [0] - [3]
[DEBUG] 2026-10-10 17:59:45.018 [main] entity - (EntityJoinedFetchInitializer) Created new entity instance [com.magMan.entity.Card.rulings.{element}#5] : 791028852
[DEBUG] 2026-10-10 17:59:45.018 [main] results - Extracted JDBC value [0] - [3]
[DEBUG] 2026-10-10 17:59:45.018 [main] entity - (EntitySelectFetchInitializer) Found existing loading entry [com.magMan.entity.Card.rulings.{element}.card#3] - using loading instance
[DEBUG] 2026-10-10 17:59:45.018 [main] collection - (BagInitializer) Found existing loading collection entry [com.magMan.entity.Card.rulings#3]; using loading collection instance - org.hibernate.collection.spi.PersistentBag@1486334689
[DEBUG] 2026-10-10 17:59:45.018 [main] collection - (BagInitializer) Responsible for loading collection [com.magMan.entity.Card.rulings#3] : org.hibernate.collection.spi.PersistentBag@1486334689
[DEBUG] 2026-10-10 17:59:45.018 [main] results - Extracted JDBC value [2] - [2022-12-08]
[DEBUG] 2026-10-10 17:59:45.018 [main] results - Extracted JDBC value [3] - [You can tap any untapped artifact you control to pay the cost of the mana ability, including an artifact creature you haven't controlled continuously since the beginning of your most recent turn.  Tapping an Equipment this way won't affect its abilities or the equipped creature.]
[DEBUG] 2026-10-10 17:59:45.018 [main] entity - (EntityJoinedFetchInitializer) Done materializing entityInstance : com.magMan.entity.Card.rulings.{element}#5
[DEBUG] 2026-10-10 17:59:45.018 [main] collection - (BagInitializer) Reading element from row for collection [com.magMan.entity.Card.rulings#3] -> org.hibernate.collection.spi.PersistentBag@1486334689
[DEBUG] 2026-10-10 17:59:45.018 [main] loading - Calling top-level assembler (0 / 1) : org.hibernate.sql.results.graph.collection.internal.EagerCollectionAssembler@7381d6f0
[DEBUG] 2026-10-10 17:59:45.018 [main] ResultsHelper - Collection fully initialized: [com.magMan.entity.Card.rulings#3]
[DEBUG] 2026-10-10 17:59:45.018 [main] LogicalConnectionManagedImpl - Initiating JDBC connection release from afterTransaction
[DEBUG] 2026-10-10 17:59:45.020 [main] LogicalConnectionManagedImpl - Initiating JDBC connection release from afterTransaction
[DEBUG] 2026-10-10 17:59:45.021 [main] exec - Skipping reading Query result cache data: cache-enabled = false, cache-mode = IGNORE
[DEBUG] 2026-10-10 17:59:45.021 [main] results - Initializer list:
	  com.magMan.entity.Card -> EntityResultInitializer(com.magMan.entity.Card)@2080635344 (SingleTableEntityPersister(com.magMan.entity.Card))
	  com.magMan.entity.Card.rulings -> BagInitializer(com.magMan.entity.Card.rulings)@1792277476 (PluralAttribute(com.magMan.entity.Card.rulings))
	  com.magMan.entity.Card.rulings.{element} -> EntityJoinedFetchInitializer(com.magMan.entity.Card.rulings.{element})@387487256 (EntityCollectionPart(com.magMan.entity.Card.rulings#{element})@892626202)

[DEBUG] 2026-10-10 17:59:45.021 [main] SQL - select c1_0.id,c1_0.cardCmc,c1_0.cardName,c1_0.cardQuantity,c1_0.cardType,r1_0.card_id,r1_0.id,r1_0.ruling_date,r1_0.ruling_text from cards c1_0 left join rulings r1_0 on c1_0.id=r1_0.card_id where c1_0.id=?
[DEBUG] 2026-10-10 17:59:45.023 [main] results - Extracted JDBC value [6] - [1]
[DEBUG] 2026-10-10 17:59:45.023 [main] entity - (EntityJoinedFetchInitializer) Hydrated EntityKey (com.magMan.entity.Card.rulings.{element}): 1
[DEBUG] 2026-10-10 17:59:45.023 [main] entity - (EntityResultInitializer) Hydrated EntityKey (com.magMan.entity.Card): 3
[DEBUG] 2026-10-10 17:59:45.023 [main] results - Extracted JDBC value [0] - [3]
[DEBUG] 2026-10-10 17:59:45.023 [main] collection - (BagInitializer) Current row collection key : com.magMan.entity.Card.rulings#3
[DEBUG] 2026-10-10 17:59:45.023 [main] results - Extracted JDBC value [5] - [3]
[DEBUG] 2026-10-10 17:59:45.023 [main] entity - (EntityJoinedFetchInitializer) Created new entity instance [com.magMan.entity.Card.rulings.{element}#1] : 1719949466
[DEBUG] 2026-10-10 17:59:45.023 [main] entity - (EntityResultInitializer) Created new entity instance [com.magMan.entity.Card#3] : 1445045873
[DEBUG] 2026-10-10 17:59:45.023 [main] collection - (BagInitializer) Created new collection wrapper [com.magMan.entity.Card.rulings#3] : org.hibernate.collection.spi.PersistentBag@537329066
[DEBUG] 2026-10-10 17:59:45.023 [main] collection - (BagInitializer) Responsible for loading collection [com.magMan.entity.Card.rulings#3] : org.hibernate.collection.spi.PersistentBag@537329066
[DEBUG] 2026-10-10 17:59:45.023 [main] results - Extracted JDBC value [7] - [2022-12-08]
[DEBUG] 2026-10-10 17:59:45.024 [main] results - Extracted JDBC value [8] - [If a spell has X in its mana cost, you must choose 0 as the value of X when casting it without paying its mana cost.]
[DEBUG] 2026-10-10 17:59:45.024 [main] entity - (EntityJoinedFetchInitializer) Done materializing entityInstance : com.magMan.entity.Card.rulings.{element}#1
[DEBUG] 2026-10-10 17:59:45.024 [main] collection - (BagInitializer) Reading element from row for collection [com.magMan.entity.Card.rulings#3] -> org.hibernate.collection.spi.PersistentBag@537329066
[DEBUG] 2026-10-10 17:59:45.024 [main] results - Extracted JDBC value [1] - [4]
[DEBUG] 2026-10-10 17:59:45.024 [main] results - Extracted JDBC value [2] - [Urza, Lord High Artificer]
[DEBUG] 2026-10-10 17:59:45.024 [main] results - Extracted JDBC value [3] - [1]
[DEBUG] 2026-10-10 17:59:45.024 [main] results - Extracted JDBC value [4] - [Creature]
[DEBUG] 2026-10-10 17:59:45.024 [main] entity - (EntityResultInitializer) Done materializing entityInstance : com.magMan.entity.Card#3
[DEBUG] 2026-10-10 17:59:45.024 [main] loading - Calling top-level assembler (0 / 1) : org.hibernate.sql.results.graph.entity.internal.EntityAssembler@21688427
[DEBUG] 2026-10-10 17:59:45.024 [main] results - Extracted JDBC value [6] - [5]
[DEBUG] 2026-10-10 17:59:45.024 [main] entity - (EntityJoinedFetchInitializer) Hydrated EntityKey (com.magMan.entity.Card.rulings.{element}): 5
[DEBUG] 2026-10-10 17:59:45.024 [main] entity - (EntityResultInitializer) Hydrated EntityKey (com.magMan.entity.Card): 3
[DEBUG] 2026-10-10 17:59:45.024 [main] results - Extracted JDBC value [0] - [3]
[DEBUG] 2026-10-10 17:59:45.024 [main] collection - (BagInitializer) Current row collection key : com.magMan.entity.Card.rulings#3
[DEBUG] 2026-10-10 17:59:45.024 [main] results - Extracted JDBC value [5] - [3]
[DEBUG] 2026-10-10 17:59:45.024 [main] entity - (EntityJoinedFetchInitializer) Created new entity instance [com.magMan.entity.Card.rulings.{element}#5] : 1701599256
[DEBUG] 2026-10-10 17:59:45.024 [main] collection - (BagInitializer) Found existing loading collection entry [com.magMan.entity.Card.rulings#3]; using loading collection instance - org.hibernate.collection.spi.PersistentBag@537329066
[DEBUG] 2026-10-10 17:59:45.024 [main] collection - (BagInitializer) Responsible for loading collection [com.magMan.entity.Card.rulings#3] : org.hibernate.collection.spi.PersistentBag@537329066
[DEBUG] 2026-10-10 17:59:45.024 [main] results - Extracted JDBC value [7] - [2022-12-08]
[DEBUG] 2026-10-10 17:59:45.025 [main] results - Extracted JDBC value [8] - [You can tap any untapped artifact you control to pay the cost of the mana ability, including an artifact creature you haven't controlled continuously since the beginning of your most recent turn.  Tapping an Equipment this way won't affect its abilities or the equipped creature.]
[DEBUG] 2026-10-10 17:59:45.025 [main] entity - (EntityJoinedFetchInitializer) Done materializing entityInstance : com.magMan.entity.Card.rulings.{element}#5
[DEBUG] 2026-10-10 17:59:45.025 [main] collection - (BagInitializer) Reading element from row for collection [com.magMan.entity.Card.rulings#3] -> org.hibernate.collection.spi.PersistentBag@537329066
[DEBUG] 2026-10-10 17:59:45.025 [main] loading - Calling top-level assembler (0 / 1) : org.hibernate.sql.results.graph.entity.internal.EntityAssembler@21688427
[DEBUG] 2026-10-10 17:59:45.025 [main] ResultsHelper - Collection fully initialized: [com.magMan.entity.Card.rulings#3]
[DEBUG] 2026-10-10 17:59:45.026 [main] LogicalConnectionManagedImpl - Initiating JDBC connection release from afterTransaction
[DEBUG] 2026-10-10 17:59:45.118 [main] exec - Skipping reading Query result cache data: cache-enabled = false, cache-mode = IGNORE
[DEBUG] 2026-10-10 17:59:45.119 [main] results - Initializer list:
	  com.magMan.entity.Ruling.card.rulings -> SelectEagerCollectionInitializer(com.magMan.entity.Ruling.card.rulings)@1291180441 (PluralAttribute(com.magMan.entity.Card.rulings))
	  com.magMan.entity.Ruling -> EntityResultInitializer(com.magMan.entity.Ruling)@1272902791 (SingleTableEntityPersister(com.magMan.entity.Ruling))
	  com.magMan.entity.Ruling.card -> EntityJoinedFetchInitializer(com.magMan.entity.Ruling.card)@1588148030 (ToOneAttributeMapping(NavigableRole[com.magMan.entity.Ruling.card])@155833159)

[DEBUG] 2026-10-10 17:59:45.119 [main] SQL - select r1_0.id,c1_0.id,c1_0.cardCmc,c1_0.cardName,c1_0.cardQuantity,c1_0.cardType,r1_0.ruling_date,r1_0.ruling_text from rulings r1_0 left join cards c1_0 on c1_0.id=r1_0.card_id where r1_0.id=?
[DEBUG] 2026-10-10 17:59:45.121 [main] results - Extracted JDBC value [1] - [5]
[DEBUG] 2026-10-10 17:59:45.122 [main] entity - (EntityJoinedFetchInitializer) Hydrated EntityKey (com.magMan.entity.Ruling.card): 5
[DEBUG] 2026-10-10 17:59:45.124 [main] entity - (EntityResultInitializer) Hydrated EntityKey (com.magMan.entity.Ruling): 2
[DEBUG] 2026-10-10 17:59:45.124 [main] collection - (SelectEagerCollectionInitializer) Current row collection key : com.magMan.entity.Ruling.card.rulings#5
[DEBUG] 2026-10-10 17:59:45.124 [main] entity - (EntityJoinedFetchInitializer) Created new entity instance [com.magMan.entity.Ruling.card#5] : 178405137
[DEBUG] 2026-10-10 17:59:45.124 [main] entity - (EntityResultInitializer) Created new entity instance [com.magMan.entity.Ruling#2] : 1705512923
[DEBUG] 2026-10-10 17:59:45.124 [main] results - Extracted JDBC value [2] - [3]
[DEBUG] 2026-10-10 17:59:45.124 [main] results - Extracted JDBC value [3] - [Tinker]
[DEBUG] 2026-10-10 17:59:45.124 [main] results - Extracted JDBC value [4] - [10]
[DEBUG] 2026-10-10 17:59:45.124 [main] results - Extracted JDBC value [5] - [Sorcery]
[DEBUG] 2026-10-10 17:59:45.124 [main] entity - (EntityJoinedFetchInitializer) Done materializing entityInstance : com.magMan.entity.Ruling.card#5
[DEBUG] 2026-10-10 17:59:45.124 [main] results - Extracted JDBC value [6] - [2004-10-04]
[DEBUG] 2026-10-10 17:59:45.125 [main] results - Extracted JDBC value [7] - [Because the "search" requires you to find a card with certain characteristics, you don't have to find the card if you don't want to.]
[DEBUG] 2026-10-10 17:59:45.125 [main] entity - (EntityResultInitializer) Done materializing entityInstance : com.magMan.entity.Ruling#2
[DEBUG] 2026-10-10 17:59:45.125 [main] loading - Calling top-level assembler (0 / 1) : org.hibernate.sql.results.graph.entity.internal.EntityAssembler@7d551ec6
[DEBUG] 2026-10-10 17:59:45.125 [main] exec - Skipping reading Query result cache data: cache-enabled = false, cache-mode = IGNORE
[DEBUG] 2026-10-10 17:59:45.125 [main] results - Initializer list:
	  com.magMan.entity.Card.rulings.{element}.card -> EntitySelectFetchInitializer(com.magMan.entity.Card.rulings.{element}.card)@1712647370 (ToOneAttributeMapping(NavigableRole[com.magMan.entity.Ruling.card])@155833159)
	  com.magMan.entity.Card.rulings.{element} -> EntityJoinedFetchInitializer(com.magMan.entity.Card.rulings.{element})@1139273988 (EntityCollectionPart(com.magMan.entity.Card.rulings#{element})@892626202)
	  com.magMan.entity.Card.rulings -> BagInitializer(com.magMan.entity.Card.rulings)@1922344580 (PluralAttribute(com.magMan.entity.Card.rulings))

[DEBUG] 2026-10-10 17:59:45.125 [main] SQL - select r1_0.card_id,r1_0.id,r1_0.ruling_date,r1_0.ruling_text from rulings r1_0 where r1_0.card_id=?
[DEBUG] 2026-10-10 17:59:45.128 [main] results - Extracted JDBC value [1] - [2]
[DEBUG] 2026-10-10 17:59:45.128 [main] entity - (EntityJoinedFetchInitializer) Hydrated EntityKey (com.magMan.entity.Card.rulings.{element}): 2
[DEBUG] 2026-10-10 17:59:45.128 [main] results - Extracted JDBC value [0] - [5]
[DEBUG] 2026-10-10 17:59:45.128 [main] collection - (BagInitializer) Current row collection key : com.magMan.entity.Card.rulings#5
[DEBUG] 2026-10-10 17:59:45.128 [main] results - Extracted JDBC value [0] - [5]
[DEBUG] 2026-10-10 17:59:45.128 [main] collection - (BagInitializer) Responsible for loading collection [com.magMan.entity.Card.rulings#5] : org.hibernate.collection.spi.PersistentBag@2045314417
[DEBUG] 2026-10-10 17:59:45.128 [main] collection - (BagInitializer) Reading element from row for collection [com.magMan.entity.Card.rulings#5] -> org.hibernate.collection.spi.PersistentBag@2045314417
[DEBUG] 2026-10-10 17:59:45.128 [main] loading - Calling top-level assembler (0 / 1) : org.hibernate.sql.results.graph.collection.internal.EagerCollectionAssembler@120d13ae
[DEBUG] 2026-10-10 17:59:45.128 [main] ResultsHelper - Collection fully initialized: [com.magMan.entity.Card.rulings#5]
[DEBUG] 2026-10-10 17:59:45.128 [main] LogicalConnectionManagedImpl - Initiating JDBC connection release from afterTransaction
[DEBUG] 2026-10-10 17:59:45.130 [main] LogicalConnectionManagedImpl - Initiating JDBC connection release from afterTransaction
[DEBUG] 2026-10-10 17:59:45.130 [main] TransactionImpl - On TransactionImpl creation, JpaCompliance#isJpaTransactionComplianceEnabled == false
[DEBUG] 2026-10-10 17:59:45.130 [main] TransactionImpl - begin
[DEBUG] 2026-10-10 17:59:45.131 [main] create - Created new SQL alias : r1_0
[DEBUG] 2026-10-10 17:59:45.131 [main] create - Registration of TableGroup [StandardTableGroup(com.magMan.entity.Ruling)] with identifierForTableGroup [com.magMan.entity.Ruling] for NavigablePath [com.magMan.entity.Ruling] 
[DEBUG] 2026-10-10 17:59:45.131 [main] create - Registration of TableGroup [org.hibernate.sql.ast.tree.from.LazyTableGroup@7cbe3a05] with identifierForTableGroup [com.magMan.entity.Ruling.card] for NavigablePath [com.magMan.entity.Ruling.card] 
[DEBUG] 2026-10-10 17:59:45.131 [main] create - Created new SQL alias : c1_0
[DEBUG] 2026-10-10 17:59:45.131 [main] AST - DomainResult Graph:
 \-EntityResultImpl [com.magMan.entity.Ruling]
 |  +-EntityFetchJoinedImpl [com.magMan.entity.Ruling.card]
 |  +-BasicFetch [com.magMan.entity.Ruling.rulingDate]
 |  \-BasicFetch [com.magMan.entity.Ruling.rulingText]

[DEBUG] 2026-10-10 17:59:45.131 [main] tree - SQL AST Tree:
    SelectStatement {
      FromClause {
        StandardTableGroup (r1 : com.magMan.entity.Ruling) {
          primaryTableReference : rulings as r1_0
          TableGroupJoins {
            left  join LazyTableGroup (c1 : com.magMan.entity.Ruling.card) {
              primaryTableReference : cards as c1_0
            }
          }
        }
      }
    }

[DEBUG] 2026-10-10 17:59:45.132 [main] exec - Skipping reading Query result cache data: cache-enabled = false, cache-mode = IGNORE
[DEBUG] 2026-10-10 17:59:45.132 [main] results - Initializer list:
	  com.magMan.entity.Ruling.card.rulings -> SelectEagerCollectionInitializer(com.magMan.entity.Ruling.card.rulings)@987620586 (PluralAttribute(com.magMan.entity.Card.rulings))
	  com.magMan.entity.Ruling -> EntityResultInitializer(com.magMan.entity.Ruling)@1969632323 (SingleTableEntityPersister(com.magMan.entity.Ruling))
	  com.magMan.entity.Ruling.card -> EntityJoinedFetchInitializer(com.magMan.entity.Ruling.card)@2013611768 (ToOneAttributeMapping(NavigableRole[com.magMan.entity.Ruling.card])@155833159)

[DEBUG] 2026-10-10 17:59:45.132 [main] SQL - select r1_0.id,c1_0.id,c1_0.cardCmc,c1_0.cardName,c1_0.cardQuantity,c1_0.cardType,r1_0.ruling_date,r1_0.ruling_text from rulings r1_0 left join cards c1_0 on c1_0.id=r1_0.card_id where r1_0.id=?
[DEBUG] 2026-10-10 17:59:45.133 [main] results - Extracted JDBC value [1] - [5]
[DEBUG] 2026-10-10 17:59:45.133 [main] entity - (EntityJoinedFetchInitializer) Hydrated EntityKey (com.magMan.entity.Ruling.card): 5
[DEBUG] 2026-10-10 17:59:45.133 [main] entity - (EntityResultInitializer) Hydrated EntityKey (com.magMan.entity.Ruling): 2
[DEBUG] 2026-10-10 17:59:45.133 [main] collection - (SelectEagerCollectionInitializer) Current row collection key : com.magMan.entity.Ruling.card.rulings#5
[DEBUG] 2026-10-10 17:59:45.133 [main] entity - (EntityJoinedFetchInitializer) Created new entity instance [com.magMan.entity.Ruling.card#5] : 1821268676
[DEBUG] 2026-10-10 17:59:45.133 [main] entity - (EntityResultInitializer) Created new entity instance [com.magMan.entity.Ruling#2] : 402702819
[DEBUG] 2026-10-10 17:59:45.133 [main] results - Extracted JDBC value [2] - [3]
[DEBUG] 2026-10-10 17:59:45.133 [main] results - Extracted JDBC value [3] - [Tinker]
[DEBUG] 2026-10-10 17:59:45.133 [main] results - Extracted JDBC value [4] - [10]
[DEBUG] 2026-10-10 17:59:45.133 [main] results - Extracted JDBC value [5] - [Sorcery]
[DEBUG] 2026-10-10 17:59:45.133 [main] entity - (EntityJoinedFetchInitializer) Done materializing entityInstance : com.magMan.entity.Ruling.card#5
[DEBUG] 2026-10-10 17:59:45.133 [main] results - Extracted JDBC value [6] - [2004-10-04]
[DEBUG] 2026-10-10 17:59:45.133 [main] results - Extracted JDBC value [7] - [Because the "search" requires you to find a card with certain characteristics, you don't have to find the card if you don't want to.]
[DEBUG] 2026-10-10 17:59:45.133 [main] entity - (EntityResultInitializer) Done materializing entityInstance : com.magMan.entity.Ruling#2
[DEBUG] 2026-10-10 17:59:45.133 [main] loading - Calling top-level assembler (0 / 1) : org.hibernate.sql.results.graph.entity.internal.EntityAssembler@4e357792
[DEBUG] 2026-10-10 17:59:45.134 [main] exec - Skipping reading Query result cache data: cache-enabled = false, cache-mode = IGNORE
[DEBUG] 2026-10-10 17:59:45.134 [main] results - Initializer list:
	  com.magMan.entity.Card.rulings.{element}.card -> EntitySelectFetchInitializer(com.magMan.entity.Card.rulings.{element}.card)@1349733610 (ToOneAttributeMapping(NavigableRole[com.magMan.entity.Ruling.card])@155833159)
	  com.magMan.entity.Card.rulings.{element} -> EntityJoinedFetchInitializer(com.magMan.entity.Card.rulings.{element})@1315078366 (EntityCollectionPart(com.magMan.entity.Card.rulings#{element})@892626202)
	  com.magMan.entity.Card.rulings -> BagInitializer(com.magMan.entity.Card.rulings)@801777708 (PluralAttribute(com.magMan.entity.Card.rulings))

[DEBUG] 2026-10-10 17:59:45.134 [main] SQL - select r1_0.card_id,r1_0.id,r1_0.ruling_date,r1_0.ruling_text from rulings r1_0 where r1_0.card_id=?
[DEBUG] 2026-10-10 17:59:45.135 [main] results - Extracted JDBC value [1] - [2]
[DEBUG] 2026-10-10 17:59:45.135 [main] entity - (EntityJoinedFetchInitializer) Hydrated EntityKey (com.magMan.entity.Card.rulings.{element}): 2
[DEBUG] 2026-10-10 17:59:45.135 [main] results - Extracted JDBC value [0] - [5]
[DEBUG] 2026-10-10 17:59:45.135 [main] collection - (BagInitializer) Current row collection key : com.magMan.entity.Card.rulings#5
[DEBUG] 2026-10-10 17:59:45.135 [main] results - Extracted JDBC value [0] - [5]
[DEBUG] 2026-10-10 17:59:45.135 [main] collection - (BagInitializer) Responsible for loading collection [com.magMan.entity.Card.rulings#5] : org.hibernate.collection.spi.PersistentBag@998983750
[DEBUG] 2026-10-10 17:59:45.135 [main] collection - (BagInitializer) Reading element from row for collection [com.magMan.entity.Card.rulings#5] -> org.hibernate.collection.spi.PersistentBag@998983750
[DEBUG] 2026-10-10 17:59:45.135 [main] loading - Calling top-level assembler (0 / 1) : org.hibernate.sql.results.graph.collection.internal.EagerCollectionAssembler@1edac3b4
[DEBUG] 2026-10-10 17:59:45.135 [main] ResultsHelper - Collection fully initialized: [com.magMan.entity.Card.rulings#5]
[DEBUG] 2026-10-10 17:59:45.137 [main] TransactionImpl - committing
[DEBUG] 2026-10-10 17:59:45.137 [main] AbstractFlushingEventListener - Processing flush-time cascades
[DEBUG] 2026-10-10 17:59:45.137 [main] AbstractFlushingEventListener - Dirty checking collections
[DEBUG] 2026-10-10 17:59:45.138 [main] Collections - Collection found: [com.magMan.entity.Card.rulings#5], was: [com.magMan.entity.Card.rulings#5] (initialized)
[DEBUG] 2026-10-10 17:59:45.138 [main] AbstractFlushingEventListener - Flushed: 0 insertions, 1 updates, 0 deletions to 2 objects
[DEBUG] 2026-10-10 17:59:45.138 [main] AbstractFlushingEventListener - Flushed: 0 (re)creations, 0 updates, 0 removals to 1 collections
[DEBUG] 2026-10-10 17:59:45.138 [main] EntityPrinter - Listing entities:
[DEBUG] 2026-10-10 17:59:45.138 [main] EntityPrinter - com.magMan.entity.Ruling{rulingText=Because the "search" requires you to find a card with certain characteristics, you don't have to find the card if you don't want to., id=2, card=com.magMan.entity.Card#5, rulingDate=9999-12-31}
[DEBUG] 2026-10-10 17:59:45.138 [main] EntityPrinter - com.magMan.entity.Card{cardName=Tinker, cardQuantity=10, cardType=Sorcery, cardCmc=3, rulings=[com.magMan.entity.Ruling#2], id=5}
[DEBUG] 2026-10-10 17:59:45.138 [main] SQL - update rulings set card_id=?,ruling_date=?,ruling_text=? where id=?
[DEBUG] 2026-10-10 17:59:45.143 [main] LogicalConnectionManagedImpl - Initiating JDBC connection release from afterTransaction
[DEBUG] 2026-10-10 17:59:45.143 [main] LogicalConnectionManagedImpl - Initiating JDBC connection release from afterTransaction
[DEBUG] 2026-10-10 17:59:45.144 [main] exec - Skipping reading Query result cache data: cache-enabled = false, cache-mode = IGNORE
[DEBUG] 2026-10-10 17:59:45.144 [main] results - Initializer list:
	  com.magMan.entity.Ruling.card.rulings -> SelectEagerCollectionInitializer(com.magMan.entity.Ruling.card.rulings)@574000604 (PluralAttribute(com.magMan.entity.Card.rulings))
	  com.magMan.entity.Ruling -> EntityResultInitializer(com.magMan.entity.Ruling)@1924203096 (SingleTableEntityPersister(com.magMan.entity.Ruling))
	  com.magMan.entity.Ruling.card -> EntityJoinedFetchInitializer(com.magMan.entity.Ruling.card)@2011996123 (ToOneAttributeMapping(NavigableRole[com.magMan.entity.Ruling.card])@155833159)

[DEBUG] 2026-10-10 17:59:45.144 [main] SQL - select r1_0.id,c1_0.id,c1_0.cardCmc,c1_0.cardName,c1_0.cardQuantity,c1_0.cardType,r1_0.ruling_date,r1_0.ruling_text from rulings r1_0 left join cards c1_0 on c1_0.id=r1_0.card_id where r1_0.id=?
[DEBUG] 2026-10-10 17:59:45.146 [main] results - Extracted JDBC value [1] - [5]
[DEBUG] 2026-10-10 17:59:45.146 [main] entity - (EntityJoinedFetchInitializer) Hydrated EntityKey (com.magMan.entity.Ruling.card): 5
[DEBUG] 2026-10-10 17:59:45.146 [main] entity - (EntityResultInitializer) Hydrated EntityKey (com.magMan.entity.Ruling): 2
[DEBUG] 2026-10-10 17:59:45.147 [main] collection - (SelectEagerCollectionInitializer) Current row collection key : com.magMan.entity.Ruling.card.rulings#5
[DEBUG] 2026-10-10 17:59:45.147 [main] entity - (EntityJoinedFetchInitializer) Created new entity instance [com.magMan.entity.Ruling.card#5] : 909570727
[DEBUG] 2026-10-10 17:59:45.147 [main] entity - (EntityResultInitializer) Created new entity instance [com.magMan.entity.Ruling#2] : 879042661
[DEBUG] 2026-10-10 17:59:45.147 [main] results - Extracted JDBC value [2] - [3]
[DEBUG] 2026-10-10 17:59:45.147 [main] results - Extracted JDBC value [3] - [Tinker]
[DEBUG] 2026-10-10 17:59:45.147 [main] results - Extracted JDBC value [4] - [10]
[DEBUG] 2026-10-10 17:59:45.147 [main] results - Extracted JDBC value [5] - [Sorcery]
[DEBUG] 2026-10-10 17:59:45.147 [main] entity - (EntityJoinedFetchInitializer) Done materializing entityInstance : com.magMan.entity.Ruling.card#5
[DEBUG] 2026-10-10 17:59:45.147 [main] results - Extracted JDBC value [6] - [9999-12-31]
[DEBUG] 2026-10-10 17:59:45.147 [main] results - Extracted JDBC value [7] - [Because the "search" requires you to find a card with certain characteristics, you don't have to find the card if you don't want to.]
[DEBUG] 2026-10-10 17:59:45.147 [main] entity - (EntityResultInitializer) Done materializing entityInstance : com.magMan.entity.Ruling#2
[DEBUG] 2026-10-10 17:59:45.147 [main] loading - Calling top-level assembler (0 / 1) : org.hibernate.sql.results.graph.entity.internal.EntityAssembler@56d5460f
[DEBUG] 2026-10-10 17:59:45.148 [main] exec - Skipping reading Query result cache data: cache-enabled = false, cache-mode = IGNORE
[DEBUG] 2026-10-10 17:59:45.149 [main] results - Initializer list:
	  com.magMan.entity.Card.rulings.{element}.card -> EntitySelectFetchInitializer(com.magMan.entity.Card.rulings.{element}.card)@1475814840 (ToOneAttributeMapping(NavigableRole[com.magMan.entity.Ruling.card])@155833159)
	  com.magMan.entity.Card.rulings.{element} -> EntityJoinedFetchInitializer(com.magMan.entity.Card.rulings.{element})@1242321195 (EntityCollectionPart(com.magMan.entity.Card.rulings#{element})@892626202)
	  com.magMan.entity.Card.rulings -> BagInitializer(com.magMan.entity.Card.rulings)@683448137 (PluralAttribute(com.magMan.entity.Card.rulings))

[DEBUG] 2026-10-10 17:59:45.149 [main] SQL - select r1_0.card_id,r1_0.id,r1_0.ruling_date,r1_0.ruling_text from rulings r1_0 where r1_0.card_id=?
[DEBUG] 2026-10-10 17:59:45.150 [main] results - Extracted JDBC value [1] - [2]
[DEBUG] 2026-10-10 17:59:45.150 [main] entity - (EntityJoinedFetchInitializer) Hydrated EntityKey (com.magMan.entity.Card.rulings.{element}): 2
[DEBUG] 2026-10-10 17:59:45.150 [main] results - Extracted JDBC value [0] - [5]
[DEBUG] 2026-10-10 17:59:45.150 [main] collection - (BagInitializer) Current row collection key : com.magMan.entity.Card.rulings#5
[DEBUG] 2026-10-10 17:59:45.150 [main] results - Extracted JDBC value [0] - [5]
[DEBUG] 2026-10-10 17:59:45.150 [main] collection - (BagInitializer) Responsible for loading collection [com.magMan.entity.Card.rulings#5] : org.hibernate.collection.spi.PersistentBag@1035726142
[DEBUG] 2026-10-10 17:59:45.150 [main] collection - (BagInitializer) Reading element from row for collection [com.magMan.entity.Card.rulings#5] -> org.hibernate.collection.spi.PersistentBag@1035726142
[DEBUG] 2026-10-10 17:59:45.150 [main] loading - Calling top-level assembler (0 / 1) : org.hibernate.sql.results.graph.collection.internal.EagerCollectionAssembler@1123d461
[DEBUG] 2026-10-10 17:59:45.150 [main] ResultsHelper - Collection fully initialized: [com.magMan.entity.Card.rulings#5]
[DEBUG] 2026-10-10 17:59:45.150 [main] LogicalConnectionManagedImpl - Initiating JDBC connection release from afterTransaction
[DEBUG] 2026-10-10 17:59:45.151 [main] LogicalConnectionManagedImpl - Initiating JDBC connection release from afterTransaction
[DEBUG] 2026-10-10 17:59:45.306 [main] exec - Skipping reading Query result cache data: cache-enabled = false, cache-mode = IGNORE
[DEBUG] 2026-10-10 17:59:45.307 [main] results - Initializer list:
	  com.magMan.entity.Card -> EntityResultInitializer(com.magMan.entity.Card)@479788655 (SingleTableEntityPersister(com.magMan.entity.Card))
	  com.magMan.entity.Card.rulings -> BagInitializer(com.magMan.entity.Card.rulings)@328708417 (PluralAttribute(com.magMan.entity.Card.rulings))
	  com.magMan.entity.Card.rulings.{element} -> EntityJoinedFetchInitializer(com.magMan.entity.Card.rulings.{element})@1469963860 (EntityCollectionPart(com.magMan.entity.Card.rulings#{element})@892626202)

[DEBUG] 2026-10-10 17:59:45.307 [main] SQL - select c1_0.id,c1_0.cardCmc,c1_0.cardName,c1_0.cardQuantity,c1_0.cardType,r1_0.card_id,r1_0.id,r1_0.ruling_date,r1_0.ruling_text from cards c1_0 left join rulings r1_0 on c1_0.id=r1_0.card_id where c1_0.id=?
[DEBUG] 2026-10-10 17:59:45.309 [main] results - Extracted JDBC value [6] - [null]
[DEBUG] 2026-10-10 17:59:45.309 [main] entity - (EntityJoinedFetchInitializer) EntityKey (com.magMan.entity.Card.rulings.{element}) is null
[DEBUG] 2026-10-10 17:59:45.309 [main] entity - (EntityResultInitializer) Hydrated EntityKey (com.magMan.entity.Card): 1
[DEBUG] 2026-10-10 17:59:45.310 [main] results - Extracted JDBC value [0] - [1]
[DEBUG] 2026-10-10 17:59:45.310 [main] collection - (BagInitializer) Current row collection key : com.magMan.entity.Card.rulings#1
[DEBUG] 2026-10-10 17:59:45.310 [main] results - Extracted JDBC value [5] - [null]
[DEBUG] 2026-10-10 17:59:45.310 [main] entity - (EntityResultInitializer) Created new entity instance [com.magMan.entity.Card#1] : 888540137
[DEBUG] 2026-10-10 17:59:45.311 [main] collection - (BagInitializer) Created new collection wrapper [com.magMan.entity.Card.rulings#1] : org.hibernate.collection.spi.PersistentBag@701279123
[DEBUG] 2026-10-10 17:59:45.311 [main] collection - (BagInitializer) Responsible for loading collection [com.magMan.entity.Card.rulings#1] : org.hibernate.collection.spi.PersistentBag@701279123
[DEBUG] 2026-10-10 17:59:45.311 [main] results - Extracted JDBC value [1] - [2]
[DEBUG] 2026-10-10 17:59:45.311 [main] results - Extracted JDBC value [2] - [Counterspell]
[DEBUG] 2026-10-10 17:59:45.311 [main] results - Extracted JDBC value [3] - [20]
[DEBUG] 2026-10-10 17:59:45.311 [main] results - Extracted JDBC value [4] - [Instant]
[DEBUG] 2026-10-10 17:59:45.311 [main] entity - (EntityResultInitializer) Done materializing entityInstance : com.magMan.entity.Card#1
[DEBUG] 2026-10-10 17:59:45.311 [main] loading - Calling top-level assembler (0 / 1) : org.hibernate.sql.results.graph.entity.internal.EntityAssembler@7e2a76be
[DEBUG] 2026-10-10 17:59:45.311 [main] ResultsHelper - Collection fully initialized: [com.magMan.entity.Card.rulings#1]
[DEBUG] 2026-10-10 17:59:45.312 [main] LogicalConnectionManagedImpl - Initiating JDBC connection release from afterTransaction
[DEBUG] 2026-10-10 17:59:45.313 [main] TransactionImpl - On TransactionImpl creation, JpaCompliance#isJpaTransactionComplianceEnabled == false
[DEBUG] 2026-10-10 17:59:45.313 [main] TransactionImpl - begin
[DEBUG] 2026-10-10 17:59:45.314 [main] ActionQueue - Executing identity-insert immediately
[DEBUG] 2026-10-10 17:59:45.314 [main] SQL - insert into rulings (card_id,ruling_date,ruling_text) values (?,?,?)
[DEBUG] 2026-10-10 17:59:45.318 [main] IdentifierGeneratorHelper - Natively generated identity (com.magMan.entity.Ruling) : 7
[DEBUG] 2026-10-10 17:59:45.319 [main] ResourceRegistryStandardImpl - HHH000387: ResultSet's statement was not registered
[DEBUG] 2026-10-10 17:59:45.319 [main] ResourceRegistryStandardImpl - Exception clearing maxRows/queryTimeout [You can't operate on a closed Statement!!!]
[DEBUG] 2026-10-10 17:59:45.319 [main] TransactionImpl - committing
[DEBUG] 2026-10-10 17:59:45.319 [main] AbstractFlushingEventListener - Processing flush-time cascades
[DEBUG] 2026-10-10 17:59:45.319 [main] AbstractFlushingEventListener - Dirty checking collections
[DEBUG] 2026-10-10 17:59:45.320 [main] AbstractFlushingEventListener - Flushed: 0 insertions, 0 updates, 0 deletions to 1 objects
[DEBUG] 2026-10-10 17:59:45.320 [main] AbstractFlushingEventListener - Flushed: 0 (re)creations, 0 updates, 0 removals to 0 collections
[DEBUG] 2026-10-10 17:59:45.320 [main] EntityPrinter - Listing entities:
[DEBUG] 2026-10-10 17:59:45.320 [main] EntityPrinter - com.magMan.entity.Ruling{rulingText=This ruling is a fake!, id=7, card=com.magMan.entity.Card#1, rulingDate=2999-12-31}
[DEBUG] 2026-10-10 17:59:45.323 [main] LogicalConnectionManagedImpl - Initiating JDBC connection release from afterTransaction
[DEBUG] 2026-10-10 17:59:45.324 [main] LogicalConnectionManagedImpl - Initiating JDBC connection release from afterTransaction
[DEBUG] 2026-10-10 17:59:45.325 [main] exec - Skipping reading Query result cache data: cache-enabled = false, cache-mode = IGNORE
[DEBUG] 2026-10-10 17:59:45.326 [main] results - Initializer list:
	  com.magMan.entity.Ruling.card.rulings -> SelectEagerCollectionInitializer(com.magMan.entity.Ruling.card.rulings)@193208949 (PluralAttribute(com.magMan.entity.Card.rulings))
	  com.magMan.entity.Ruling -> EntityResultInitializer(com.magMan.entity.Ruling)@859410514 (SingleTableEntityPersister(com.magMan.entity.Ruling))
	  com.magMan.entity.Ruling.card -> EntityJoinedFetchInitializer(com.magMan.entity.Ruling.card)@297949254 (ToOneAttributeMapping(NavigableRole[com.magMan.entity.Ruling.card])@155833159)

[DEBUG] 2026-10-10 17:59:45.326 [main] SQL - select r1_0.id,c1_0.id,c1_0.cardCmc,c1_0.cardName,c1_0.cardQuantity,c1_0.cardType,r1_0.ruling_date,r1_0.ruling_text from rulings r1_0 left join cards c1_0 on c1_0.id=r1_0.card_id where r1_0.id=?
[DEBUG] 2026-10-10 17:59:45.327 [main] results - Extracted JDBC value [1] - [1]
[DEBUG] 2026-10-10 17:59:45.327 [main] entity - (EntityJoinedFetchInitializer) Hydrated EntityKey (com.magMan.entity.Ruling.card): 1
[DEBUG] 2026-10-10 17:59:45.327 [main] entity - (EntityResultInitializer) Hydrated EntityKey (com.magMan.entity.Ruling): 7
[DEBUG] 2026-10-10 17:59:45.327 [main] collection - (SelectEagerCollectionInitializer) Current row collection key : com.magMan.entity.Ruling.card.rulings#1
[DEBUG] 2026-10-10 17:59:45.328 [main] entity - (EntityJoinedFetchInitializer) Created new entity instance [com.magMan.entity.Ruling.card#1] : 1475453406
[DEBUG] 2026-10-10 17:59:45.328 [main] entity - (EntityResultInitializer) Created new entity instance [com.magMan.entity.Ruling#7] : 1248786194
[DEBUG] 2026-10-10 17:59:45.328 [main] results - Extracted JDBC value [2] - [2]
[DEBUG] 2026-10-10 17:59:45.328 [main] results - Extracted JDBC value [3] - [Counterspell]
[DEBUG] 2026-10-10 17:59:45.328 [main] results - Extracted JDBC value [4] - [20]
[DEBUG] 2026-10-10 17:59:45.328 [main] results - Extracted JDBC value [5] - [Instant]
[DEBUG] 2026-10-10 17:59:45.328 [main] entity - (EntityJoinedFetchInitializer) Done materializing entityInstance : com.magMan.entity.Ruling.card#1
[DEBUG] 2026-10-10 17:59:45.328 [main] results - Extracted JDBC value [6] - [2999-12-31]
[DEBUG] 2026-10-10 17:59:45.328 [main] results - Extracted JDBC value [7] - [This ruling is a fake!]
[DEBUG] 2026-10-10 17:59:45.328 [main] entity - (EntityResultInitializer) Done materializing entityInstance : com.magMan.entity.Ruling#7
[DEBUG] 2026-10-10 17:59:45.328 [main] loading - Calling top-level assembler (0 / 1) : org.hibernate.sql.results.graph.entity.internal.EntityAssembler@61288814
[DEBUG] 2026-10-10 17:59:45.329 [main] exec - Skipping reading Query result cache data: cache-enabled = false, cache-mode = IGNORE
[DEBUG] 2026-10-10 17:59:45.329 [main] results - Initializer list:
	  com.magMan.entity.Card.rulings.{element}.card -> EntitySelectFetchInitializer(com.magMan.entity.Card.rulings.{element}.card)@999107262 (ToOneAttributeMapping(NavigableRole[com.magMan.entity.Ruling.card])@155833159)
	  com.magMan.entity.Card.rulings.{element} -> EntityJoinedFetchInitializer(com.magMan.entity.Card.rulings.{element})@107388090 (EntityCollectionPart(com.magMan.entity.Card.rulings#{element})@892626202)
	  com.magMan.entity.Card.rulings -> BagInitializer(com.magMan.entity.Card.rulings)@935808590 (PluralAttribute(com.magMan.entity.Card.rulings))

[DEBUG] 2026-10-10 17:59:45.330 [main] SQL - select r1_0.card_id,r1_0.id,r1_0.ruling_date,r1_0.ruling_text from rulings r1_0 where r1_0.card_id=?
[DEBUG] 2026-10-10 17:59:45.331 [main] results - Extracted JDBC value [1] - [7]
[DEBUG] 2026-10-10 17:59:45.331 [main] entity - (EntityJoinedFetchInitializer) Hydrated EntityKey (com.magMan.entity.Card.rulings.{element}): 7
[DEBUG] 2026-10-10 17:59:45.332 [main] results - Extracted JDBC value [0] - [1]
[DEBUG] 2026-10-10 17:59:45.332 [main] collection - (BagInitializer) Current row collection key : com.magMan.entity.Card.rulings#1
[DEBUG] 2026-10-10 17:59:45.332 [main] results - Extracted JDBC value [0] - [1]
[DEBUG] 2026-10-10 17:59:45.332 [main] collection - (BagInitializer) Responsible for loading collection [com.magMan.entity.Card.rulings#1] : org.hibernate.collection.spi.PersistentBag@159847162
[DEBUG] 2026-10-10 17:59:45.332 [main] collection - (BagInitializer) Reading element from row for collection [com.magMan.entity.Card.rulings#1] -> org.hibernate.collection.spi.PersistentBag@159847162
[DEBUG] 2026-10-10 17:59:45.332 [main] loading - Calling top-level assembler (0 / 1) : org.hibernate.sql.results.graph.collection.internal.EagerCollectionAssembler@7d80e1b3
[DEBUG] 2026-10-10 17:59:45.332 [main] ResultsHelper - Collection fully initialized: [com.magMan.entity.Card.rulings#1]
[DEBUG] 2026-10-10 17:59:45.332 [main] LogicalConnectionManagedImpl - Initiating JDBC connection release from afterTransaction
[DEBUG] 2026-10-10 17:59:45.333 [main] LogicalConnectionManagedImpl - Initiating JDBC connection release from afterTransaction
