[DEBUG] 2026-10-10 16:30:33.596 [main] IntegratorServiceImpl - Adding Integrator [org.hibernate.boot.beanvalidation.BeanValidationIntegrator].
[DEBUG] 2026-10-10 16:30:33.602 [main] IntegratorServiceImpl - Adding Integrator [org.hibernate.cache.internal.CollectionCacheInvalidator].
[INFO ] 2026-10-10 16:30:33.630 [main] Version - HHH000412: Hibernate ORM core version 6.4.3.Final
[DEBUG] 2026-10-10 16:30:33.634 [main] Environment - HHH000206: 'hibernate.properties' not found
[DEBUG] 2026-10-10 16:30:33.707 [main] LocalXmlResourceResolver - Checking public/system identifiers `-//Hibernate/Hibernate Configuration DTD//EN`/`http://www.hibernate.org/dtd/hibernate-configuration-3.0.dtd` as DTD references
[DEBUG] 2026-10-10 16:30:33.716 [main] JaxbCfgProcessor - cfg.xml document did not define namespaces; wrapping in custom event reader to introduce namespace information
[DEBUG] 2026-10-10 16:30:34.053 [main] factory - Ignoring CDI for resolving IdentifierGenerator instances as extended or delayed CDI support was enabled
[DEBUG] 2026-10-10 16:30:34.060 [main] factory - Registering IdentifierGenerator strategy [uuid2] -> [org.hibernate.id.UUIDGenerator]
[DEBUG] 2026-10-10 16:30:34.063 [main] factory - Registering IdentifierGenerator strategy [guid] -> [org.hibernate.id.GUIDGenerator]
[DEBUG] 2026-10-10 16:30:34.063 [main] factory - Registering IdentifierGenerator strategy [uuid] -> [org.hibernate.id.UUIDHexGenerator]
[DEBUG] 2026-10-10 16:30:34.064 [main] factory - Registering IdentifierGenerator strategy [uuid.hex] -> [org.hibernate.id.UUIDHexGenerator]
[DEBUG] 2026-10-10 16:30:34.064 [main] factory - Registering IdentifierGenerator strategy [assigned] -> [org.hibernate.id.Assigned]
[DEBUG] 2026-10-10 16:30:34.065 [main] factory - Registering IdentifierGenerator strategy [identity] -> [org.hibernate.id.IdentityGenerator]
[DEBUG] 2026-10-10 16:30:34.066 [main] factory - Registering IdentifierGenerator strategy [select] -> [org.hibernate.id.SelectGenerator]
[DEBUG] 2026-10-10 16:30:34.067 [main] factory - Registering IdentifierGenerator strategy [sequence] -> [org.hibernate.id.enhanced.SequenceStyleGenerator]
[DEBUG] 2026-10-10 16:30:34.068 [main] factory - Registering IdentifierGenerator strategy [increment] -> [org.hibernate.id.IncrementGenerator]
[DEBUG] 2026-10-10 16:30:34.068 [main] factory - Registering IdentifierGenerator strategy [foreign] -> [org.hibernate.id.ForeignGenerator]
[DEBUG] 2026-10-10 16:30:34.068 [main] factory - Registering IdentifierGenerator strategy [enhanced-sequence] -> [org.hibernate.id.enhanced.SequenceStyleGenerator]
[DEBUG] 2026-10-10 16:30:34.069 [main] factory - Registering IdentifierGenerator strategy [enhanced-table] -> [org.hibernate.id.enhanced.TableGenerator]
[DEBUG] 2026-10-10 16:30:34.077 [main] RegionFactoryInitiator - Cannot default RegionFactory based on registered strategies as `[]` RegionFactory strategies were registered
[INFO ] 2026-10-10 16:30:34.078 [main] RegionFactoryInitiator - HHH000026: Second-level cache disabled
[DEBUG] 2026-10-10 16:30:34.182 [main] BasicTypeRegistry - Adding type registration boolean -> org.hibernate.type.BasicTypeReference@d4ab71a
[DEBUG] 2026-10-10 16:30:34.183 [main] BasicTypeRegistry - Adding type registration boolean -> org.hibernate.type.BasicTypeReference@d4ab71a
[DEBUG] 2026-10-10 16:30:34.183 [main] BasicTypeRegistry - Adding type registration java.lang.Boolean -> org.hibernate.type.BasicTypeReference@d4ab71a
[DEBUG] 2026-10-10 16:30:34.183 [main] BasicTypeRegistry - Adding type registration numeric_boolean -> org.hibernate.type.BasicTypeReference@3b4ef7
[DEBUG] 2026-10-10 16:30:34.183 [main] BasicTypeRegistry - Adding type registration org.hibernate.type.NumericBooleanConverter -> org.hibernate.type.BasicTypeReference@3b4ef7
[DEBUG] 2026-10-10 16:30:34.184 [main] BasicTypeRegistry - Adding type registration true_false -> org.hibernate.type.BasicTypeReference@1af05b03
[DEBUG] 2026-10-10 16:30:34.184 [main] BasicTypeRegistry - Adding type registration org.hibernate.type.TrueFalseConverter -> org.hibernate.type.BasicTypeReference@1af05b03
[DEBUG] 2026-10-10 16:30:34.185 [main] BasicTypeRegistry - Adding type registration yes_no -> org.hibernate.type.BasicTypeReference@5987e932
[DEBUG] 2026-10-10 16:30:34.185 [main] BasicTypeRegistry - Adding type registration org.hibernate.type.YesNoConverter -> org.hibernate.type.BasicTypeReference@5987e932
[DEBUG] 2026-10-10 16:30:34.185 [main] BasicTypeRegistry - Adding type registration byte -> org.hibernate.type.BasicTypeReference@1ad777f
[DEBUG] 2026-10-10 16:30:34.185 [main] BasicTypeRegistry - Adding type registration byte -> org.hibernate.type.BasicTypeReference@1ad777f
[DEBUG] 2026-10-10 16:30:34.185 [main] BasicTypeRegistry - Adding type registration java.lang.Byte -> org.hibernate.type.BasicTypeReference@1ad777f
[DEBUG] 2026-10-10 16:30:34.185 [main] BasicTypeRegistry - Adding type registration binary -> org.hibernate.type.BasicTypeReference@5bbbdd4b
[DEBUG] 2026-10-10 16:30:34.185 [main] BasicTypeRegistry - Adding type registration byte[] -> org.hibernate.type.BasicTypeReference@5bbbdd4b
[DEBUG] 2026-10-10 16:30:34.186 [main] BasicTypeRegistry - Adding type registration [B -> org.hibernate.type.BasicTypeReference@5bbbdd4b
[DEBUG] 2026-10-10 16:30:34.187 [main] BasicTypeRegistry - Adding type registration binary_wrapper -> org.hibernate.type.BasicTypeReference@438bad7c
[DEBUG] 2026-10-10 16:30:34.187 [main] BasicTypeRegistry - Adding type registration wrapper-binary -> org.hibernate.type.BasicTypeReference@438bad7c
[DEBUG] 2026-10-10 16:30:34.187 [main] BasicTypeRegistry - Adding type registration image -> org.hibernate.type.BasicTypeReference@25230246
[DEBUG] 2026-10-10 16:30:34.189 [main] BasicTypeRegistry - Adding type registration blob -> org.hibernate.type.BasicTypeReference@4fdf8f12
[DEBUG] 2026-10-10 16:30:34.189 [main] BasicTypeRegistry - Adding type registration java.sql.Blob -> org.hibernate.type.BasicTypeReference@4fdf8f12
[DEBUG] 2026-10-10 16:30:34.189 [main] BasicTypeRegistry - Adding type registration materialized_blob -> org.hibernate.type.BasicTypeReference@4a8b5227
[DEBUG] 2026-10-10 16:30:34.191 [main] BasicTypeRegistry - Adding type registration materialized_blob_wrapper -> org.hibernate.type.BasicTypeReference@54f5f647
[DEBUG] 2026-10-10 16:30:34.191 [main] BasicTypeRegistry - Adding type registration short -> org.hibernate.type.BasicTypeReference@6979efad
[DEBUG] 2026-10-10 16:30:34.191 [main] BasicTypeRegistry - Adding type registration short -> org.hibernate.type.BasicTypeReference@6979efad
[DEBUG] 2026-10-10 16:30:34.191 [main] BasicTypeRegistry - Adding type registration java.lang.Short -> org.hibernate.type.BasicTypeReference@6979efad
[DEBUG] 2026-10-10 16:30:34.191 [main] BasicTypeRegistry - Adding type registration integer -> org.hibernate.type.BasicTypeReference@5a6d5a8f
[DEBUG] 2026-10-10 16:30:34.191 [main] BasicTypeRegistry - Adding type registration int -> org.hibernate.type.BasicTypeReference@5a6d5a8f
[DEBUG] 2026-10-10 16:30:34.192 [main] BasicTypeRegistry - Adding type registration java.lang.Integer -> org.hibernate.type.BasicTypeReference@5a6d5a8f
[DEBUG] 2026-10-10 16:30:34.192 [main] BasicTypeRegistry - Adding type registration long -> org.hibernate.type.BasicTypeReference@4a67318f
[DEBUG] 2026-10-10 16:30:34.192 [main] BasicTypeRegistry - Adding type registration long -> org.hibernate.type.BasicTypeReference@4a67318f
[DEBUG] 2026-10-10 16:30:34.192 [main] BasicTypeRegistry - Adding type registration java.lang.Long -> org.hibernate.type.BasicTypeReference@4a67318f
[DEBUG] 2026-10-10 16:30:34.192 [main] BasicTypeRegistry - Adding type registration float -> org.hibernate.type.BasicTypeReference@315ba14a
[DEBUG] 2026-10-10 16:30:34.193 [main] BasicTypeRegistry - Adding type registration float -> org.hibernate.type.BasicTypeReference@315ba14a
[DEBUG] 2026-10-10 16:30:34.193 [main] BasicTypeRegistry - Adding type registration java.lang.Float -> org.hibernate.type.BasicTypeReference@315ba14a
[DEBUG] 2026-10-10 16:30:34.193 [main] BasicTypeRegistry - Adding type registration double -> org.hibernate.type.BasicTypeReference@17f9344b
[DEBUG] 2026-10-10 16:30:34.193 [main] BasicTypeRegistry - Adding type registration double -> org.hibernate.type.BasicTypeReference@17f9344b
[DEBUG] 2026-10-10 16:30:34.193 [main] BasicTypeRegistry - Adding type registration java.lang.Double -> org.hibernate.type.BasicTypeReference@17f9344b
[DEBUG] 2026-10-10 16:30:34.194 [main] BasicTypeRegistry - Adding type registration big_integer -> org.hibernate.type.BasicTypeReference@27f0ad19
[DEBUG] 2026-10-10 16:30:34.194 [main] BasicTypeRegistry - Adding type registration java.math.BigInteger -> org.hibernate.type.BasicTypeReference@27f0ad19
[DEBUG] 2026-10-10 16:30:34.194 [main] BasicTypeRegistry - Adding type registration big_decimal -> org.hibernate.type.BasicTypeReference@54e81b21
[DEBUG] 2026-10-10 16:30:34.194 [main] BasicTypeRegistry - Adding type registration java.math.BigDecimal -> org.hibernate.type.BasicTypeReference@54e81b21
[DEBUG] 2026-10-10 16:30:34.194 [main] BasicTypeRegistry - Adding type registration character -> org.hibernate.type.BasicTypeReference@38d5b107
[DEBUG] 2026-10-10 16:30:34.194 [main] BasicTypeRegistry - Adding type registration char -> org.hibernate.type.BasicTypeReference@38d5b107
[DEBUG] 2026-10-10 16:30:34.194 [main] BasicTypeRegistry - Adding type registration java.lang.Character -> org.hibernate.type.BasicTypeReference@38d5b107
[DEBUG] 2026-10-10 16:30:34.195 [main] BasicTypeRegistry - Adding type registration character_nchar -> org.hibernate.type.BasicTypeReference@6650813a
[DEBUG] 2026-10-10 16:30:34.195 [main] BasicTypeRegistry - Adding type registration string -> org.hibernate.type.BasicTypeReference@44ea608c
[DEBUG] 2026-10-10 16:30:34.195 [main] BasicTypeRegistry - Adding type registration java.lang.String -> org.hibernate.type.BasicTypeReference@44ea608c
[DEBUG] 2026-10-10 16:30:34.195 [main] BasicTypeRegistry - Adding type registration nstring -> org.hibernate.type.BasicTypeReference@50cf5a23
[DEBUG] 2026-10-10 16:30:34.195 [main] BasicTypeRegistry - Adding type registration characters -> org.hibernate.type.BasicTypeReference@450794b4
[DEBUG] 2026-10-10 16:30:34.196 [main] BasicTypeRegistry - Adding type registration char[] -> org.hibernate.type.BasicTypeReference@450794b4
[DEBUG] 2026-10-10 16:30:34.196 [main] BasicTypeRegistry - Adding type registration [C -> org.hibernate.type.BasicTypeReference@450794b4
[DEBUG] 2026-10-10 16:30:34.196 [main] BasicTypeRegistry - Adding type registration wrapper-characters -> org.hibernate.type.BasicTypeReference@273c947f
[DEBUG] 2026-10-10 16:30:34.196 [main] BasicTypeRegistry - Adding type registration text -> org.hibernate.type.BasicTypeReference@30457e14
[DEBUG] 2026-10-10 16:30:34.196 [main] BasicTypeRegistry - Adding type registration ntext -> org.hibernate.type.BasicTypeReference@1af1347d
[DEBUG] 2026-10-10 16:30:34.197 [main] BasicTypeRegistry - Adding type registration clob -> org.hibernate.type.BasicTypeReference@632aa1a3
[DEBUG] 2026-10-10 16:30:34.197 [main] BasicTypeRegistry - Adding type registration java.sql.Clob -> org.hibernate.type.BasicTypeReference@632aa1a3
[DEBUG] 2026-10-10 16:30:34.197 [main] BasicTypeRegistry - Adding type registration nclob -> org.hibernate.type.BasicTypeReference@20765ed5
[DEBUG] 2026-10-10 16:30:34.198 [main] BasicTypeRegistry - Adding type registration java.sql.NClob -> org.hibernate.type.BasicTypeReference@20765ed5
[DEBUG] 2026-10-10 16:30:34.198 [main] BasicTypeRegistry - Adding type registration materialized_clob -> org.hibernate.type.BasicTypeReference@3b582111
[DEBUG] 2026-10-10 16:30:34.198 [main] BasicTypeRegistry - Adding type registration materialized_clob_char_array -> org.hibernate.type.BasicTypeReference@2899a8db
[DEBUG] 2026-10-10 16:30:34.198 [main] BasicTypeRegistry - Adding type registration materialized_clob_character_array -> org.hibernate.type.BasicTypeReference@1e8823d2
[DEBUG] 2026-10-10 16:30:34.199 [main] BasicTypeRegistry - Adding type registration materialized_nclob -> org.hibernate.type.BasicTypeReference@c1a4620
[DEBUG] 2026-10-10 16:30:34.199 [main] BasicTypeRegistry - Adding type registration materialized_nclob_character_array -> org.hibernate.type.BasicTypeReference@76b0ae1b
[DEBUG] 2026-10-10 16:30:34.200 [main] BasicTypeRegistry - Adding type registration materialized_nclob_char_array -> org.hibernate.type.BasicTypeReference@130a0f66
[DEBUG] 2026-10-10 16:30:34.200 [main] BasicTypeRegistry - Adding type registration Duration -> org.hibernate.type.BasicTypeReference@4c432866
[DEBUG] 2026-10-10 16:30:34.200 [main] BasicTypeRegistry - Adding type registration java.time.Duration -> org.hibernate.type.BasicTypeReference@4c432866
[DEBUG] 2026-10-10 16:30:34.200 [main] BasicTypeRegistry - Adding type registration LocalDateTime -> org.hibernate.type.BasicTypeReference@12365c88
[DEBUG] 2026-10-10 16:30:34.201 [main] BasicTypeRegistry - Adding type registration java.time.LocalDateTime -> org.hibernate.type.BasicTypeReference@12365c88
[DEBUG] 2026-10-10 16:30:34.202 [main] BasicTypeRegistry - Adding type registration LocalDate -> org.hibernate.type.BasicTypeReference@6105f8a3
[DEBUG] 2026-10-10 16:30:34.202 [main] BasicTypeRegistry - Adding type registration java.time.LocalDate -> org.hibernate.type.BasicTypeReference@6105f8a3
[DEBUG] 2026-10-10 16:30:34.202 [main] BasicTypeRegistry - Adding type registration LocalTime -> org.hibernate.type.BasicTypeReference@2237bada
[DEBUG] 2026-10-10 16:30:34.203 [main] BasicTypeRegistry - Adding type registration java.time.LocalTime -> org.hibernate.type.BasicTypeReference@2237bada
[DEBUG] 2026-10-10 16:30:34.203 [main] BasicTypeRegistry - Adding type registration OffsetDateTime -> org.hibernate.type.BasicTypeReference@77e2a6e2
[DEBUG] 2026-10-10 16:30:34.203 [main] BasicTypeRegistry - Adding type registration java.time.OffsetDateTime -> org.hibernate.type.BasicTypeReference@77e2a6e2
[DEBUG] 2026-10-10 16:30:34.204 [main] BasicTypeRegistry - Adding type registration OffsetDateTimeWithTimezone -> org.hibernate.type.BasicTypeReference@5710768a
[DEBUG] 2026-10-10 16:30:34.204 [main] BasicTypeRegistry - Adding type registration OffsetDateTimeWithoutTimezone -> org.hibernate.type.BasicTypeReference@199e4c2b
[DEBUG] 2026-10-10 16:30:34.204 [main] BasicTypeRegistry - Adding type registration OffsetTime -> org.hibernate.type.BasicTypeReference@6e0d4a8
[DEBUG] 2026-10-10 16:30:34.204 [main] BasicTypeRegistry - Adding type registration java.time.OffsetTime -> org.hibernate.type.BasicTypeReference@6e0d4a8
[DEBUG] 2026-10-10 16:30:34.204 [main] BasicTypeRegistry - Adding type registration OffsetTimeUtc -> org.hibernate.type.BasicTypeReference@64d7b720
[DEBUG] 2026-10-10 16:30:34.204 [main] BasicTypeRegistry - Adding type registration OffsetTimeWithTimezone -> org.hibernate.type.BasicTypeReference@30272916
[DEBUG] 2026-10-10 16:30:34.204 [main] BasicTypeRegistry - Adding type registration OffsetTimeWithoutTimezone -> org.hibernate.type.BasicTypeReference@5bb3d42d
[DEBUG] 2026-10-10 16:30:34.205 [main] BasicTypeRegistry - Adding type registration ZonedDateTime -> org.hibernate.type.BasicTypeReference@5bf61e67
[DEBUG] 2026-10-10 16:30:34.208 [main] BasicTypeRegistry - Adding type registration java.time.ZonedDateTime -> org.hibernate.type.BasicTypeReference@5bf61e67
[DEBUG] 2026-10-10 16:30:34.208 [main] BasicTypeRegistry - Adding type registration ZonedDateTimeWithTimezone -> org.hibernate.type.BasicTypeReference@2c1dc8e
[DEBUG] 2026-10-10 16:30:34.208 [main] BasicTypeRegistry - Adding type registration ZonedDateTimeWithoutTimezone -> org.hibernate.type.BasicTypeReference@b273a59
[DEBUG] 2026-10-10 16:30:34.208 [main] BasicTypeRegistry - Adding type registration date -> org.hibernate.type.BasicTypeReference@4e7095ac
[DEBUG] 2026-10-10 16:30:34.208 [main] BasicTypeRegistry - Adding type registration java.sql.Date -> org.hibernate.type.BasicTypeReference@4e7095ac
[DEBUG] 2026-10-10 16:30:34.209 [main] BasicTypeRegistry - Adding type registration time -> org.hibernate.type.BasicTypeReference@251ebf23
[DEBUG] 2026-10-10 16:30:34.209 [main] BasicTypeRegistry - Adding type registration java.sql.Time -> org.hibernate.type.BasicTypeReference@251ebf23
[DEBUG] 2026-10-10 16:30:34.210 [main] BasicTypeRegistry - Adding type registration timestamp -> org.hibernate.type.BasicTypeReference@29b732a2
[DEBUG] 2026-10-10 16:30:34.210 [main] BasicTypeRegistry - Adding type registration java.sql.Timestamp -> org.hibernate.type.BasicTypeReference@29b732a2
[DEBUG] 2026-10-10 16:30:34.210 [main] BasicTypeRegistry - Adding type registration java.util.Date -> org.hibernate.type.BasicTypeReference@29b732a2
[DEBUG] 2026-10-10 16:30:34.210 [main] BasicTypeRegistry - Adding type registration calendar -> org.hibernate.type.BasicTypeReference@1b70203f
[DEBUG] 2026-10-10 16:30:34.210 [main] BasicTypeRegistry - Adding type registration java.util.Calendar -> org.hibernate.type.BasicTypeReference@1b70203f
[DEBUG] 2026-10-10 16:30:34.211 [main] BasicTypeRegistry - Adding type registration java.util.GregorianCalendar -> org.hibernate.type.BasicTypeReference@1b70203f
[DEBUG] 2026-10-10 16:30:34.211 [main] BasicTypeRegistry - Adding type registration calendar_date -> org.hibernate.type.BasicTypeReference@51671b08
[DEBUG] 2026-10-10 16:30:34.211 [main] BasicTypeRegistry - Adding type registration calendar_time -> org.hibernate.type.BasicTypeReference@15051a0
[DEBUG] 2026-10-10 16:30:34.211 [main] BasicTypeRegistry - Adding type registration instant -> org.hibernate.type.BasicTypeReference@1162410a
[DEBUG] 2026-10-10 16:30:34.211 [main] BasicTypeRegistry - Adding type registration java.time.Instant -> org.hibernate.type.BasicTypeReference@1162410a
[DEBUG] 2026-10-10 16:30:34.211 [main] BasicTypeRegistry - Adding type registration uuid -> org.hibernate.type.BasicTypeReference@b09fac1
[DEBUG] 2026-10-10 16:30:34.211 [main] BasicTypeRegistry - Adding type registration java.util.UUID -> org.hibernate.type.BasicTypeReference@b09fac1
[DEBUG] 2026-10-10 16:30:34.211 [main] BasicTypeRegistry - Adding type registration pg-uuid -> org.hibernate.type.BasicTypeReference@b09fac1
[DEBUG] 2026-10-10 16:30:34.211 [main] BasicTypeRegistry - Adding type registration uuid-binary -> org.hibernate.type.BasicTypeReference@62df0ff3
[DEBUG] 2026-10-10 16:30:34.212 [main] BasicTypeRegistry - Adding type registration uuid-char -> org.hibernate.type.BasicTypeReference@61019f59
[DEBUG] 2026-10-10 16:30:34.212 [main] BasicTypeRegistry - Adding type registration class -> org.hibernate.type.BasicTypeReference@62e8f862
[DEBUG] 2026-10-10 16:30:34.212 [main] BasicTypeRegistry - Adding type registration java.lang.Class -> org.hibernate.type.BasicTypeReference@62e8f862
[DEBUG] 2026-10-10 16:30:34.212 [main] BasicTypeRegistry - Adding type registration currency -> org.hibernate.type.BasicTypeReference@26f3d90c
[DEBUG] 2026-10-10 16:30:34.214 [main] BasicTypeRegistry - Adding type registration Currency -> org.hibernate.type.BasicTypeReference@26f3d90c
[DEBUG] 2026-10-10 16:30:34.214 [main] BasicTypeRegistry - Adding type registration java.util.Currency -> org.hibernate.type.BasicTypeReference@26f3d90c
[DEBUG] 2026-10-10 16:30:34.214 [main] BasicTypeRegistry - Adding type registration locale -> org.hibernate.type.BasicTypeReference@3c49fab6
[DEBUG] 2026-10-10 16:30:34.214 [main] BasicTypeRegistry - Adding type registration java.util.Locale -> org.hibernate.type.BasicTypeReference@3c49fab6
[DEBUG] 2026-10-10 16:30:34.214 [main] BasicTypeRegistry - Adding type registration serializable -> org.hibernate.type.BasicTypeReference@515f4131
[DEBUG] 2026-10-10 16:30:34.214 [main] BasicTypeRegistry - Adding type registration java.io.Serializable -> org.hibernate.type.BasicTypeReference@515f4131
[DEBUG] 2026-10-10 16:30:34.214 [main] BasicTypeRegistry - Adding type registration timezone -> org.hibernate.type.BasicTypeReference@74518890
[DEBUG] 2026-10-10 16:30:34.214 [main] BasicTypeRegistry - Adding type registration java.util.TimeZone -> org.hibernate.type.BasicTypeReference@74518890
[DEBUG] 2026-10-10 16:30:34.214 [main] BasicTypeRegistry - Adding type registration ZoneOffset -> org.hibernate.type.BasicTypeReference@4c5204af
[DEBUG] 2026-10-10 16:30:34.214 [main] BasicTypeRegistry - Adding type registration java.time.ZoneOffset -> org.hibernate.type.BasicTypeReference@4c5204af
[DEBUG] 2026-10-10 16:30:34.214 [main] BasicTypeRegistry - Adding type registration url -> org.hibernate.type.BasicTypeReference@3f3ddbd9
[DEBUG] 2026-10-10 16:30:34.214 [main] BasicTypeRegistry - Adding type registration java.net.URL -> org.hibernate.type.BasicTypeReference@3f3ddbd9
[DEBUG] 2026-10-10 16:30:34.215 [main] BasicTypeRegistry - Adding type registration vector -> org.hibernate.type.BasicTypeReference@14c053c6
[DEBUG] 2026-10-10 16:30:34.215 [main] BasicTypeRegistry - Adding type registration row_version -> org.hibernate.type.BasicTypeReference@6c2d4cc6
[DEBUG] 2026-10-10 16:30:34.219 [main] BasicTypeRegistry - Adding type registration object -> org.hibernate.type.JavaObjectType@6aa648b9
[DEBUG] 2026-10-10 16:30:34.219 [main] BasicTypeRegistry - Adding type registration java.lang.Object -> org.hibernate.type.JavaObjectType@6aa648b9
[DEBUG] 2026-10-10 16:30:34.220 [main] BasicTypeRegistry - Adding type registration null -> org.hibernate.type.NullType@680bddf5
[DEBUG] 2026-10-10 16:30:34.221 [main] BasicTypeRegistry - Adding type registration imm_date -> org.hibernate.type.BasicTypeReference@7a9c84a5
[DEBUG] 2026-10-10 16:30:34.221 [main] BasicTypeRegistry - Adding type registration imm_time -> org.hibernate.type.BasicTypeReference@2d83c5a5
[DEBUG] 2026-10-10 16:30:34.221 [main] BasicTypeRegistry - Adding type registration imm_timestamp -> org.hibernate.type.BasicTypeReference@48d7ad8b
[DEBUG] 2026-10-10 16:30:34.221 [main] BasicTypeRegistry - Adding type registration imm_calendar -> org.hibernate.type.BasicTypeReference@7e053511
[DEBUG] 2026-10-10 16:30:34.221 [main] BasicTypeRegistry - Adding type registration imm_calendar_date -> org.hibernate.type.BasicTypeReference@60222fd8
[DEBUG] 2026-10-10 16:30:34.221 [main] BasicTypeRegistry - Adding type registration imm_calendar_time -> org.hibernate.type.BasicTypeReference@53bf7094
[DEBUG] 2026-10-10 16:30:34.222 [main] BasicTypeRegistry - Adding type registration imm_binary -> org.hibernate.type.BasicTypeReference@26f1249d
[DEBUG] 2026-10-10 16:30:34.222 [main] BasicTypeRegistry - Adding type registration imm_serializable -> org.hibernate.type.BasicTypeReference@710b30ef
[INFO ] 2026-10-10 16:30:34.263 [main] c3p0 - HHH010002: C3P0 using driver: com.mysql.cj.jdbc.Driver at URL: jdbc:mysql://localhost:3306/mtg_manager_test
[INFO ] 2026-10-10 16:30:34.263 [main] c3p0 - HHH10001001: Connection properties: {password=****, user=root}
[INFO ] 2026-10-10 16:30:34.263 [main] c3p0 - HHH10001003: Autocommit mode: false
[INFO ] 2026-10-10 16:30:34.453 [main] c3p0 - HHH10001007: JDBC isolation level: <unknown>
[DEBUG] 2026-10-10 16:30:34.996 [main] JdbcEnvironmentInitiator - Database ->
       name : MySQL
    version : 8.0.46-0ubuntu0.22.04.4
      major : 8
      minor : 0
[DEBUG] 2026-10-10 16:30:34.997 [main] JdbcEnvironmentInitiator - Driver ->
       name : MySQL Connector/J
    version : mysql-connector-j-8.4.0 (Revision: 1c3f5c149e0bfe31c7fbeb24e2d260cd890972c4)
      major : 8
      minor : 4
[DEBUG] 2026-10-10 16:30:34.997 [main] JdbcEnvironmentInitiator - JDBC version : 4.2
[DEBUG] 2026-10-10 16:30:35.112 [main] dialect - HHH035001: Using dialect: org.hibernate.dialect.MySQLDialect, version: 8.0
[DEBUG] 2026-10-10 16:30:35.127 [main] IdentifierHelperBuilder - JDBC driver metadata reported database stores quoted identifiers in more than one case
[DEBUG] 2026-10-10 16:30:35.127 [main] IdentifierHelperBuilder - IdentifierCaseStrategy for both quoted and unquoted identifiers was set to the same strategy [MIXED]; that will likely lead to problems in schema update and validation if using quoted identifiers
[DEBUG] 2026-10-10 16:30:35.159 [main] DdlTypeRegistry - addDescriptor(12, org.hibernate.type.descriptor.sql.internal.CapacityDependentDdlType@36dfbdaf) replaced previous registration(org.hibernate.type.descriptor.sql.internal.CapacityDependentDdlType@4f82663e)
[DEBUG] 2026-10-10 16:30:35.160 [main] DdlTypeRegistry - addDescriptor(-9, org.hibernate.type.descriptor.sql.internal.CapacityDependentDdlType@e04ccf8) replaced previous registration(org.hibernate.type.descriptor.sql.internal.CapacityDependentDdlType@51d143a1)
[DEBUG] 2026-10-10 16:30:35.160 [main] DdlTypeRegistry - addDescriptor(-3, org.hibernate.type.descriptor.sql.internal.CapacityDependentDdlType@1a28aef1) replaced previous registration(org.hibernate.type.descriptor.sql.internal.CapacityDependentDdlType@4647881c)
[DEBUG] 2026-10-10 16:30:35.160 [main] DdlTypeRegistry - addDescriptor(4003, org.hibernate.type.descriptor.sql.internal.DdlTypeImpl@6e0cff20) replaced previous registration(org.hibernate.type.descriptor.sql.internal.DdlTypeImpl@359b650b)
[DEBUG] 2026-10-10 16:30:35.160 [main] DdlTypeRegistry - addDescriptor(4001, org.hibernate.type.descriptor.sql.internal.DdlTypeImpl@6a9b0a6f) replaced previous registration(org.hibernate.type.descriptor.sql.internal.DdlTypeImpl@10667848)
[DEBUG] 2026-10-10 16:30:35.160 [main] DdlTypeRegistry - addDescriptor(4002, org.hibernate.type.descriptor.sql.internal.DdlTypeImpl@191a709b) replaced previous registration(org.hibernate.type.descriptor.sql.internal.DdlTypeImpl@77c7ed8e)
[DEBUG] 2026-10-10 16:30:35.160 [main] DdlTypeRegistry - addDescriptor(2004, org.hibernate.type.descriptor.sql.internal.CapacityDependentDdlType@453d496b) replaced previous registration(org.hibernate.type.descriptor.sql.internal.DdlTypeImpl@66bacdbc)
[DEBUG] 2026-10-10 16:30:35.160 [main] DdlTypeRegistry - addDescriptor(2005, org.hibernate.type.descriptor.sql.internal.CapacityDependentDdlType@2c6ee758) replaced previous registration(org.hibernate.type.descriptor.sql.internal.DdlTypeImpl@640dc4c6)
[DEBUG] 2026-10-10 16:30:35.160 [main] DdlTypeRegistry - addDescriptor(2011, org.hibernate.type.descriptor.sql.internal.CapacityDependentDdlType@4b54af3d) replaced previous registration(org.hibernate.type.descriptor.sql.internal.DdlTypeImpl@7bb35cc6)
[DEBUG] 2026-10-10 16:30:35.162 [main] JdbcTypeRegistry - addDescriptor(NCharTypeDescriptor) replaced previous registration(CharTypeDescriptor)
[DEBUG] 2026-10-10 16:30:35.162 [main] JdbcTypeRegistry - addDescriptor(NVarcharTypeDescriptor) replaced previous registration(VarcharTypeDescriptor)
[DEBUG] 2026-10-10 16:30:35.162 [main] JdbcTypeRegistry - addDescriptor(LongNVarcharTypeDescriptor) replaced previous registration(LongVarcharTypeDescriptor)
[DEBUG] 2026-10-10 16:30:35.174 [main] JdbcTypeRegistry - addDescriptor(NClobTypeDescriptor(DEFAULT)) replaced previous registration(ClobTypeDescriptor(DEFAULT))
[DEBUG] 2026-10-10 16:30:35.174 [main] JdbcTypeRegistry - addDescriptor(2005, ClobTypeDescriptor(STREAM_BINDING)) replaced previous registration(ClobTypeDescriptor(DEFAULT))
[DEBUG] 2026-10-10 16:30:35.179 [main] BasicTypeRegistry - Adding type registration null -> org.hibernate.type.NullType@5411dd90
[DEBUG] 2026-10-10 16:30:35.179 [main] BasicTypeRegistry - Type registration key [null] overrode previous entry : `org.hibernate.type.NullType@680bddf5`
[DEBUG] 2026-10-10 16:30:35.195 [main] BasicTypeRegistry - Adding type registration org.hibernate.type.DurationType -> basicType@1(java.time.Duration,2)
[DEBUG] 2026-10-10 16:30:35.195 [main] BasicTypeRegistry - Adding type registration Duration -> basicType@1(java.time.Duration,2)
[DEBUG] 2026-10-10 16:30:35.195 [main] BasicTypeRegistry - Adding type registration java.time.Duration -> basicType@1(java.time.Duration,2)
[DEBUG] 2026-10-10 16:30:35.197 [main] BasicTypeRegistry - Adding type registration org.hibernate.type.OffsetDateTimeType -> basicType@2(java.time.OffsetDateTime,3003)
[DEBUG] 2026-10-10 16:30:35.197 [main] BasicTypeRegistry - Adding type registration OffsetDateTime -> basicType@2(java.time.OffsetDateTime,3003)
[DEBUG] 2026-10-10 16:30:35.198 [main] BasicTypeRegistry - Adding type registration java.time.OffsetDateTime -> basicType@2(java.time.OffsetDateTime,3003)
[DEBUG] 2026-10-10 16:30:35.198 [main] BasicTypeRegistry - Adding type registration org.hibernate.type.ZonedDateTimeType -> basicType@3(java.time.ZonedDateTime,3003)
[DEBUG] 2026-10-10 16:30:35.198 [main] BasicTypeRegistry - Adding type registration ZonedDateTime -> basicType@3(java.time.ZonedDateTime,3003)
[DEBUG] 2026-10-10 16:30:35.198 [main] BasicTypeRegistry - Adding type registration java.time.ZonedDateTime -> basicType@3(java.time.ZonedDateTime,3003)
[DEBUG] 2026-10-10 16:30:35.198 [main] BasicTypeRegistry - Adding type registration org.hibernate.type.OffsetTimeType -> basicType@4(java.time.OffsetTime,3007)
[DEBUG] 2026-10-10 16:30:35.198 [main] BasicTypeRegistry - Adding type registration OffsetTime -> basicType@4(java.time.OffsetTime,3007)
[DEBUG] 2026-10-10 16:30:35.198 [main] BasicTypeRegistry - Adding type registration java.time.OffsetTime -> basicType@4(java.time.OffsetTime,3007)
[DEBUG] 2026-10-10 16:30:35.200 [main] TypeConfiguration$Scope - Scoping TypeConfiguration [org.hibernate.type.spi.TypeConfiguration@25c53f74] to MetadataBuildingContext [org.hibernate.boot.internal.MetadataBuildingContextRootImpl@5e2f3be5]
[DEBUG] 2026-10-10 16:30:35.292 [main] Namespace - Created database namespace [logicalName=Name{catalog=null, schema=null}, physicalName=Name{catalog=null, schema=null}]
[DEBUG] 2026-10-10 16:30:35.347 [main] EntityBinder - Binding entity from annotated class: com.magMan.entity.Card
[DEBUG] 2026-10-10 16:30:35.360 [main] EntityBinder - Import with entity name Card
[DEBUG] 2026-10-10 16:30:35.366 [main] EntityBinder - Bind entity com.magMan.entity.Card on table cards
[DEBUG] 2026-10-10 16:30:35.373 [main] AnnotatedColumn - Binding column: AnnotatedDiscriminatorColumn(column='DTYPE')
[DEBUG] 2026-10-10 16:30:35.389 [main] AnnotatedColumn - Binding column: AnnotatedColumn()
[DEBUG] 2026-10-10 16:30:35.390 [main] ClassLoaderAccessImpl - Not known whether passed class name [com.magMan.entity.Card] is safe
[DEBUG] 2026-10-10 16:30:35.390 [main] ClassLoaderAccessImpl - No temp ClassLoader provided; using live ClassLoader for loading potentially unsafe class : com.magMan.entity.Card
[DEBUG] 2026-10-10 16:30:35.392 [main] PropertyBinder - MetadataSourceProcessor property id with lazy=false
[DEBUG] 2026-10-10 16:30:35.395 [main] AbstractPropertyHolder - Attempting to locate auto-apply AttributeConverter for property [com.magMan.entity.Card:id]
[DEBUG] 2026-10-10 16:30:35.398 [main] BasicValueBinder - building BasicValue for id
[DEBUG] 2026-10-10 16:30:35.401 [main] BasicValue - Skipping column re-registration: cards.id
[DEBUG] 2026-10-10 16:30:35.401 [main] PropertyBinder - Building property id
[DEBUG] 2026-10-10 16:30:35.404 [main] BinderHelper - #makeIdGenerator(BasicValue([Column(id)]), id, org.hibernate.id.enhanced.SequenceStyleGenerator, native, ...)
[DEBUG] 2026-10-10 16:30:35.408 [main] AnnotatedColumn - Binding column: AnnotatedColumn(column='cardCmc')
[DEBUG] 2026-10-10 16:30:35.408 [main] PropertyBinder - MetadataSourceProcessor property cardCmc with lazy=false
[DEBUG] 2026-10-10 16:30:35.408 [main] AbstractPropertyHolder - Attempting to locate auto-apply AttributeConverter for property [com.magMan.entity.Card:cardCmc]
[DEBUG] 2026-10-10 16:30:35.408 [main] BasicValueBinder - building BasicValue for cardCmc
[DEBUG] 2026-10-10 16:30:35.408 [main] BasicValue - Skipping column re-registration: cards.cardCmc
[DEBUG] 2026-10-10 16:30:35.409 [main] PropertyBinder - Building property cardCmc
[DEBUG] 2026-10-10 16:30:35.409 [main] AnnotatedColumn - Binding column: AnnotatedColumn(column='cardName')
[DEBUG] 2026-10-10 16:30:35.409 [main] PropertyBinder - MetadataSourceProcessor property cardName with lazy=false
[DEBUG] 2026-10-10 16:30:35.409 [main] AbstractPropertyHolder - Attempting to locate auto-apply AttributeConverter for property [com.magMan.entity.Card:cardName]
[DEBUG] 2026-10-10 16:30:35.409 [main] BasicValueBinder - building BasicValue for cardName
[DEBUG] 2026-10-10 16:30:35.410 [main] BasicValue - Skipping column re-registration: cards.cardName
[DEBUG] 2026-10-10 16:30:35.410 [main] PropertyBinder - Building property cardName
[DEBUG] 2026-10-10 16:30:35.410 [main] AnnotatedColumn - Binding column: AnnotatedColumn(column='cardQuantity')
[DEBUG] 2026-10-10 16:30:35.410 [main] PropertyBinder - MetadataSourceProcessor property cardQuantity with lazy=false
[DEBUG] 2026-10-10 16:30:35.410 [main] AbstractPropertyHolder - Attempting to locate auto-apply AttributeConverter for property [com.magMan.entity.Card:cardQuantity]
[DEBUG] 2026-10-10 16:30:35.410 [main] BasicValueBinder - building BasicValue for cardQuantity
[DEBUG] 2026-10-10 16:30:35.410 [main] BasicValue - Skipping column re-registration: cards.cardQuantity
[DEBUG] 2026-10-10 16:30:35.410 [main] PropertyBinder - Building property cardQuantity
[DEBUG] 2026-10-10 16:30:35.411 [main] AnnotatedColumn - Binding column: AnnotatedColumn(column='cardType')
[DEBUG] 2026-10-10 16:30:35.411 [main] PropertyBinder - MetadataSourceProcessor property cardType with lazy=false
[DEBUG] 2026-10-10 16:30:35.411 [main] AbstractPropertyHolder - Attempting to locate auto-apply AttributeConverter for property [com.magMan.entity.Card:cardType]
[DEBUG] 2026-10-10 16:30:35.411 [main] BasicValueBinder - building BasicValue for cardType
[DEBUG] 2026-10-10 16:30:35.411 [main] BasicValue - Skipping column re-registration: cards.cardType
[DEBUG] 2026-10-10 16:30:35.411 [main] PropertyBinder - Building property cardType
[DEBUG] 2026-10-10 16:30:35.413 [main] AnnotatedColumn - Binding column: AnnotatedJoinColumn()
[DEBUG] 2026-10-10 16:30:35.413 [main] AnnotatedColumn - Binding column: AnnotatedColumn()
[DEBUG] 2026-10-10 16:30:35.422 [main] AnnotatedColumn - Binding column: IndexColumn(column='rulings_ORDER')
[DEBUG] 2026-10-10 16:30:35.426 [main] AnnotatedColumn - Binding column: AnnotatedColumn()
[DEBUG] 2026-10-10 16:30:35.427 [main] AnnotatedColumn - Binding column: AnnotatedColumn(column='rulings_KEY')
[DEBUG] 2026-10-10 16:30:35.427 [main] AnnotatedColumn - Binding column: AnnotatedJoinColumn(column='rulings_KEY')
[DEBUG] 2026-10-10 16:30:35.428 [main] AnnotatedColumn - Binding column: AnnotatedJoinColumn()
[DEBUG] 2026-10-10 16:30:35.428 [main] AnnotatedColumn - Binding column: AnnotatedJoinColumn()
[DEBUG] 2026-10-10 16:30:35.430 [main] CollectionBinder - Collection role: com.magMan.entity.Card.rulings
[DEBUG] 2026-10-10 16:30:35.432 [main] PropertyBinder - Building property rulings
[DEBUG] 2026-10-10 16:30:35.433 [main] ClassLoaderServiceImpl - HHH000194: Package not found or wo package-info.java: com.magMan.entity
[DEBUG] 2026-10-10 16:30:35.437 [main] EntityBinder - Binding entity from annotated class: com.magMan.entity.Ruling
[DEBUG] 2026-10-10 16:30:35.438 [main] EntityBinder - Import with entity name Ruling
[DEBUG] 2026-10-10 16:30:35.438 [main] EntityBinder - Bind entity com.magMan.entity.Ruling on table rulings
[DEBUG] 2026-10-10 16:30:35.438 [main] AnnotatedColumn - Binding column: AnnotatedDiscriminatorColumn(column='DTYPE')
[DEBUG] 2026-10-10 16:30:35.440 [main] AnnotatedColumn - Binding column: AnnotatedColumn()
[DEBUG] 2026-10-10 16:30:35.440 [main] ClassLoaderAccessImpl - Not known whether passed class name [com.magMan.entity.Ruling] is safe
[DEBUG] 2026-10-10 16:30:35.440 [main] ClassLoaderAccessImpl - No temp ClassLoader provided; using live ClassLoader for loading potentially unsafe class : com.magMan.entity.Ruling
[DEBUG] 2026-10-10 16:30:35.440 [main] PropertyBinder - MetadataSourceProcessor property id with lazy=false
[DEBUG] 2026-10-10 16:30:35.441 [main] AbstractPropertyHolder - Attempting to locate auto-apply AttributeConverter for property [com.magMan.entity.Ruling:id]
[DEBUG] 2026-10-10 16:30:35.441 [main] BasicValueBinder - building BasicValue for id
[DEBUG] 2026-10-10 16:30:35.441 [main] BasicValue - Skipping column re-registration: rulings.id
[DEBUG] 2026-10-10 16:30:35.441 [main] PropertyBinder - Building property id
[DEBUG] 2026-10-10 16:30:35.441 [main] BinderHelper - #makeIdGenerator(BasicValue([Column(id)]), id, org.hibernate.id.enhanced.SequenceStyleGenerator, native, ...)
[DEBUG] 2026-10-10 16:30:35.441 [main] AnnotatedColumn - Binding column: AnnotatedJoinColumn()
[DEBUG] 2026-10-10 16:30:35.442 [main] AnnotatedColumn - Binding column: AnnotatedColumn()
[DEBUG] 2026-10-10 16:30:35.444 [main] PropertyBinder - Building property card
[DEBUG] 2026-10-10 16:30:35.444 [main] AnnotatedColumn - Binding column: AnnotatedColumn(column='ruling_date')
[DEBUG] 2026-10-10 16:30:35.445 [main] PropertyBinder - MetadataSourceProcessor property rulingDate with lazy=false
[DEBUG] 2026-10-10 16:30:35.445 [main] AbstractPropertyHolder - Attempting to locate auto-apply AttributeConverter for property [com.magMan.entity.Ruling:rulingDate]
[DEBUG] 2026-10-10 16:30:35.445 [main] BasicValueBinder - building BasicValue for rulingDate
[DEBUG] 2026-10-10 16:30:35.445 [main] BasicValue - Skipping column re-registration: rulings.ruling_date
[DEBUG] 2026-10-10 16:30:35.445 [main] PropertyBinder - Building property rulingDate
[DEBUG] 2026-10-10 16:30:35.446 [main] AnnotatedColumn - Binding column: AnnotatedColumn(column='ruling_text')
[DEBUG] 2026-10-10 16:30:35.447 [main] PropertyBinder - MetadataSourceProcessor property rulingText with lazy=false
[DEBUG] 2026-10-10 16:30:35.447 [main] AbstractPropertyHolder - Attempting to locate auto-apply AttributeConverter for property [com.magMan.entity.Ruling:rulingText]
[DEBUG] 2026-10-10 16:30:35.447 [main] BasicValueBinder - building BasicValue for rulingText
[DEBUG] 2026-10-10 16:30:35.447 [main] BasicValue - Skipping column re-registration: rulings.ruling_text
[DEBUG] 2026-10-10 16:30:35.447 [main] PropertyBinder - Building property rulingText
[DEBUG] 2026-10-10 16:30:35.447 [main] ClassLoaderServiceImpl - HHH000194: Package not found or wo package-info.java: com.magMan.entity
[DEBUG] 2026-10-10 16:30:35.448 [main] BasicValueBinder - Starting `BasicValueBinder#fillSimpleValue` for id
[DEBUG] 2026-10-10 16:30:35.449 [main] BasicValueBinder - Starting `BasicValueBinder#fillSimpleValue` for cardCmc
[DEBUG] 2026-10-10 16:30:35.450 [main] BasicValueBinder - Starting `BasicValueBinder#fillSimpleValue` for cardName
[DEBUG] 2026-10-10 16:30:35.450 [main] BasicValueBinder - Starting `BasicValueBinder#fillSimpleValue` for cardQuantity
[DEBUG] 2026-10-10 16:30:35.450 [main] BasicValueBinder - Starting `BasicValueBinder#fillSimpleValue` for cardType
[DEBUG] 2026-10-10 16:30:35.450 [main] BasicValueBinder - Starting `BasicValueBinder#fillSimpleValue` for id
[DEBUG] 2026-10-10 16:30:35.450 [main] BasicValueBinder - Starting `BasicValueBinder#fillSimpleValue` for rulingDate
[DEBUG] 2026-10-10 16:30:35.450 [main] BasicValueBinder - Starting `BasicValueBinder#fillSimpleValue` for rulingText
[DEBUG] 2026-10-10 16:30:35.455 [main] PrimaryKey - Forcing column [id] to be non-null as it is part of the primary key for table [cards]
[DEBUG] 2026-10-10 16:30:35.455 [main] PrimaryKey - Forcing column [id] to be non-null as it is part of the primary key for table [rulings]
[DEBUG] 2026-10-10 16:30:35.456 [main] CollectionSecondPass - Second pass for collection: com.magMan.entity.Card.rulings
[DEBUG] 2026-10-10 16:30:35.457 [main] CollectionBinder - Binding a OneToMany: com.magMan.entity.Card.rulings through a foreign key
[DEBUG] 2026-10-10 16:30:35.459 [main] CollectionBinder - Mapping collection: com.magMan.entity.Card.rulings -> rulings
[DEBUG] 2026-10-10 16:30:35.460 [main] TableBinder - Retrieving property com.magMan.entity.Ruling.card
[DEBUG] 2026-10-10 16:30:35.460 [main] CollectionSecondPass - Mapped collection key: card_id, one-to-many: com.magMan.entity.Ruling
[DEBUG] 2026-10-10 16:30:35.460 [main] InFlightMetadataCollectorImpl - Resolving reference to class: com.magMan.entity.Card
[DEBUG] 2026-10-10 16:30:35.483 [main] InFlightMetadataCollectorImpl - Resolving reference to class: com.magMan.entity.Card
[DEBUG] 2026-10-10 16:30:35.630 [main] SessionFactoryImpl - Building session factory
[DEBUG] 2026-10-10 16:30:35.670 [main] SessionFactoryServiceRegistryImpl - EventListenerRegistry access via ServiceRegistry is deprecated.  Use `sessionFactory.getEventEngine().getListenerRegistry()` instead
[DEBUG] 2026-10-10 16:30:35.671 [main] SessionFactoryImpl - Instantiating SessionFactory with settings: {sun.desktop=gnome, awt.toolkit=sun.awt.X11.XToolkit, java.specification.version=11, sun.cpu.isalist=, hibernate.c3p0.idle_test_period=3000, sun.jnu.encoding=UTF-8, hibernate.c3p0.min_size=5, java.class.path=/snap/intellij-idea-ultimate/830/lib/idea_rt.jar:/snap/intellij-idea-ultimate/830/plugins/junit/lib/junit5-rt.jar:/snap/intellij-idea-ultimate/830/plugins/junit/lib/junit-rt.jar:/home/student/IdeaProjects/MtgManager/target/test-classes:/home/student/IdeaProjects/MtgManager/target/classes:/home/student/.m2/repository/javax/javaee-web-api/7.0/javaee-web-api-7.0.jar:/home/student/.m2/repository/org/glassfish/web/javax.servlet.jsp.jstl/1.2.5/javax.servlet.jsp.jstl-1.2.5.jar:/home/student/.m2/repository/javax/servlet/jsp/jstl/jstl-api/1.2/jstl-api-1.2.jar:/home/student/.m2/repository/javax/servlet/servlet-api/2.5/servlet-api-2.5.jar:/home/student/.m2/repository/javax/servlet/jsp/jsp-api/2.1/jsp-api-2.1.jar:/home/student/.m2/repository/xalan/xalan/2.7.2/xalan-2.7.2.jar:/home/student/.m2/repository/xalan/serializer/2.7.2/serializer-2.7.2.jar:/home/student/.m2/repository/xml-apis/xml-apis/1.3.04/xml-apis-1.3.04.jar:/home/student/.m2/repository/com/mysql/mysql-connector-j/8.4.0/mysql-connector-j-8.4.0.jar:/home/student/.m2/repository/com/google/protobuf/protobuf-java/3.25.1/protobuf-java-3.25.1.jar:/home/student/.m2/repository/org/apache/logging/log4j/log4j-api/2.17.1/log4j-api-2.17.1.jar:/home/student/.m2/repository/org/apache/logging/log4j/log4j-core/2.17.1/log4j-core-2.17.1.jar:/home/student/.m2/repository/junit/junit/4.12/junit-4.12.jar:/home/student/.m2/repository/org/hamcrest/hamcrest-core/1.3/hamcrest-core-1.3.jar:/home/student/.m2/repository/org/junit/platform/junit-platform-runner/1.0.0/junit-platform-runner-1.0.0.jar:/home/student/.m2/repository/org/apiguardian/apiguardian-api/1.0.0/apiguardian-api-1.0.0.jar:/home/student/.m2/repository/org/junit/platform/junit-platform-launcher/1.0.0/junit-platform-launcher-1.0.0.jar:/home/student/.m2/repository/org/junit/platform/junit-platform-suite-api/1.0.0/junit-platform-suite-api-1.0.0.jar:/home/student/.m2/repository/org/junit/platform/junit-platform-commons/1.0.0/junit-platform-commons-1.0.0.jar:/home/student/.m2/repository/org/junit/vintage/junit-vintage-engine/4.12.0/junit-vintage-engine-4.12.0.jar:/home/student/.m2/repository/org/junit/platform/junit-platform-engine/1.0.0/junit-platform-engine-1.0.0.jar:/home/student/.m2/repository/org/opentest4j/opentest4j/1.0.0/opentest4j-1.0.0.jar:/home/student/.m2/repository/org/junit/jupiter/junit-jupiter-engine/5.0.0/junit-jupiter-engine-5.0.0.jar:/home/student/.m2/repository/org/junit/jupiter/junit-jupiter-api/5.0.0/junit-jupiter-api-5.0.0.jar:/home/student/.m2/repository/org/hibernate/orm/hibernate-core/6.4.3.Final/hibernate-core-6.4.3.Final.jar:/home/student/.m2/repository/jakarta/persistence/jakarta.persistence-api/3.1.0/jakarta.persistence-api-3.1.0.jar:/home/student/.m2/repository/jakarta/transaction/jakarta.transaction-api/2.0.1/jakarta.transaction-api-2.0.1.jar:/home/student/.m2/repository/org/jboss/logging/jboss-logging/3.5.0.Final/jboss-logging-3.5.0.Final.jar:/home/student/.m2/repository/org/hibernate/common/hibernate-commons-annotations/6.0.6.Final/hibernate-commons-annotations-6.0.6.Final.jar:/home/student/.m2/repository/io/smallrye/jandex/3.1.2/jandex-3.1.2.jar:/home/student/.m2/repository/com/fasterxml/classmate/1.5.1/classmate-1.5.1.jar:/home/student/.m2/repository/net/bytebuddy/byte-buddy/1.14.7/byte-buddy-1.14.7.jar:/home/student/.m2/repository/jakarta/xml/bind/jakarta.xml.bind-api/4.0.0/jakarta.xml.bind-api-4.0.0.jar:/home/student/.m2/repository/jakarta/activation/jakarta.activation-api/2.1.0/jakarta.activation-api-2.1.0.jar:/home/student/.m2/repository/org/glassfish/jaxb/jaxb-runtime/4.0.2/jaxb-runtime-4.0.2.jar:/home/student/.m2/repository/org/glassfish/jaxb/jaxb-core/4.0.2/jaxb-core-4.0.2.jar:/home/student/.m2/repository/org/eclipse/angus/angus-activation/2.0.0/angus-activation-2.0.0.jar:/home/student/.m2/repository/org/glassfish/jaxb/txw2/4.0.2/txw2-4.0.2.jar:/home/student/.m2/repository/com/sun/istack/istack-commons-runtime/4.1.1/istack-commons-runtime-4.1.1.jar:/home/student/.m2/repository/jakarta/inject/jakarta.inject-api/2.0.1/jakarta.inject-api-2.0.1.jar:/home/student/.m2/repository/org/antlr/antlr4-runtime/4.13.0/antlr4-runtime-4.13.0.jar:/home/student/.m2/repository/org/hibernate/orm/hibernate-c3p0/6.4.3.Final/hibernate-c3p0-6.4.3.Final.jar:/home/student/.m2/repository/com/mchange/c3p0/0.9.5.5/c3p0-0.9.5.5.jar:/home/student/.m2/repository/com/mchange/mchange-commons-java/0.2.19/mchange-commons-java-0.2.19.jar, kotlinx.coroutines.debug.enable.mutable.state.flows.stack.trace=true, java.vm.vendor=Ubuntu, sun.arch.data.model=64, idea.test.cyclic.buffer.size=1048576, java.vendor.url=https://ubuntu.com/, user.timezone=America/Chicago, os.name=Linux, java.vm.specification.version=11, sun.java.launcher=SUN_STANDARD, user.country=US, sun.boot.library.path=/usr/lib/jvm/java-11-openjdk-amd64/lib, sun.java.command=com.intellij.rt.junit.JUnitStarter -ideVersion5 -junit5 com.magMan.persistence.CardDaoTest,getByPropertyLikeSuccess, jdk.debug=release, sun.cpu.endian=little, user.home=/home/student, hibernate.c3p0.max_statements=50, user.language=en, java.specification.vendor=Oracle Corporation, java.version.date=2026-08-18, java.home=/usr/lib/jvm/java-11-openjdk-amd64, file.separator=/, java.vm.compressedOopsMode=32-bit, line.separator=
, hibernate.c3p0.timeout=300, java.specification.name=Java Platform API Specification, java.vm.specification.vendor=Oracle Corporation, intellij.debug.agent=true, java.awt.graphicsenv=sun.awt.X11GraphicsEnvironment, connection.password=student, sun.management.compiler=HotSpot 64-Bit Tiered Compilers, hibernate.c3p0.max_size=20, java.runtime.version=11.0.32.1+1-post-1ubuntu1-22.04-Ubuntu, user.name=student, path.separator=:, kotlinx.coroutines.debug.enable.creation.stack.trace=false, hibernate.connection.username=****, os.version=5.15.0-198-generic, java.runtime.name=OpenJDK Runtime Environment, hibernate.connection.url=jdbc:mysql://localhost:3306/mtg_manager_test, file.encoding=UTF-8, debugger.agent.enable.log.capture=true, java.vm.name=OpenJDK 64-Bit Server VM, hibernate.connection.driver_class=com.mysql.cj.jdbc.Driver, java.vendor.url.bug=https://bugs.launchpad.net/ubuntu/+source/openjdk-lts, java.io.tmpdir=/tmp, java.version=11.0.32.1, jboss.modules.system.pkgs=com.intellij.rt, user.dir=/home/student/IdeaProjects/MtgManager, os.arch=amd64, connection.username=root, java.vm.specification.name=Java Virtual Machine Specification, java.awt.printerjob=sun.print.PSPrinterJob, hibernate.connection.password=****, sun.os.patch.level=unknown, connection.driver_class=com.mysql.cj.jdbc.Driver, hibernate.boot.CfgXmlAccessService.key=org.hibernate.boot.cfgxml.spi.LoadedConfig@70c69586, kotlinx.coroutines.debug.enable.flows.stack.trace=true, java.library.path=/usr/java/packages/lib:/usr/lib/x86_64-linux-gnu/jni:/lib/x86_64-linux-gnu:/usr/lib/x86_64-linux-gnu:/usr/lib/jni:/lib:/usr/lib, java.vendor=Ubuntu, java.vm.info=mixed mode, sharing, java.vm.version=11.0.32.1+1-post-1ubuntu1-22.04-Ubuntu, java.specification.maintenance.version=3, debugger.async.stack.trace.for.all.threads=true, java.rmi.server.randomIDs=true, sun.io.unicode.encoding=UnicodeLittle, connection.url=jdbc:mysql://localhost:3306/mtg_manager_test, debugger.agent.enable.coroutines=true, java.class.version=55.0}
[DEBUG] 2026-10-10 16:30:35.675 [main] SessionFactoryImpl - Session factory constructed with filter configurations : {}
[DEBUG] 2026-10-10 16:30:35.682 [main] SchemaManagementToolCoordinator - No schema actions specified for contributor `orm`; doing nothing
[DEBUG] 2026-10-10 16:30:35.730 [main] SqmFunctionRegistry - Registered SqmFunctionTemplate [NamedSqmFunctionTemplate(max)] under max; prior registration was null
[DEBUG] 2026-10-10 16:30:35.731 [main] SqmFunctionRegistry - Registered SqmFunctionTemplate [NamedSqmFunctionTemplate(min)] under min; prior registration was null
[DEBUG] 2026-10-10 16:30:35.731 [main] SqmFunctionRegistry - Registered SqmFunctionTemplate [NamedSqmFunctionTemplate(sum)] under sum; prior registration was null
[DEBUG] 2026-10-10 16:30:35.732 [main] SqmFunctionRegistry - Registered SqmFunctionTemplate [NamedSqmFunctionTemplate(avg)] under avg; prior registration was null
[DEBUG] 2026-10-10 16:30:35.734 [main] SqmFunctionRegistry - Registered SqmFunctionTemplate [org.hibernate.dialect.function.CountFunction@1d4fb213] under count; prior registration was null
[DEBUG] 2026-10-10 16:30:35.736 [main] SqmFunctionRegistry - Registered SqmFunctionTemplate [org.hibernate.dialect.function.EveryAnyEmulation@2dd8ff1d] under every; prior registration was null
[DEBUG] 2026-10-10 16:30:35.736 [main] SqmFunctionRegistry - Registered SqmFunctionTemplate [org.hibernate.dialect.function.EveryAnyEmulation@17e9bc9e] under any; prior registration was null
[DEBUG] 2026-10-10 16:30:35.737 [main] SqmFunctionRegistry - Registered SqmFunctionTemplate [NamedSqmFunctionTemplate(floor)] under floor; prior registration was null
[DEBUG] 2026-10-10 16:30:35.737 [main] SqmFunctionRegistry - Registered SqmFunctionTemplate [NamedSqmFunctionTemplate(ceiling)] under ceiling; prior registration was null
[DEBUG] 2026-10-10 16:30:35.737 [main] SqmFunctionRegistry - Registered SqmFunctionTemplate [NamedSqmFunctionTemplate(mod)] under mod; prior registration was null
[DEBUG] 2026-10-10 16:30:35.737 [main] SqmFunctionRegistry - Registered SqmFunctionTemplate [NamedSqmFunctionTemplate(abs)] under abs; prior registration was null
[DEBUG] 2026-10-10 16:30:35.737 [main] SqmFunctionRegistry - Registered SqmFunctionTemplate [NamedSqmFunctionTemplate(sign)] under sign; prior registration was null
[DEBUG] 2026-10-10 16:30:35.737 [main] SqmFunctionRegistry - Registered SqmFunctionTemplate [NamedSqmFunctionTemplate(sqrt)] under sqrt; prior registration was null
[DEBUG] 2026-10-10 16:30:35.737 [main] SqmFunctionRegistry - Registered SqmFunctionTemplate [NamedSqmFunctionTemplate(ln)] under ln; prior registration was null
[DEBUG] 2026-10-10 16:30:35.737 [main] SqmFunctionRegistry - Registered SqmFunctionTemplate [NamedSqmFunctionTemplate(exp)] under exp; prior registration was null
[DEBUG] 2026-10-10 16:30:35.737 [main] SqmFunctionRegistry - Registered SqmFunctionTemplate [NamedSqmFunctionTemplate(power)] under power; prior registration was null
[DEBUG] 2026-10-10 16:30:35.738 [main] SqmFunctionRegistry - Registered SqmFunctionTemplate [NamedSqmFunctionTemplate(round)] under round; prior registration was null
[DEBUG] 2026-10-10 16:30:35.738 [main] SqmFunctionRegistry - Registered SqmFunctionTemplate [NamedSqmFunctionTemplate(sin)] under sin; prior registration was null
[DEBUG] 2026-10-10 16:30:35.738 [main] SqmFunctionRegistry - Registered SqmFunctionTemplate [NamedSqmFunctionTemplate(cos)] under cos; prior registration was null
[DEBUG] 2026-10-10 16:30:35.738 [main] SqmFunctionRegistry - Registered SqmFunctionTemplate [NamedSqmFunctionTemplate(tan)] under tan; prior registration was null
[DEBUG] 2026-10-10 16:30:35.738 [main] SqmFunctionRegistry - Registered SqmFunctionTemplate [NamedSqmFunctionTemplate(asin)] under asin; prior registration was null
[DEBUG] 2026-10-10 16:30:35.739 [main] SqmFunctionRegistry - Registered SqmFunctionTemplate [NamedSqmFunctionTemplate(acos)] under acos; prior registration was null
[DEBUG] 2026-10-10 16:30:35.739 [main] SqmFunctionRegistry - Registered SqmFunctionTemplate [NamedSqmFunctionTemplate(atan)] under atan; prior registration was null
[DEBUG] 2026-10-10 16:30:35.739 [main] SqmFunctionRegistry - Registered SqmFunctionTemplate [NamedSqmFunctionTemplate(atan2)] under atan2; prior registration was null
[DEBUG] 2026-10-10 16:30:35.740 [main] SqmFunctionRegistry - Registered SqmFunctionTemplate [org.hibernate.query.sqm.function.PatternBasedSqmFunctionDescriptor@45c9b3] under sinh; prior registration was null
[DEBUG] 2026-10-10 16:30:35.741 [main] SqmFunctionRegistry - Registered SqmFunctionTemplate [org.hibernate.query.sqm.function.PatternBasedSqmFunctionDescriptor@38b3f208] under cosh; prior registration was null
[DEBUG] 2026-10-10 16:30:35.741 [main] SqmFunctionRegistry - Registered SqmFunctionTemplate [org.hibernate.query.sqm.function.PatternBasedSqmFunctionDescriptor@6680f714] under tanh; prior registration was null
[DEBUG] 2026-10-10 16:30:35.741 [main] SqmFunctionRegistry - Registered SqmFunctionTemplate [org.hibernate.query.sqm.function.PatternBasedSqmFunctionDescriptor@53b1a3f8] under pi; prior registration was null
[DEBUG] 2026-10-10 16:30:35.741 [main] SqmFunctionRegistry - Registered SqmFunctionTemplate [org.hibernate.query.sqm.function.PatternBasedSqmFunctionDescriptor@7d97e06c] under log; prior registration was null
[DEBUG] 2026-10-10 16:30:35.741 [main] SqmFunctionRegistry - Registered SqmFunctionTemplate [NamedSqmFunctionTemplate(coalesce)] under coalesce; prior registration was null
[DEBUG] 2026-10-10 16:30:35.742 [main] SqmFunctionRegistry - Registered SqmFunctionTemplate [NamedSqmFunctionTemplate(nullif)] under nullif; prior registration was null
[DEBUG] 2026-10-10 16:30:35.742 [main] SqmFunctionRegistry - Registered SqmFunctionTemplate [NamedSqmFunctionTemplate(left)] under left; prior registration was null
[DEBUG] 2026-10-10 16:30:35.742 [main] SqmFunctionRegistry - Registered SqmFunctionTemplate [NamedSqmFunctionTemplate(right)] under right; prior registration was null
[DEBUG] 2026-10-10 16:30:35.742 [main] SqmFunctionRegistry - Registered SqmFunctionTemplate [NamedSqmFunctionTemplate(replace)] under replace; prior registration was null
[DEBUG] 2026-10-10 16:30:35.743 [main] SqmFunctionRegistry - Registered SqmFunctionTemplate [NamedSqmFunctionTemplate(concat)] under concat; prior registration was null
[DEBUG] 2026-10-10 16:30:35.743 [main] SqmFunctionRegistry - Registered SqmFunctionTemplate [NamedSqmFunctionTemplate(lower)] under lower; prior registration was null
[DEBUG] 2026-10-10 16:30:35.743 [main] SqmFunctionRegistry - Registered SqmFunctionTemplate [NamedSqmFunctionTemplate(upper)] under upper; prior registration was null
[DEBUG] 2026-10-10 16:30:35.744 [main] SqmFunctionRegistry - Registered SqmFunctionTemplate [NamedSqmFunctionTemplate(substring)] under substring; prior registration was null
[DEBUG] 2026-10-10 16:30:35.744 [main] SqmFunctionRegistry - Registered SqmFunctionTemplate [NamedSqmFunctionTemplate(locate)] under locate; prior registration was null
[DEBUG] 2026-10-10 16:30:35.744 [main] SqmFunctionRegistry - Registered SqmFunctionTemplate [NamedSqmFunctionTemplate(character_length)] under character_length; prior registration was null
[DEBUG] 2026-10-10 16:30:35.745 [main] SqmFunctionRegistry - Registering alternate key : length -> character_length
[DEBUG] 2026-10-10 16:30:35.745 [main] SqmFunctionRegistry - Registered SqmFunctionTemplate [org.hibernate.dialect.function.LocatePositionEmulation@5e99b9c] under position; prior registration was null
[DEBUG] 2026-10-10 16:30:35.747 [main] SqmFunctionRegistry - Registered SqmFunctionTemplate [org.hibernate.dialect.function.InsertSubstringOverlayEmulation@4d9754a8] under overlay; prior registration was null
[DEBUG] 2026-10-10 16:30:35.747 [main] SqmFunctionRegistry - Registered SqmFunctionTemplate [org.hibernate.dialect.function.TrimFunction@52b46d52] under trim; prior registration was null
[DEBUG] 2026-10-10 16:30:35.749 [main] SqmFunctionRegistry - Registered SqmFunctionTemplate [org.hibernate.dialect.function.CastFunction@1fbf088b] under cast; prior registration was null
[DEBUG] 2026-10-10 16:30:35.749 [main] SqmFunctionRegistry - Registered SqmFunctionTemplate [org.hibernate.query.sqm.function.PatternBasedSqmFunctionDescriptor@1943c1f2] under collate; prior registration was null
[DEBUG] 2026-10-10 16:30:35.750 [main] SqmFunctionRegistry - Registered SqmFunctionTemplate [org.hibernate.dialect.function.ExtractFunction@7ec95456] under extract; prior registration was null
[DEBUG] 2026-10-10 16:30:35.751 [main] SqmFunctionRegistry - Registered SqmFunctionTemplate [NamedSqmFunctionTemplate(least)] under least; prior registration was null
[DEBUG] 2026-10-10 16:30:35.751 [main] SqmFunctionRegistry - Registered SqmFunctionTemplate [NamedSqmFunctionTemplate(greatest)] under greatest; prior registration was null
[DEBUG] 2026-10-10 16:30:35.752 [main] SqmFunctionRegistry - Registered SqmFunctionTemplate [org.hibernate.dialect.function.CoalesceIfnullEmulation@428bdd72] under ifnull; prior registration was null
[DEBUG] 2026-10-10 16:30:35.752 [main] SqmFunctionRegistry - Registered SqmFunctionTemplate [NamedSqmFunctionTemplate(lpad)] under lpad; prior registration was null
[DEBUG] 2026-10-10 16:30:35.752 [main] SqmFunctionRegistry - Registered SqmFunctionTemplate [NamedSqmFunctionTemplate(rpad)] under rpad; prior registration was null
[DEBUG] 2026-10-10 16:30:35.752 [main] SqmFunctionRegistry - Registered SqmFunctionTemplate [org.hibernate.dialect.function.LpadRpadPadEmulation@68f6e55d] under pad; prior registration was null
[DEBUG] 2026-10-10 16:30:35.753 [main] SqmFunctionRegistry - Registered SqmFunctionTemplate [org.hibernate.dialect.function.CastStrEmulation@65a9ea3c] under str; prior registration was null
[DEBUG] 2026-10-10 16:30:35.754 [main] SqmFunctionRegistry - Registered SqmFunctionTemplate [org.hibernate.dialect.function.FormatFunction@d902300] under format; prior registration was null
[DEBUG] 2026-10-10 16:30:35.754 [main] SqmFunctionRegistry - Registered SqmFunctionTemplate [org.hibernate.dialect.function.TimestampaddFunction@54e12f4c] under timestampadd; prior registration was null
[DEBUG] 2026-10-10 16:30:35.755 [main] SqmFunctionRegistry - Registered SqmFunctionTemplate [org.hibernate.dialect.function.TimestampdiffFunction@6ca30b8a] under timestampdiff; prior registration was null
[DEBUG] 2026-10-10 16:30:35.755 [main] SqmFunctionRegistry - Registering alternate key : dateadd -> timestampadd
[DEBUG] 2026-10-10 16:30:35.755 [main] SqmFunctionRegistry - Registering alternate key : datediff -> timestampdiff
[DEBUG] 2026-10-10 16:30:35.755 [main] SqmFunctionRegistry - Registered SqmFunctionTemplate [org.hibernate.dialect.function.CurrentFunction@383caf89] under current_date; prior registration was null
[DEBUG] 2026-10-10 16:30:35.755 [main] SqmFunctionRegistry - Registered SqmFunctionTemplate [org.hibernate.dialect.function.CurrentFunction@64c781a9] under current_time; prior registration was null
[DEBUG] 2026-10-10 16:30:35.755 [main] SqmFunctionRegistry - Registered SqmFunctionTemplate [org.hibernate.dialect.function.CurrentFunction@71ed560f] under current_timestamp; prior registration was null
[DEBUG] 2026-10-10 16:30:35.755 [main] SqmFunctionRegistry - Registering alternate key : current date -> current_date
[DEBUG] 2026-10-10 16:30:35.755 [main] SqmFunctionRegistry - Registering alternate key : current time -> current_time
[DEBUG] 2026-10-10 16:30:35.756 [main] SqmFunctionRegistry - Registering alternate key : current timestamp -> current_timestamp
[DEBUG] 2026-10-10 16:30:35.756 [main] SqmFunctionRegistry - Registered SqmFunctionTemplate [org.hibernate.dialect.function.CurrentFunction@5b88b8e] under local_date; prior registration was null
[DEBUG] 2026-10-10 16:30:35.756 [main] SqmFunctionRegistry - Registered SqmFunctionTemplate [org.hibernate.dialect.function.CurrentFunction@58253c57] under local_time; prior registration was null
[DEBUG] 2026-10-10 16:30:35.756 [main] SqmFunctionRegistry - Registered SqmFunctionTemplate [org.hibernate.dialect.function.CurrentFunction@b73433] under local_datetime; prior registration was null
[DEBUG] 2026-10-10 16:30:35.756 [main] SqmFunctionRegistry - Registered SqmFunctionTemplate [org.hibernate.dialect.function.CurrentFunction@1bf14704] under offset_datetime; prior registration was null
[DEBUG] 2026-10-10 16:30:35.756 [main] SqmFunctionRegistry - Registering alternate key : local date -> local_date
[DEBUG] 2026-10-10 16:30:35.756 [main] SqmFunctionRegistry - Registering alternate key : local time -> local_time
[DEBUG] 2026-10-10 16:30:35.756 [main] SqmFunctionRegistry - Registering alternate key : local datetime -> local_datetime
[DEBUG] 2026-10-10 16:30:35.756 [main] SqmFunctionRegistry - Registering alternate key : offset datetime -> offset_datetime
[DEBUG] 2026-10-10 16:30:35.756 [main] SqmFunctionRegistry - Registered SqmFunctionTemplate [org.hibernate.dialect.function.CurrentFunction@5a545b0f] under instant; prior registration was null
[DEBUG] 2026-10-10 16:30:35.756 [main] SqmFunctionRegistry - Registering alternate key : current_instant -> instant
[DEBUG] 2026-10-10 16:30:35.756 [main] SqmFunctionRegistry - Registered SqmFunctionTemplate [org.hibernate.dialect.function.SqlFunction@7b61bf11] under sql; prior registration was null
[DEBUG] 2026-10-10 16:30:35.756 [main] SqmFunctionRegistry - Registered SqmFunctionTemplate [NamedSqmFunctionTemplate(soundex)] under soundex; prior registration was null
[DEBUG] 2026-10-10 16:30:35.757 [main] SqmFunctionRegistry - Registered SqmFunctionTemplate [NamedSqmFunctionTemplate(radians)] under radians; prior registration was null
[DEBUG] 2026-10-10 16:30:35.757 [main] SqmFunctionRegistry - Registered SqmFunctionTemplate [NamedSqmFunctionTemplate(degrees)] under degrees; prior registration was null
[DEBUG] 2026-10-10 16:30:35.757 [main] SqmFunctionRegistry - Registered SqmFunctionTemplate [NamedSqmFunctionTemplate(cot)] under cot; prior registration was null
[DEBUG] 2026-10-10 16:30:35.757 [main] SqmFunctionRegistry - Registered SqmFunctionTemplate [NamedSqmFunctionTemplate(log)] under log; prior registration was org.hibernate.query.sqm.function.PatternBasedSqmFunctionDescriptor@7d97e06c
[DEBUG] 2026-10-10 16:30:35.757 [main] SqmFunctionRegistry - Registered SqmFunctionTemplate [NamedSqmFunctionTemplate(log2)] under log2; prior registration was null
[DEBUG] 2026-10-10 16:30:35.758 [main] SqmFunctionRegistry - Registered SqmFunctionTemplate [NamedSqmFunctionTemplate(log10)] under log10; prior registration was null
[DEBUG] 2026-10-10 16:30:35.758 [main] SqmFunctionRegistry - Registered SqmFunctionTemplate [NamedSqmFunctionTemplate(ltrim)] under ltrim; prior registration was null
[DEBUG] 2026-10-10 16:30:35.758 [main] SqmFunctionRegistry - Registered SqmFunctionTemplate [NamedSqmFunctionTemplate(rtrim)] under rtrim; prior registration was null
[DEBUG] 2026-10-10 16:30:35.758 [main] SqmFunctionRegistry - Registered SqmFunctionTemplate [NamedSqmFunctionTemplate(octet_length)] under octet_length; prior registration was null
[DEBUG] 2026-10-10 16:30:35.759 [main] SqmFunctionRegistry - Registered SqmFunctionTemplate [NamedSqmFunctionTemplate(reverse)] under reverse; prior registration was null
[DEBUG] 2026-10-10 16:30:35.760 [main] SqmFunctionRegistry - Registered SqmFunctionTemplate [NamedSqmFunctionTemplate(space)] under space; prior registration was null
[DEBUG] 2026-10-10 16:30:35.762 [main] SqmFunctionRegistry - Registered SqmFunctionTemplate [NamedSqmFunctionTemplate(repeat)] under repeat; prior registration was null
[DEBUG] 2026-10-10 16:30:35.763 [main] SqmFunctionRegistry - Registered SqmFunctionTemplate [org.hibernate.query.sqm.function.MultipatternSqmFunctionDescriptor@62a68bcb] under lpad; prior registration was NamedSqmFunctionTemplate(lpad)
[DEBUG] 2026-10-10 16:30:35.764 [main] SqmFunctionRegistry - Registered SqmFunctionTemplate [org.hibernate.query.sqm.function.MultipatternSqmFunctionDescriptor@18b74ea] under rpad; prior registration was NamedSqmFunctionTemplate(rpad)
[DEBUG] 2026-10-10 16:30:35.766 [main] SqmFunctionRegistry - Registered SqmFunctionTemplate [NamedSqmFunctionTemplate(md5)] under md5; prior registration was null
[DEBUG] 2026-10-10 16:30:35.766 [main] SqmFunctionRegistry - Registered SqmFunctionTemplate [NamedSqmFunctionTemplate(day)] under day; prior registration was null
[DEBUG] 2026-10-10 16:30:35.766 [main] SqmFunctionRegistry - Registered SqmFunctionTemplate [NamedSqmFunctionTemplate(month)] under month; prior registration was null
[DEBUG] 2026-10-10 16:30:35.766 [main] SqmFunctionRegistry - Registered SqmFunctionTemplate [NamedSqmFunctionTemplate(year)] under year; prior registration was null
[DEBUG] 2026-10-10 16:30:35.766 [main] SqmFunctionRegistry - Registered SqmFunctionTemplate [NamedSqmFunctionTemplate(hour)] under hour; prior registration was null
[DEBUG] 2026-10-10 16:30:35.766 [main] SqmFunctionRegistry - Registered SqmFunctionTemplate [NamedSqmFunctionTemplate(minute)] under minute; prior registration was null
[DEBUG] 2026-10-10 16:30:35.766 [main] SqmFunctionRegistry - Registered SqmFunctionTemplate [NamedSqmFunctionTemplate(second)] under second; prior registration was null
[DEBUG] 2026-10-10 16:30:35.766 [main] SqmFunctionRegistry - Registered SqmFunctionTemplate [NamedSqmFunctionTemplate(microsecond)] under microsecond; prior registration was null
[DEBUG] 2026-10-10 16:30:35.766 [main] SqmFunctionRegistry - Registered SqmFunctionTemplate [NamedSqmFunctionTemplate(dayofweek)] under dayofweek; prior registration was null
[DEBUG] 2026-10-10 16:30:35.766 [main] SqmFunctionRegistry - Registered SqmFunctionTemplate [NamedSqmFunctionTemplate(dayofmonth)] under dayofmonth; prior registration was null
[DEBUG] 2026-10-10 16:30:35.767 [main] SqmFunctionRegistry - Registering alternate key : day -> dayofmonth
[DEBUG] 2026-10-10 16:30:35.767 [main] SqmFunctionRegistry - Registered SqmFunctionTemplate [NamedSqmFunctionTemplate(dayofyear)] under dayofyear; prior registration was null
[DEBUG] 2026-10-10 16:30:35.767 [main] SqmFunctionRegistry - Registered SqmFunctionTemplate [NamedSqmFunctionTemplate(week)] under week; prior registration was null
[DEBUG] 2026-10-10 16:30:35.767 [main] SqmFunctionRegistry - Registered SqmFunctionTemplate [NamedSqmFunctionTemplate(quarter)] under quarter; prior registration was null
[DEBUG] 2026-10-10 16:30:35.767 [main] SqmFunctionRegistry - Registered SqmFunctionTemplate [NamedSqmFunctionTemplate(monthname)] under monthname; prior registration was null
[DEBUG] 2026-10-10 16:30:35.767 [main] SqmFunctionRegistry - Registered SqmFunctionTemplate [NamedSqmFunctionTemplate(dayname)] under dayname; prior registration was null
[DEBUG] 2026-10-10 16:30:35.767 [main] SqmFunctionRegistry - Registered SqmFunctionTemplate [NamedSqmFunctionTemplate(last_day)] under last_day; prior registration was null
[DEBUG] 2026-10-10 16:30:35.767 [main] SqmFunctionRegistry - Registered SqmFunctionTemplate [NamedSqmFunctionTemplate(date)] under date; prior registration was null
[DEBUG] 2026-10-10 16:30:35.767 [main] SqmFunctionRegistry - Registered SqmFunctionTemplate [NamedSqmFunctionTemplate(timestamp)] under timestamp; prior registration was null
[DEBUG] 2026-10-10 16:30:35.767 [main] SqmFunctionRegistry - Registered SqmFunctionTemplate [NamedSqmFunctionTemplate(time)] under time; prior registration was null
[DEBUG] 2026-10-10 16:30:35.767 [main] SqmFunctionRegistry - Registered SqmFunctionTemplate [NamedSqmFunctionTemplate(utc_date)] under utc_date; prior registration was null
[DEBUG] 2026-10-10 16:30:35.767 [main] SqmFunctionRegistry - Registered SqmFunctionTemplate [NamedSqmFunctionTemplate(utc_time)] under utc_time; prior registration was null
[DEBUG] 2026-10-10 16:30:35.767 [main] SqmFunctionRegistry - Registered SqmFunctionTemplate [NamedSqmFunctionTemplate(utc_timestamp)] under utc_timestamp; prior registration was null
[DEBUG] 2026-10-10 16:30:35.767 [main] SqmFunctionRegistry - Registered SqmFunctionTemplate [NamedSqmFunctionTemplate(rand)] under rand; prior registration was null
[DEBUG] 2026-10-10 16:30:35.767 [main] SqmFunctionRegistry - Registered SqmFunctionTemplate [NamedSqmFunctionTemplate(crc32)] under crc32; prior registration was null
[DEBUG] 2026-10-10 16:30:35.767 [main] SqmFunctionRegistry - Registered SqmFunctionTemplate [NamedSqmFunctionTemplate(sha1)] under sha1; prior registration was null
[DEBUG] 2026-10-10 16:30:35.767 [main] SqmFunctionRegistry - Registered SqmFunctionTemplate [NamedSqmFunctionTemplate(sha2)] under sha2; prior registration was null
[DEBUG] 2026-10-10 16:30:35.768 [main] SqmFunctionRegistry - Registered SqmFunctionTemplate [NamedSqmFunctionTemplate(sha)] under sha; prior registration was null
[DEBUG] 2026-10-10 16:30:35.768 [main] SqmFunctionRegistry - Registered SqmFunctionTemplate [NamedSqmFunctionTemplate(bit_length)] under bit_length; prior registration was null
[DEBUG] 2026-10-10 16:30:35.768 [main] SqmFunctionRegistry - Registered SqmFunctionTemplate [NamedSqmFunctionTemplate(octet_length)] under octet_length; prior registration was NamedSqmFunctionTemplate(octet_length)
[DEBUG] 2026-10-10 16:30:35.771 [main] SqmFunctionRegistry - Registered SqmFunctionTemplate [NamedSqmFunctionTemplate(ascii)] under ascii; prior registration was null
[DEBUG] 2026-10-10 16:30:35.771 [main] SqmFunctionRegistry - Registered SqmFunctionTemplate [NamedSqmFunctionTemplate(instr)] under instr; prior registration was null
[DEBUG] 2026-10-10 16:30:35.771 [main] SqmFunctionRegistry - Registered SqmFunctionTemplate [NamedSqmFunctionTemplate(substr)] under substr; prior registration was null
[DEBUG] 2026-10-10 16:30:35.771 [main] SqmFunctionRegistry - Registered SqmFunctionTemplate [org.hibernate.query.sqm.function.PatternBasedSqmFunctionDescriptor@14924f41] under position; prior registration was org.hibernate.dialect.function.LocatePositionEmulation@5e99b9c
[DEBUG] 2026-10-10 16:30:35.771 [main] SqmFunctionRegistry - Registered SqmFunctionTemplate [NamedSqmFunctionTemplate(curtime)] under curtime; prior registration was null
[DEBUG] 2026-10-10 16:30:35.771 [main] SqmFunctionRegistry - Registered SqmFunctionTemplate [NamedSqmFunctionTemplate(curdate)] under curdate; prior registration was null
[DEBUG] 2026-10-10 16:30:35.771 [main] SqmFunctionRegistry - Registered SqmFunctionTemplate [NamedSqmFunctionTemplate(now)] under now; prior registration was null
[DEBUG] 2026-10-10 16:30:35.778 [main] SqmFunctionRegistry - Registered SqmFunctionTemplate [org.hibernate.dialect.function.TruncFunction@5416f8db] under trunc; prior registration was null
[DEBUG] 2026-10-10 16:30:35.778 [main] SqmFunctionRegistry - Registering alternate key : truncate -> trunc
[DEBUG] 2026-10-10 16:30:35.779 [main] SqmFunctionRegistry - Registered SqmFunctionTemplate [NamedSqmFunctionTemplate(insert)] under insert; prior registration was null
[DEBUG] 2026-10-10 16:30:35.779 [main] SqmFunctionRegistry - Registered SqmFunctionTemplate [org.hibernate.query.sqm.function.PatternBasedSqmFunctionDescriptor@64e1377c] under bitand; prior registration was null
[DEBUG] 2026-10-10 16:30:35.779 [main] SqmFunctionRegistry - Registered SqmFunctionTemplate [org.hibernate.query.sqm.function.PatternBasedSqmFunctionDescriptor@b0fd744] under bitor; prior registration was null
[DEBUG] 2026-10-10 16:30:35.779 [main] SqmFunctionRegistry - Registered SqmFunctionTemplate [org.hibernate.query.sqm.function.PatternBasedSqmFunctionDescriptor@92d1782] under bitxor; prior registration was null
[DEBUG] 2026-10-10 16:30:35.779 [main] SqmFunctionRegistry - Registered SqmFunctionTemplate [org.hibernate.query.sqm.function.PatternBasedSqmFunctionDescriptor@6a1ef65c] under bitnot; prior registration was null
[DEBUG] 2026-10-10 16:30:35.780 [main] SqmFunctionRegistry - Registered SqmFunctionTemplate [NamedSqmFunctionTemplate(bit_and)] under bit_and; prior registration was null
[DEBUG] 2026-10-10 16:30:35.780 [main] SqmFunctionRegistry - Registered SqmFunctionTemplate [NamedSqmFunctionTemplate(bit_or)] under bit_or; prior registration was null
[DEBUG] 2026-10-10 16:30:35.780 [main] SqmFunctionRegistry - Registered SqmFunctionTemplate [NamedSqmFunctionTemplate(stddev)] under stddev; prior registration was null
[DEBUG] 2026-10-10 16:30:35.780 [main] SqmFunctionRegistry - Registered SqmFunctionTemplate [NamedSqmFunctionTemplate(stddev_pop)] under stddev_pop; prior registration was null
[DEBUG] 2026-10-10 16:30:35.780 [main] SqmFunctionRegistry - Registered SqmFunctionTemplate [NamedSqmFunctionTemplate(stddev_samp)] under stddev_samp; prior registration was null
[DEBUG] 2026-10-10 16:30:35.780 [main] SqmFunctionRegistry - Registered SqmFunctionTemplate [NamedSqmFunctionTemplate(variance)] under variance; prior registration was null
[DEBUG] 2026-10-10 16:30:35.780 [main] SqmFunctionRegistry - Registered SqmFunctionTemplate [NamedSqmFunctionTemplate(var_pop)] under var_pop; prior registration was null
[DEBUG] 2026-10-10 16:30:35.780 [main] SqmFunctionRegistry - Registered SqmFunctionTemplate [NamedSqmFunctionTemplate(var_samp)] under var_samp; prior registration was null
[DEBUG] 2026-10-10 16:30:35.780 [main] SqmFunctionRegistry - Registered SqmFunctionTemplate [NamedSqmFunctionTemplate(datediff)] under datediff; prior registration was null
[DEBUG] 2026-10-10 16:30:35.781 [main] SqmFunctionRegistry - Registered SqmFunctionTemplate [NamedSqmFunctionTemplate(adddate)] under adddate; prior registration was null
[DEBUG] 2026-10-10 16:30:35.782 [main] SqmFunctionRegistry - Registered SqmFunctionTemplate [NamedSqmFunctionTemplate(subdate)] under subdate; prior registration was null
[DEBUG] 2026-10-10 16:30:35.783 [main] SqmFunctionRegistry - Registered SqmFunctionTemplate [NamedSqmFunctionTemplate(addtime)] under addtime; prior registration was null
[DEBUG] 2026-10-10 16:30:35.783 [main] SqmFunctionRegistry - Registered SqmFunctionTemplate [NamedSqmFunctionTemplate(subtime)] under subtime; prior registration was null
[DEBUG] 2026-10-10 16:30:35.783 [main] SqmFunctionRegistry - Registered SqmFunctionTemplate [org.hibernate.dialect.function.FormatFunction@72976b4] under format; prior registration was org.hibernate.dialect.function.FormatFunction@d902300
[DEBUG] 2026-10-10 16:30:35.784 [main] SqmFunctionRegistry - Registered SqmFunctionTemplate [NamedSqmFunctionTemplate(makedate)] under makedate; prior registration was null
[DEBUG] 2026-10-10 16:30:35.784 [main] SqmFunctionRegistry - Registered SqmFunctionTemplate [NamedSqmFunctionTemplate(maketime)] under maketime; prior registration was null
[DEBUG] 2026-10-10 16:30:35.784 [main] SqmFunctionRegistry - Registered SqmFunctionTemplate [NamedSqmFunctionTemplate(localtime)] under localtime; prior registration was null
[DEBUG] 2026-10-10 16:30:35.784 [main] SqmFunctionRegistry - Registered SqmFunctionTemplate [NamedSqmFunctionTemplate(localtimestamp)] under localtimestamp; prior registration was null
[DEBUG] 2026-10-10 16:30:35.784 [main] SqmFunctionRegistry - Registered SqmFunctionTemplate [NamedSqmFunctionTemplate(localtime)] under local_time; prior registration was org.hibernate.dialect.function.CurrentFunction@58253c57
[DEBUG] 2026-10-10 16:30:35.784 [main] SqmFunctionRegistry - Registered SqmFunctionTemplate [NamedSqmFunctionTemplate(localtimestamp)] under local_datetime; prior registration was org.hibernate.dialect.function.CurrentFunction@b73433
[DEBUG] 2026-10-10 16:30:35.784 [main] SqmFunctionRegistry - Registered SqmFunctionTemplate [NamedSqmFunctionTemplate(localtime)] under localtime; prior registration was NamedSqmFunctionTemplate(localtime)
[DEBUG] 2026-10-10 16:30:35.784 [main] SqmFunctionRegistry - Registered SqmFunctionTemplate [org.hibernate.query.sqm.function.PatternBasedSqmFunctionDescriptor@726934e2] under pi; prior registration was org.hibernate.query.sqm.function.PatternBasedSqmFunctionDescriptor@53b1a3f8
[DEBUG] 2026-10-10 16:30:35.784 [main] SqmFunctionRegistry - Registered SqmFunctionTemplate [org.hibernate.query.sqm.function.PatternBasedSqmFunctionDescriptor@1319bc2a] under chr; prior registration was null
[DEBUG] 2026-10-10 16:30:35.784 [main] SqmFunctionRegistry - Registering alternate key : char -> chr
[DEBUG] 2026-10-10 16:30:35.784 [main] SqmFunctionRegistry - Registered SqmFunctionTemplate [org.hibernate.query.sqm.function.PatternBasedSqmFunctionDescriptor@e280403] under sysdate; prior registration was null
[DEBUG] 2026-10-10 16:30:35.785 [main] SqmFunctionRegistry - Registered SqmFunctionTemplate [org.hibernate.dialect.function.ListaggGroupConcatEmulation@696db620] under listagg; prior registration was null
[DEBUG] 2026-10-10 16:30:35.789 [main] HQL_FUNCTIONS - abs(NUMERIC arg)
[DEBUG] 2026-10-10 16:30:35.790 [main] HQL_FUNCTIONS - Double acos(NUMERIC arg)
[DEBUG] 2026-10-10 16:30:35.790 [main] HQL_FUNCTIONS - adddate(DATE datetime, INTEGER days)
[DEBUG] 2026-10-10 16:30:35.790 [main] HQL_FUNCTIONS - addtime(TIME datetime, TIME time)
[DEBUG] 2026-10-10 16:30:35.790 [main] HQL_FUNCTIONS - Boolean any(BOOLEAN arg)
[DEBUG] 2026-10-10 16:30:35.790 [main] HQL_FUNCTIONS - Integer ascii(STRING arg)
[DEBUG] 2026-10-10 16:30:35.790 [main] HQL_FUNCTIONS - Double asin(NUMERIC arg)
[DEBUG] 2026-10-10 16:30:35.790 [main] HQL_FUNCTIONS - Double atan(NUMERIC arg)
[DEBUG] 2026-10-10 16:30:35.790 [main] HQL_FUNCTIONS - Double atan2(NUMERIC arg0, NUMERIC arg1)
[DEBUG] 2026-10-10 16:30:35.790 [main] HQL_FUNCTIONS - avg(arg)
[DEBUG] 2026-10-10 16:30:35.790 [main] HQL_FUNCTIONS - bit_and(arg)
[DEBUG] 2026-10-10 16:30:35.790 [main] HQL_FUNCTIONS - Integer bit_length(STRING_OR_CLOB arg)
[DEBUG] 2026-10-10 16:30:35.790 [main] HQL_FUNCTIONS - bit_or(arg)
[DEBUG] 2026-10-10 16:30:35.790 [main] HQL_FUNCTIONS - bitand(arg0, arg1)
[DEBUG] 2026-10-10 16:30:35.790 [main] HQL_FUNCTIONS - bitnot(arg)
[DEBUG] 2026-10-10 16:30:35.790 [main] HQL_FUNCTIONS - bitor(arg0, arg1)
[DEBUG] 2026-10-10 16:30:35.791 [main] HQL_FUNCTIONS - bitxor(arg0, arg1)
[DEBUG] 2026-10-10 16:30:35.791 [main] HQL_FUNCTIONS - cast(arg as Type)
[DEBUG] 2026-10-10 16:30:35.791 [main] HQL_FUNCTIONS - ceiling(NUMERIC arg)
[DEBUG] 2026-10-10 16:30:35.791 [main] HQL_FUNCTIONS - Character char(INTEGER arg)
[DEBUG] 2026-10-10 16:30:35.791 [main] HQL_FUNCTIONS - Integer character_length(STRING_OR_CLOB arg)
[DEBUG] 2026-10-10 16:30:35.791 [main] HQL_FUNCTIONS - Character chr(INTEGER arg)
[DEBUG] 2026-10-10 16:30:35.791 [main] HQL_FUNCTIONS - coalesce(arg0[, arg1[, ...]])
[DEBUG] 2026-10-10 16:30:35.791 [main] HQL_FUNCTIONS - String collate(STRING string as COLLATION collation)
[DEBUG] 2026-10-10 16:30:35.791 [main] HQL_FUNCTIONS - String concat(STRING string0[, STRING string1[, ...]])
[DEBUG] 2026-10-10 16:30:35.791 [main] HQL_FUNCTIONS - Double cos(NUMERIC arg)
[DEBUG] 2026-10-10 16:30:35.791 [main] HQL_FUNCTIONS - Double cosh(NUMERIC arg)
[DEBUG] 2026-10-10 16:30:35.791 [main] HQL_FUNCTIONS - Double cot(NUMERIC arg)
[DEBUG] 2026-10-10 16:30:35.791 [main] HQL_FUNCTIONS - Long count([distinct ]{arg|*})
[DEBUG] 2026-10-10 16:30:35.791 [main] HQL_FUNCTIONS - Integer crc32(arg)
[DEBUG] 2026-10-10 16:30:35.791 [main] HQL_FUNCTIONS - Date curdate()
[DEBUG] 2026-10-10 16:30:35.791 [main] HQL_FUNCTIONS - Date current date
[DEBUG] 2026-10-10 16:30:35.791 [main] HQL_FUNCTIONS - Time current time
[DEBUG] 2026-10-10 16:30:35.791 [main] HQL_FUNCTIONS - Timestamp current timestamp
[DEBUG] 2026-10-10 16:30:35.791 [main] HQL_FUNCTIONS - Date current_date
[DEBUG] 2026-10-10 16:30:35.791 [main] HQL_FUNCTIONS - Instant current_instant
[DEBUG] 2026-10-10 16:30:35.791 [main] HQL_FUNCTIONS - Time current_time
[DEBUG] 2026-10-10 16:30:35.791 [main] HQL_FUNCTIONS - Timestamp current_timestamp
[DEBUG] 2026-10-10 16:30:35.791 [main] HQL_FUNCTIONS - Time curtime()
[DEBUG] 2026-10-10 16:30:35.791 [main] HQL_FUNCTIONS - Date date(arg)
[DEBUG] 2026-10-10 16:30:35.791 [main] HQL_FUNCTIONS - dateadd(TEMPORAL_UNIT field, INTEGER magnitude, TEMPORAL datetime)
[DEBUG] 2026-10-10 16:30:35.791 [main] HQL_FUNCTIONS - Integer datediff(DATE end, DATE start)
[DEBUG] 2026-10-10 16:30:35.791 [main] HQL_FUNCTIONS - Integer day(DATE arg)
[DEBUG] 2026-10-10 16:30:35.792 [main] HQL_FUNCTIONS - String dayname(DATE arg)
[DEBUG] 2026-10-10 16:30:35.792 [main] HQL_FUNCTIONS - Integer dayofmonth(DATE arg)
[DEBUG] 2026-10-10 16:30:35.792 [main] HQL_FUNCTIONS - Integer dayofweek(DATE arg)
[DEBUG] 2026-10-10 16:30:35.792 [main] HQL_FUNCTIONS - Integer dayofyear(DATE arg)
[DEBUG] 2026-10-10 16:30:35.792 [main] HQL_FUNCTIONS - Double degrees(NUMERIC arg)
[DEBUG] 2026-10-10 16:30:35.794 [main] HQL_FUNCTIONS - Boolean every(BOOLEAN arg)
[DEBUG] 2026-10-10 16:30:35.794 [main] HQL_FUNCTIONS - Double exp(NUMERIC arg)
[DEBUG] 2026-10-10 16:30:35.794 [main] HQL_FUNCTIONS - extract(TEMPORAL_UNIT field from TEMPORAL arg)
[DEBUG] 2026-10-10 16:30:35.794 [main] HQL_FUNCTIONS - floor(NUMERIC arg)
[DEBUG] 2026-10-10 16:30:35.795 [main] HQL_FUNCTIONS - String format(TEMPORAL datetime as STRING pattern)
[DEBUG] 2026-10-10 16:30:35.795 [main] HQL_FUNCTIONS - greatest(COMPARABLE arg0, COMPARABLE arg1[, arg2[, ...]])
[DEBUG] 2026-10-10 16:30:35.796 [main] HQL_FUNCTIONS - Integer hour(TIME arg)
[DEBUG] 2026-10-10 16:30:35.797 [main] HQL_FUNCTIONS - ifnull(arg0, arg1)
[DEBUG] 2026-10-10 16:30:35.798 [main] HQL_FUNCTIONS - String insert(STRING string, INTEGER start, INTEGER length, STRING replacement)
[DEBUG] 2026-10-10 16:30:35.798 [main] HQL_FUNCTIONS - Instant instant
[DEBUG] 2026-10-10 16:30:35.798 [main] HQL_FUNCTIONS - Integer instr(STRING string, STRING pattern[, INTEGER start[, INTEGER occurrence]])
[DEBUG] 2026-10-10 16:30:35.798 [main] HQL_FUNCTIONS - Date last_day(DATE arg)
[DEBUG] 2026-10-10 16:30:35.798 [main] HQL_FUNCTIONS - least(COMPARABLE arg0, COMPARABLE arg1[, arg2[, ...]])
[DEBUG] 2026-10-10 16:30:35.798 [main] HQL_FUNCTIONS - String left(STRING string, INTEGER length)
[DEBUG] 2026-10-10 16:30:35.798 [main] HQL_FUNCTIONS - Integer length(STRING_OR_CLOB arg)
[DEBUG] 2026-10-10 16:30:35.798 [main] HQL_FUNCTIONS - String listagg(STRING arg0, STRING arg1)
[DEBUG] 2026-10-10 16:30:35.798 [main] HQL_FUNCTIONS - Double ln(NUMERIC arg)
[DEBUG] 2026-10-10 16:30:35.798 [main] HQL_FUNCTIONS - LocalDate local date
[DEBUG] 2026-10-10 16:30:35.798 [main] HQL_FUNCTIONS - LocalDateTime local datetime
[DEBUG] 2026-10-10 16:30:35.798 [main] HQL_FUNCTIONS - LocalTime local time
[DEBUG] 2026-10-10 16:30:35.798 [main] HQL_FUNCTIONS - LocalDate local_date
[DEBUG] 2026-10-10 16:30:35.798 [main] HQL_FUNCTIONS - LocalDateTime local_datetime
[DEBUG] 2026-10-10 16:30:35.798 [main] HQL_FUNCTIONS - LocalTime local_time
[DEBUG] 2026-10-10 16:30:35.798 [main] HQL_FUNCTIONS - Timestamp localtime
[DEBUG] 2026-10-10 16:30:35.798 [main] HQL_FUNCTIONS - Timestamp localtimestamp
[DEBUG] 2026-10-10 16:30:35.798 [main] HQL_FUNCTIONS - Integer locate(STRING pattern, STRING string[, INTEGER start])
[DEBUG] 2026-10-10 16:30:35.798 [main] HQL_FUNCTIONS - Double log(NUMERIC arg0[, NUMERIC arg1])
[DEBUG] 2026-10-10 16:30:35.798 [main] HQL_FUNCTIONS - Double log10(NUMERIC arg)
[DEBUG] 2026-10-10 16:30:35.799 [main] HQL_FUNCTIONS - Double log2(NUMERIC arg)
[DEBUG] 2026-10-10 16:30:35.799 [main] HQL_FUNCTIONS - String lower(STRING string)
[DEBUG] 2026-10-10 16:30:35.799 [main] HQL_FUNCTIONS - String lpad(string, length[, padding])
[DEBUG] 2026-10-10 16:30:35.799 [main] HQL_FUNCTIONS - String ltrim(STRING string[, STRING characters])
[DEBUG] 2026-10-10 16:30:35.799 [main] HQL_FUNCTIONS - Date makedate(INTEGER year, INTEGER dayofyear)
[DEBUG] 2026-10-10 16:30:35.799 [main] HQL_FUNCTIONS - Time maketime(INTEGER hour, INTEGER min, INTEGER sec)
[DEBUG] 2026-10-10 16:30:35.799 [main] HQL_FUNCTIONS - max(COMPARABLE arg)
[DEBUG] 2026-10-10 16:30:35.799 [main] HQL_FUNCTIONS - String md5(arg)
[DEBUG] 2026-10-10 16:30:35.799 [main] HQL_FUNCTIONS - Integer microsecond(TIME arg)
[DEBUG] 2026-10-10 16:30:35.799 [main] HQL_FUNCTIONS - min(COMPARABLE arg)
[DEBUG] 2026-10-10 16:30:35.799 [main] HQL_FUNCTIONS - Integer minute(TIME arg)
[DEBUG] 2026-10-10 16:30:35.799 [main] HQL_FUNCTIONS - Integer mod(INTEGER arg0, INTEGER arg1)
[DEBUG] 2026-10-10 16:30:35.799 [main] HQL_FUNCTIONS - Integer month(DATE arg)
[DEBUG] 2026-10-10 16:30:35.799 [main] HQL_FUNCTIONS - String monthname(DATE arg)
[DEBUG] 2026-10-10 16:30:35.799 [main] HQL_FUNCTIONS - Timestamp now()
[DEBUG] 2026-10-10 16:30:35.799 [main] HQL_FUNCTIONS - nullif(arg0, arg1)
[DEBUG] 2026-10-10 16:30:35.799 [main] HQL_FUNCTIONS - Integer octet_length(STRING_OR_CLOB arg)
[DEBUG] 2026-10-10 16:30:35.799 [main] HQL_FUNCTIONS - OffsetDateTime offset datetime
[DEBUG] 2026-10-10 16:30:35.799 [main] HQL_FUNCTIONS - OffsetDateTime offset_datetime
[DEBUG] 2026-10-10 16:30:35.799 [main] HQL_FUNCTIONS - String overlay(STRING string placing STRING replacement from INTEGER start[ for INTEGER length])
[DEBUG] 2026-10-10 16:30:35.799 [main] HQL_FUNCTIONS - String pad(STRING string with INTEGER length {leading|trailing}[ STRING character])
[DEBUG] 2026-10-10 16:30:35.799 [main] HQL_FUNCTIONS - Double pi
[DEBUG] 2026-10-10 16:30:35.799 [main] HQL_FUNCTIONS - Integer position(STRING pattern in STRING string)
[DEBUG] 2026-10-10 16:30:35.799 [main] HQL_FUNCTIONS - Double power(NUMERIC arg0, NUMERIC arg1)
[DEBUG] 2026-10-10 16:30:35.799 [main] HQL_FUNCTIONS - Integer quarter(DATE arg)
[DEBUG] 2026-10-10 16:30:35.799 [main] HQL_FUNCTIONS - Double radians(NUMERIC arg)
[DEBUG] 2026-10-10 16:30:35.799 [main] HQL_FUNCTIONS - Double rand([INTEGER seed])
[DEBUG] 2026-10-10 16:30:35.799 [main] HQL_FUNCTIONS - String repeat(STRING string, INTEGER times)
[DEBUG] 2026-10-10 16:30:35.799 [main] HQL_FUNCTIONS - String replace(STRING string, STRING pattern, STRING replacement)
[DEBUG] 2026-10-10 16:30:35.799 [main] HQL_FUNCTIONS - String reverse(STRING arg)
[DEBUG] 2026-10-10 16:30:35.799 [main] HQL_FUNCTIONS - String right(STRING string, INTEGER length)
[DEBUG] 2026-10-10 16:30:35.799 [main] HQL_FUNCTIONS - round(NUMERIC number[, INTEGER places])
[DEBUG] 2026-10-10 16:30:35.799 [main] HQL_FUNCTIONS - String rpad(string, length[, padding])
[DEBUG] 2026-10-10 16:30:35.799 [main] HQL_FUNCTIONS - String rtrim(STRING string[, STRING characters])
[DEBUG] 2026-10-10 16:30:35.799 [main] HQL_FUNCTIONS - Integer second(TIME arg)
[DEBUG] 2026-10-10 16:30:35.799 [main] HQL_FUNCTIONS - String sha(arg)
[DEBUG] 2026-10-10 16:30:35.800 [main] HQL_FUNCTIONS - String sha1(arg)
[DEBUG] 2026-10-10 16:30:35.800 [main] HQL_FUNCTIONS - String sha2(arg0, arg1)
[DEBUG] 2026-10-10 16:30:35.800 [main] HQL_FUNCTIONS - Integer sign(NUMERIC arg)
[DEBUG] 2026-10-10 16:30:35.800 [main] HQL_FUNCTIONS - Double sin(NUMERIC arg)
[DEBUG] 2026-10-10 16:30:35.800 [main] HQL_FUNCTIONS - Double sinh(NUMERIC arg)
[DEBUG] 2026-10-10 16:30:35.800 [main] HQL_FUNCTIONS - String soundex(arg)
[DEBUG] 2026-10-10 16:30:35.800 [main] HQL_FUNCTIONS - String space(INTEGER arg)
[DEBUG] 2026-10-10 16:30:35.800 [main] HQL_FUNCTIONS - Object sql
[DEBUG] 2026-10-10 16:30:35.800 [main] HQL_FUNCTIONS - Double sqrt(NUMERIC arg)
[DEBUG] 2026-10-10 16:30:35.800 [main] HQL_FUNCTIONS - Double stddev(NUMERIC arg)
[DEBUG] 2026-10-10 16:30:35.800 [main] HQL_FUNCTIONS - Double stddev_pop(NUMERIC arg)
[DEBUG] 2026-10-10 16:30:35.800 [main] HQL_FUNCTIONS - Double stddev_samp(NUMERIC arg)
[DEBUG] 2026-10-10 16:30:35.800 [main] HQL_FUNCTIONS - String str(arg)
[DEBUG] 2026-10-10 16:30:35.800 [main] HQL_FUNCTIONS - subdate(DATE datetime, INTEGER days)
[DEBUG] 2026-10-10 16:30:35.800 [main] HQL_FUNCTIONS - String substr(STRING string, INTEGER start[, INTEGER length])
[DEBUG] 2026-10-10 16:30:35.800 [main] HQL_FUNCTIONS - String substring(STRING string{ from|,} INTEGER start[{ for|,} INTEGER length])
[DEBUG] 2026-10-10 16:30:35.800 [main] HQL_FUNCTIONS - subtime(TIME datetime, TIME time)
[DEBUG] 2026-10-10 16:30:35.800 [main] HQL_FUNCTIONS - sum(arg)
[DEBUG] 2026-10-10 16:30:35.800 [main] HQL_FUNCTIONS - Timestamp sysdate()
[DEBUG] 2026-10-10 16:30:35.800 [main] HQL_FUNCTIONS - Double tan(NUMERIC arg)
[DEBUG] 2026-10-10 16:30:35.800 [main] HQL_FUNCTIONS - Double tanh(NUMERIC arg)
[DEBUG] 2026-10-10 16:30:35.800 [main] HQL_FUNCTIONS - String time(arg)
[DEBUG] 2026-10-10 16:30:35.800 [main] HQL_FUNCTIONS - Timestamp timestamp(arg0[, arg1])
[DEBUG] 2026-10-10 16:30:35.800 [main] HQL_FUNCTIONS - timestampadd(TEMPORAL_UNIT field, INTEGER magnitude, TEMPORAL datetime)
[DEBUG] 2026-10-10 16:30:35.801 [main] HQL_FUNCTIONS - basicType@14(java.lang.Long,-5)|basicType@17(java.lang.Double,8) timestampdiff(TEMPORAL_UNIT field, TEMPORAL start, TEMPORAL end)
[DEBUG] 2026-10-10 16:30:35.801 [main] HQL_FUNCTIONS - String trim([[{leading|trailing|both} ][STRING arg0 ]from] STRING arg1)
[DEBUG] 2026-10-10 16:30:35.801 [main] HQL_FUNCTIONS - trunc( ... )
[DEBUG] 2026-10-10 16:30:35.801 [main] HQL_FUNCTIONS - truncate( ... )
[DEBUG] 2026-10-10 16:30:35.801 [main] HQL_FUNCTIONS - String upper(STRING string)
[DEBUG] 2026-10-10 16:30:35.801 [main] HQL_FUNCTIONS - Date utc_date
[DEBUG] 2026-10-10 16:30:35.801 [main] HQL_FUNCTIONS - Time utc_time
[DEBUG] 2026-10-10 16:30:35.801 [main] HQL_FUNCTIONS - Timestamp utc_timestamp
[DEBUG] 2026-10-10 16:30:35.801 [main] HQL_FUNCTIONS - Double var_pop(NUMERIC arg)
[DEBUG] 2026-10-10 16:30:35.801 [main] HQL_FUNCTIONS - Double var_samp(NUMERIC arg)
[DEBUG] 2026-10-10 16:30:35.801 [main] HQL_FUNCTIONS - Double variance(NUMERIC arg)
[DEBUG] 2026-10-10 16:30:35.801 [main] HQL_FUNCTIONS - Integer week(DATE arg)
[DEBUG] 2026-10-10 16:30:35.801 [main] HQL_FUNCTIONS - Integer year(DATE arg)
[DEBUG] 2026-10-10 16:30:35.809 [main] cache - Starting QueryInterpretationCache(2048)
[DEBUG] 2026-10-10 16:30:35.921 [main] SessionFactoryServiceRegistryImpl - EventListenerRegistry access via ServiceRegistry is deprecated.  Use `sessionFactory.getEventEngine().getListenerRegistry()` instead
[DEBUG] 2026-10-10 16:30:35.923 [main] EntityCopyObserverFactoryInitiator - Configured EntityCopyObserver strategy: disallow
[DEBUG] 2026-10-10 16:30:36.036 [main] ClassLoaderAccessImpl - Not known whether passed class name [com.magMan.entity.Card] is safe
[DEBUG] 2026-10-10 16:30:36.036 [main] ClassLoaderAccessImpl - No temp ClassLoader provided; using live ClassLoader for loading potentially unsafe class : com.magMan.entity.Card
[DEBUG] 2026-10-10 16:30:36.284 [main] BytecodeProviderImpl - HHH000513: Unable to create the ReflectionOptimizer for [com.magMan.entity.Card]: private accessor [cardCmc]
[DEBUG] 2026-10-10 16:30:36.315 [main] interceptor - To-one property `com.magMan.entity.Ruling#card` was mapped with LAZY + NO_PROXY but the class was not enhanced
[DEBUG] 2026-10-10 16:30:36.316 [main] interceptor - To-one property `com.magMan.entity.Ruling#card` was mapped with LAZY + NO_PROXY but the class was not enhanced
[DEBUG] 2026-10-10 16:30:36.316 [main] ClassLoaderAccessImpl - Not known whether passed class name [com.magMan.entity.Ruling] is safe
[DEBUG] 2026-10-10 16:30:36.316 [main] ClassLoaderAccessImpl - No temp ClassLoader provided; using live ClassLoader for loading potentially unsafe class : com.magMan.entity.Ruling
[DEBUG] 2026-10-10 16:30:36.348 [main] BytecodeProviderImpl - HHH000513: Unable to create the ReflectionOptimizer for [com.magMan.entity.Ruling]: private accessor [card]
[DEBUG] 2026-10-10 16:30:36.349 [main] interceptor - To-one property `com.magMan.entity.Ruling#card` was mapped with LAZY + NO_PROXY but the class was not enhanced
[DEBUG] 2026-10-10 16:30:36.369 [main] mutation - Skipping collection (re)creation - com.magMan.entity.Card.rulings
[DEBUG] 2026-10-10 16:30:36.370 [main] mutation - Skipping collection row deletions - com.magMan.entity.Card.rulings
[DEBUG] 2026-10-10 16:30:36.370 [main] mutation - Skipping collection removals - com.magMan.entity.Card.rulings
[DEBUG] 2026-10-10 16:30:36.399 [main] creation - Starting post-init callbacks
[DEBUG] 2026-10-10 16:30:36.399 [main] creation - Starting PostInitCallbackEntry : PluralAttributeMapping( NavigableRole[com.magMan.entity.Card.rulings#{element}]) - element descriptor
[DEBUG] 2026-10-10 16:30:36.399 [main] creation - Starting PostInitCallbackEntry : PluralAttributeMapping(com.magMan.entity.Card.rulings)#finishInitialization
[DEBUG] 2026-10-10 16:30:36.399 [main] creation - Starting PostInitCallbackEntry : PluralAttributeMapping(com.magMan.entity.Card.rulings) - key descriptor
[DEBUG] 2026-10-10 16:30:36.405 [main] creation - Starting PostInitCallbackEntry : Entity(com.magMan.entity.Card) `staticFetchableList` generator
[DEBUG] 2026-10-10 16:30:36.405 [main] creation - Starting PostInitCallbackEntry : To-one key - NavigableRole[com.magMan.entity.Ruling.card]
[DEBUG] 2026-10-10 16:30:36.405 [main] creation - Starting PostInitCallbackEntry : Entity(com.magMan.entity.Ruling) `staticFetchableList` generator
[DEBUG] 2026-10-10 16:30:36.405 [main] creation - Starting PostInitCallbackEntry : PluralAttributeMapping( NavigableRole[com.magMan.entity.Card.rulings#{element}]) - element descriptor
[DEBUG] 2026-10-10 16:30:36.478 [main] create - Created new SQL alias : c1_0
[DEBUG] 2026-10-10 16:30:36.480 [main] create - Registration of TableGroup [StandardTableGroup(com.magMan.entity.Card)] with identifierForTableGroup [com.magMan.entity.Card] for NavigablePath [com.magMan.entity.Card] 
[DEBUG] 2026-10-10 16:30:36.488 [main] create - Created new SQL alias : r1_0
[DEBUG] 2026-10-10 16:30:36.492 [main] create - Registration of TableGroup [org.hibernate.sql.ast.tree.from.OneToManyTableGroup@27c53c32] with identifierForTableGroup [com.magMan.entity.Card.rulings] for NavigablePath [com.magMan.entity.Card.rulings] 
[DEBUG] 2026-10-10 16:30:36.495 [main] create - Registration of TableGroup [StandardTableGroup(com.magMan.entity.Card.rulings.{element})] with identifierForTableGroup [com.magMan.entity.Card.rulings.{element}] for NavigablePath [com.magMan.entity.Card.rulings.{element}] 
[DEBUG] 2026-10-10 16:30:36.510 [main] AST - DomainResult Graph:
 \-EntityResultImpl [com.magMan.entity.Card]
 |  +-BasicFetch [com.magMan.entity.Card.cardCmc]
 |  +-BasicFetch [com.magMan.entity.Card.cardName]
 |  +-BasicFetch [com.magMan.entity.Card.cardQuantity]
 |  +-BasicFetch [com.magMan.entity.Card.cardType]
 |  \-EagerCollectionFetch [com.magMan.entity.Card.rulings]
 |  |  \-EntityFetchJoinedImpl [com.magMan.entity.Card.rulings.{element}]

[DEBUG] 2026-10-10 16:30:36.532 [main] tree - SQL AST Tree:
    SelectStatement {
      FromClause {
        StandardTableGroup (c1 : com.magMan.entity.Card) {
          primaryTableReference : cards as c1_0
          TableGroupJoins {
            left  join OneToManyTableGroup (r1 : com.magMan.entity.Card.rulings) {
              primaryTableReference : rulings as r1_0
            }
          }
        }
      }
    }

[DEBUG] 2026-10-10 16:30:36.542 [main] AbstractEntityPersister - Static SQL for entity: com.magMan.entity.Card
[DEBUG] 2026-10-10 16:30:36.542 [main] AbstractEntityPersister -  Version select: select id from cards where id=?
[DEBUG] 2026-10-10 16:30:36.542 [main] AbstractEntityPersister -  Insert (0): insert into cards (cardCmc,cardName,cardQuantity,cardType) values (?,?,?,?)
[DEBUG] 2026-10-10 16:30:36.542 [main] AbstractEntityPersister -  Update (0): update cards set cardCmc=?,cardName=?,cardQuantity=?,cardType=? where id=?
[DEBUG] 2026-10-10 16:30:36.542 [main] AbstractEntityPersister -  Delete (0): delete from cards where id=?
[DEBUG] 2026-10-10 16:30:36.542 [main] create - Created new SQL alias : r1_0
[DEBUG] 2026-10-10 16:30:36.542 [main] create - Registration of TableGroup [StandardTableGroup(com.magMan.entity.Ruling)] with identifierForTableGroup [com.magMan.entity.Ruling] for NavigablePath [com.magMan.entity.Ruling] 
[DEBUG] 2026-10-10 16:30:36.548 [main] create - Registration of TableGroup [org.hibernate.sql.ast.tree.from.LazyTableGroup@23b1aa9] with identifierForTableGroup [com.magMan.entity.Ruling.card] for NavigablePath [com.magMan.entity.Ruling.card] 
[DEBUG] 2026-10-10 16:30:36.553 [main] create - Created new SQL alias : c1_0
[DEBUG] 2026-10-10 16:30:36.555 [main] AST - DomainResult Graph:
 \-EntityResultImpl [com.magMan.entity.Ruling]
 |  +-EntityFetchJoinedImpl [com.magMan.entity.Ruling.card]
 |  +-BasicFetch [com.magMan.entity.Ruling.rulingDate]
 |  \-BasicFetch [com.magMan.entity.Ruling.rulingText]

[DEBUG] 2026-10-10 16:30:36.555 [main] tree - SQL AST Tree:
    SelectStatement {
      FromClause {
        StandardTableGroup (r1 : com.magMan.entity.Ruling) {
          primaryTableReference : rulings as r1_0
          TableGroupJoins {
            left  join LazyTableGroup (c1 : com.magMan.entity.Ruling.card) {
              primaryTableReference : cards as c1_0
            }
          }
        }
      }
    }

[DEBUG] 2026-10-10 16:30:36.555 [main] AbstractEntityPersister - Static SQL for entity: com.magMan.entity.Ruling
[DEBUG] 2026-10-10 16:30:36.555 [main] AbstractEntityPersister -  Version select: select id from rulings where id=?
[DEBUG] 2026-10-10 16:30:36.555 [main] AbstractEntityPersister -  Insert (0): insert into rulings (card_id,ruling_date,ruling_text) values (?,?,?)
[DEBUG] 2026-10-10 16:30:36.555 [main] AbstractEntityPersister -  Update (0): update rulings set card_id=?,ruling_date=?,ruling_text=? where id=?
[DEBUG] 2026-10-10 16:30:36.555 [main] AbstractEntityPersister -  Delete (0): delete from rulings where id=?
[DEBUG] 2026-10-10 16:30:36.557 [main] create - Created new SQL alias : r1_0
[DEBUG] 2026-10-10 16:30:36.557 [main] create - Registration of TableGroup [org.hibernate.sql.ast.tree.from.OneToManyTableGroup@6c8f4bc7] with identifierForTableGroup [com.magMan.entity.Card.rulings] for NavigablePath [com.magMan.entity.Card.rulings] 
[DEBUG] 2026-10-10 16:30:36.557 [main] create - Registration of TableGroup [StandardTableGroup(com.magMan.entity.Card.rulings.{element})] with identifierForTableGroup [com.magMan.entity.Card.rulings.{element}] for NavigablePath [com.magMan.entity.Card.rulings.{element}] 
[DEBUG] 2026-10-10 16:30:36.558 [main] create - Registration of TableGroup [org.hibernate.sql.ast.tree.from.LazyTableGroup@7282af25] with identifierForTableGroup [com.magMan.entity.Card.rulings.{element}.card] for NavigablePath [com.magMan.entity.Card.rulings.{element}.card] 
[DEBUG] 2026-10-10 16:30:36.560 [main] AST - DomainResult Graph:
 \-CollectionDomainResult [com.magMan.entity.Card.rulings]

[DEBUG] 2026-10-10 16:30:36.560 [main] tree - SQL AST Tree:
    SelectStatement {
      FromClause {
        OneToManyTableGroup (r1 : com.magMan.entity.Card.rulings) {
          primaryTableReference : rulings as r1_0
          TableGroupJoins {
            left  join LazyTableGroup (c1 : com.magMan.entity.Card.rulings.{element}.card) {
            }
          }
        }
      }
    }

[DEBUG] 2026-10-10 16:30:36.560 [main] mutation - Static SQL for collection: com.magMan.entity.Card.rulings
[DEBUG] 2026-10-10 16:30:36.585 [main] JtaPlatformInitiator - No JtaPlatform was specified, checking resolver
[DEBUG] 2026-10-10 16:30:36.585 [main] JtaPlatformResolverInitiator - No JtaPlatformResolver was specified, using default [org.hibernate.engine.transaction.jta.platform.internal.StandardJtaPlatformResolver]
[DEBUG] 2026-10-10 16:30:36.588 [main] StandardJtaPlatformResolver - Could not resolve JtaPlatform, using default [org.hibernate.engine.transaction.jta.platform.internal.NoJtaPlatform]
[INFO ] 2026-10-10 16:30:36.588 [main] JtaPlatformInitiator - HHH000489: No JTA platform available (set 'hibernate.transaction.jta.platform' to enable JTA platform integration)
[DEBUG] 2026-10-10 16:30:36.589 [main] TypeConfiguration$Scope - Scoping TypeConfiguration [org.hibernate.type.spi.TypeConfiguration@25c53f74] to SessionFactoryImplementor [org.hibernate.internal.SessionFactoryImpl@edb83f8]
[DEBUG] 2026-10-10 16:30:36.590 [main] NamedObjectRepository - Checking 0 named HQL queries
[DEBUG] 2026-10-10 16:30:36.590 [main] NamedObjectRepository - Checking 0 named SQL queries
[DEBUG] 2026-10-10 16:30:36.590 [main] SchemaManagementToolCoordinator - No schema actions specified for contributor `orm`; doing nothing
[DEBUG] 2026-10-10 16:30:36.590 [main] SchemaManagementToolCoordinator - No actions found; doing nothing
[DEBUG] 2026-10-10 16:30:36.594 [main] SessionFactoryRegistry - Initializing SessionFactoryRegistry : org.hibernate.internal.SessionFactoryRegistry@41f964f9
[DEBUG] 2026-10-10 16:30:36.594 [main] SessionFactoryRegistry - Registering SessionFactory: d88224f2-8963-4982-83c7-a563bfbcfb46 (<unnamed>)
[DEBUG] 2026-10-10 16:30:36.594 [main] SessionFactoryRegistry - Not binding SessionFactory to JNDI, no JNDI name configured
[DEBUG] 2026-10-10 16:30:36.594 [main] SessionFactoryImpl - Instantiated SessionFactory
[DEBUG] 2026-10-10 16:30:36.791 [main] StatisticsInitiator - Statistics initialized [enabled=false]
[DEBUG] 2026-10-10 16:30:36.808 [main] exec - Skipping reading Query result cache data: cache-enabled = false, cache-mode = IGNORE
[DEBUG] 2026-10-10 16:30:36.823 [main] results - Initializer list:
	  com.magMan.entity.Card -> EntityResultInitializer(com.magMan.entity.Card)@1845922505 (SingleTableEntityPersister(com.magMan.entity.Card))
	  com.magMan.entity.Card.rulings -> BagInitializer(com.magMan.entity.Card.rulings)@3998546 (PluralAttribute(com.magMan.entity.Card.rulings))
	  com.magMan.entity.Card.rulings.{element} -> EntityJoinedFetchInitializer(com.magMan.entity.Card.rulings.{element})@181022659 (EntityCollectionPart(com.magMan.entity.Card.rulings#{element})@920603686)

[DEBUG] 2026-10-10 16:30:36.828 [main] SQL - select c1_0.id,c1_0.cardCmc,c1_0.cardName,c1_0.cardQuantity,c1_0.cardType,r1_0.card_id,r1_0.id,r1_0.ruling_date,r1_0.ruling_text from cards c1_0 left join rulings r1_0 on c1_0.id=r1_0.card_id where c1_0.id=?
[DEBUG] 2026-10-10 16:30:36.850 [main] results - Extracted JDBC value [6] - [null]
[DEBUG] 2026-10-10 16:30:36.850 [main] entity - (EntityJoinedFetchInitializer) EntityKey (com.magMan.entity.Card.rulings.{element}) is null
[DEBUG] 2026-10-10 16:30:36.850 [main] entity - (EntityResultInitializer) Hydrated EntityKey (com.magMan.entity.Card): 2
[DEBUG] 2026-10-10 16:30:36.850 [main] results - Extracted JDBC value [0] - [2]
[DEBUG] 2026-10-10 16:30:36.852 [main] collection - (BagInitializer) Current row collection key : com.magMan.entity.Card.rulings#2
[DEBUG] 2026-10-10 16:30:36.852 [main] results - Extracted JDBC value [5] - [null]
[DEBUG] 2026-10-10 16:30:36.854 [main] entity - (EntityResultInitializer) Created new entity instance [com.magMan.entity.Card#2] : 25187203
[DEBUG] 2026-10-10 16:30:36.858 [main] collection - (BagInitializer) Created new collection wrapper [com.magMan.entity.Card.rulings#2] : org.hibernate.collection.spi.PersistentBag@1704512171
[DEBUG] 2026-10-10 16:30:36.860 [main] collection - (BagInitializer) Responsible for loading collection [com.magMan.entity.Card.rulings#2] : org.hibernate.collection.spi.PersistentBag@1704512171
[DEBUG] 2026-10-10 16:30:36.861 [main] results - Extracted JDBC value [1] - [1]
[DEBUG] 2026-10-10 16:30:36.861 [main] results - Extracted JDBC value [2] - [Sol Ring]
[DEBUG] 2026-10-10 16:30:36.861 [main] results - Extracted JDBC value [3] - [20]
[DEBUG] 2026-10-10 16:30:36.861 [main] results - Extracted JDBC value [4] - [Artifact]
[DEBUG] 2026-10-10 16:30:36.865 [main] entity - (EntityResultInitializer) Done materializing entityInstance : com.magMan.entity.Card#2
[DEBUG] 2026-10-10 16:30:36.865 [main] loading - Calling top-level assembler (0 / 1) : org.hibernate.sql.results.graph.entity.internal.EntityAssembler@3ba3f40d
[DEBUG] 2026-10-10 16:30:36.867 [main] ResultsHelper - Collection fully initialized: [com.magMan.entity.Card.rulings#2]
[DEBUG] 2026-10-10 16:30:36.870 [main] LogicalConnectionManagedImpl - Initiating JDBC connection release from afterTransaction
[DEBUG] 2026-10-10 16:30:36.875 [main] exec - Skipping reading Query result cache data: cache-enabled = false, cache-mode = IGNORE
[DEBUG] 2026-10-10 16:30:36.876 [main] results - Initializer list:
	  com.magMan.entity.Card -> EntityResultInitializer(com.magMan.entity.Card)@1871084300 (SingleTableEntityPersister(com.magMan.entity.Card))
	  com.magMan.entity.Card.rulings -> BagInitializer(com.magMan.entity.Card.rulings)@1264243462 (PluralAttribute(com.magMan.entity.Card.rulings))
	  com.magMan.entity.Card.rulings.{element} -> EntityJoinedFetchInitializer(com.magMan.entity.Card.rulings.{element})@1421763091 (EntityCollectionPart(com.magMan.entity.Card.rulings#{element})@920603686)

[DEBUG] 2026-10-10 16:30:36.876 [main] SQL - select c1_0.id,c1_0.cardCmc,c1_0.cardName,c1_0.cardQuantity,c1_0.cardType,r1_0.card_id,r1_0.id,r1_0.ruling_date,r1_0.ruling_text from cards c1_0 left join rulings r1_0 on c1_0.id=r1_0.card_id where c1_0.id=?
[DEBUG] 2026-10-10 16:30:36.882 [main] results - Extracted JDBC value [6] - [2]
[DEBUG] 2026-10-10 16:30:36.883 [main] entity - (EntityJoinedFetchInitializer) Hydrated EntityKey (com.magMan.entity.Card.rulings.{element}): 2
[DEBUG] 2026-10-10 16:30:36.883 [main] entity - (EntityResultInitializer) Hydrated EntityKey (com.magMan.entity.Card): 5
[DEBUG] 2026-10-10 16:30:36.883 [main] results - Extracted JDBC value [0] - [5]
[DEBUG] 2026-10-10 16:30:36.883 [main] collection - (BagInitializer) Current row collection key : com.magMan.entity.Card.rulings#5
[DEBUG] 2026-10-10 16:30:36.883 [main] results - Extracted JDBC value [5] - [5]
[DEBUG] 2026-10-10 16:30:36.883 [main] entity - (EntityJoinedFetchInitializer) Created new entity instance [com.magMan.entity.Card.rulings.{element}#2] : 566710404
[DEBUG] 2026-10-10 16:30:36.884 [main] entity - (EntityResultInitializer) Created new entity instance [com.magMan.entity.Card#5] : 1985569416
[DEBUG] 2026-10-10 16:30:36.884 [main] collection - (BagInitializer) Created new collection wrapper [com.magMan.entity.Card.rulings#5] : org.hibernate.collection.spi.PersistentBag@1837195191
[DEBUG] 2026-10-10 16:30:36.885 [main] collection - (BagInitializer) Responsible for loading collection [com.magMan.entity.Card.rulings#5] : org.hibernate.collection.spi.PersistentBag@1837195191
[DEBUG] 2026-10-10 16:30:36.887 [main] results - Extracted JDBC value [7] - [2004-10-04]
[DEBUG] 2026-10-10 16:30:36.887 [main] results - Extracted JDBC value [8] - [Because the "search" requires you to find a card with certain characteristics, you don't have to find the card if you don't want to.]
[DEBUG] 2026-10-10 16:30:36.887 [main] entity - (EntityJoinedFetchInitializer) Done materializing entityInstance : com.magMan.entity.Card.rulings.{element}#2
[DEBUG] 2026-10-10 16:30:36.887 [main] collection - (BagInitializer) Reading element from row for collection [com.magMan.entity.Card.rulings#5] -> org.hibernate.collection.spi.PersistentBag@1837195191
[DEBUG] 2026-10-10 16:30:36.887 [main] results - Extracted JDBC value [1] - [3]
[DEBUG] 2026-10-10 16:30:36.888 [main] results - Extracted JDBC value [2] - [Tinker]
[DEBUG] 2026-10-10 16:30:36.888 [main] results - Extracted JDBC value [3] - [10]
[DEBUG] 2026-10-10 16:30:36.888 [main] results - Extracted JDBC value [4] - [Sorcery]
[DEBUG] 2026-10-10 16:30:36.888 [main] entity - (EntityResultInitializer) Done materializing entityInstance : com.magMan.entity.Card#5
[DEBUG] 2026-10-10 16:30:36.888 [main] loading - Calling top-level assembler (0 / 1) : org.hibernate.sql.results.graph.entity.internal.EntityAssembler@203765b2
[DEBUG] 2026-10-10 16:30:36.888 [main] ResultsHelper - Collection fully initialized: [com.magMan.entity.Card.rulings#5]
[DEBUG] 2026-10-10 16:30:36.888 [main] LogicalConnectionManagedImpl - Initiating JDBC connection release from afterTransaction
[DEBUG] 2026-10-10 16:30:36.890 [main] exec - Skipping reading Query result cache data: cache-enabled = false, cache-mode = IGNORE
[DEBUG] 2026-10-10 16:30:36.890 [main] results - Initializer list:
	  com.magMan.entity.Card -> EntityResultInitializer(com.magMan.entity.Card)@2114259937 (SingleTableEntityPersister(com.magMan.entity.Card))
	  com.magMan.entity.Card.rulings -> BagInitializer(com.magMan.entity.Card.rulings)@457684981 (PluralAttribute(com.magMan.entity.Card.rulings))
	  com.magMan.entity.Card.rulings.{element} -> EntityJoinedFetchInitializer(com.magMan.entity.Card.rulings.{element})@1349166616 (EntityCollectionPart(com.magMan.entity.Card.rulings#{element})@920603686)

[DEBUG] 2026-10-10 16:30:36.890 [main] SQL - select c1_0.id,c1_0.cardCmc,c1_0.cardName,c1_0.cardQuantity,c1_0.cardType,r1_0.card_id,r1_0.id,r1_0.ruling_date,r1_0.ruling_text from cards c1_0 left join rulings r1_0 on c1_0.id=r1_0.card_id where c1_0.id=?
[DEBUG] 2026-10-10 16:30:36.893 [main] results - Extracted JDBC value [6] - [null]
[DEBUG] 2026-10-10 16:30:36.893 [main] entity - (EntityJoinedFetchInitializer) EntityKey (com.magMan.entity.Card.rulings.{element}) is null
[DEBUG] 2026-10-10 16:30:36.893 [main] entity - (EntityResultInitializer) Hydrated EntityKey (com.magMan.entity.Card): 8
[DEBUG] 2026-10-10 16:30:36.893 [main] results - Extracted JDBC value [0] - [8]
[DEBUG] 2026-10-10 16:30:36.893 [main] collection - (BagInitializer) Current row collection key : com.magMan.entity.Card.rulings#8
[DEBUG] 2026-10-10 16:30:36.893 [main] results - Extracted JDBC value [5] - [null]
[DEBUG] 2026-10-10 16:30:36.893 [main] entity - (EntityResultInitializer) Created new entity instance [com.magMan.entity.Card#8] : 2116802022
[DEBUG] 2026-10-10 16:30:36.894 [main] collection - (BagInitializer) Created new collection wrapper [com.magMan.entity.Card.rulings#8] : org.hibernate.collection.spi.PersistentBag@1990268013
[DEBUG] 2026-10-10 16:30:36.894 [main] collection - (BagInitializer) Responsible for loading collection [com.magMan.entity.Card.rulings#8] : org.hibernate.collection.spi.PersistentBag@1990268013
[DEBUG] 2026-10-10 16:30:36.894 [main] results - Extracted JDBC value [1] - [0]
[DEBUG] 2026-10-10 16:30:36.894 [main] results - Extracted JDBC value [2] - [Welding Jar]
[DEBUG] 2026-10-10 16:30:36.894 [main] results - Extracted JDBC value [3] - [8]
[DEBUG] 2026-10-10 16:30:36.894 [main] results - Extracted JDBC value [4] - [Artifact]
[DEBUG] 2026-10-10 16:30:36.894 [main] entity - (EntityResultInitializer) Done materializing entityInstance : com.magMan.entity.Card#8
[DEBUG] 2026-10-10 16:30:36.894 [main] loading - Calling top-level assembler (0 / 1) : org.hibernate.sql.results.graph.entity.internal.EntityAssembler@6ef1c3f7
[DEBUG] 2026-10-10 16:30:36.894 [main] ResultsHelper - Collection fully initialized: [com.magMan.entity.Card.rulings#8]
[DEBUG] 2026-10-10 16:30:36.894 [main] LogicalConnectionManagedImpl - Initiating JDBC connection release from afterTransaction
[DEBUG] 2026-10-10 16:30:37.012 [main] create - Created new SQL alias : c1_0
[DEBUG] 2026-10-10 16:30:37.012 [main] create - Registration of TableGroup [StandardTableGroup(com.magMan.entity.Card(7309215186113))] with identifierForTableGroup [com.magMan.entity.Card] for NavigablePath [com.magMan.entity.Card] 
[DEBUG] 2026-10-10 16:30:37.022 [main] BaseSqmToSqlAstConverter - Determining mapping-model type for SqmParameter : org.hibernate.query.sqm.tree.expression.SqmJpaCriteriaParameterWrapper@7c4d1c7b
[DEBUG] 2026-10-10 16:30:37.022 [main] BaseSqmToSqlAstConverter - Determining mapping-model type for SqmPath : SqmBasicValuedSimplePath(com.magMan.entity.Card(7309215186113).cardName) 
[DEBUG] 2026-10-10 16:30:37.025 [main] AST - DomainResult Graph:
 \-EntityResultImpl [com.magMan.entity.Card(7309215186113)]
 |  +-BasicFetch [com.magMan.entity.Card(7309215186113).cardCmc]
 |  +-BasicFetch [com.magMan.entity.Card(7309215186113).cardName]
 |  +-BasicFetch [com.magMan.entity.Card(7309215186113).cardQuantity]
 |  +-BasicFetch [com.magMan.entity.Card(7309215186113).cardType]
 |  \-SelectEagerCollectionFetch [com.magMan.entity.Card(7309215186113).rulings]

[DEBUG] 2026-10-10 16:30:37.025 [main] tree - SQL AST Tree:
    SelectStatement {
      FromClause {
        StandardTableGroup (c1 : com.magMan.entity.Card(7309215186113)) {
          primaryTableReference : cards as c1_0
        }
      }
    }

[DEBUG] 2026-10-10 16:30:37.027 [main] exec - Skipping reading Query result cache data: cache-enabled = false, cache-mode = NORMAL
[DEBUG] 2026-10-10 16:30:37.029 [main] results - Initializer list:
	  com.magMan.entity.Card(7309215186113).rulings -> SelectEagerCollectionInitializer(com.magMan.entity.Card(7309215186113).rulings)@243801670 (PluralAttribute(com.magMan.entity.Card.rulings))
	  com.magMan.entity.Card(7309215186113) -> EntityResultInitializer(com.magMan.entity.Card(7309215186113))@6650683 (SingleTableEntityPersister(com.magMan.entity.Card))

[DEBUG] 2026-10-10 16:30:37.029 [main] SQL - select c1_0.id,c1_0.cardCmc,c1_0.cardName,c1_0.cardQuantity,c1_0.cardType from cards c1_0 where c1_0.cardName like replace(?,'\\','\\\\')
[DEBUG] 2026-10-10 16:30:37.034 [main] results - Extracted JDBC value [0] - [2]
[DEBUG] 2026-10-10 16:30:37.034 [main] entity - (EntityResultInitializer) Hydrated EntityKey (com.magMan.entity.Card(7309215186113)): 2
[DEBUG] 2026-10-10 16:30:37.035 [main] collection - (SelectEagerCollectionInitializer) Current row collection key : com.magMan.entity.Card(7309215186113).rulings#2
[DEBUG] 2026-10-10 16:30:37.035 [main] entity - (EntityResultInitializer) Created new entity instance [com.magMan.entity.Card(7309215186113)#2] : 850465441
[DEBUG] 2026-10-10 16:30:37.035 [main] results - Extracted JDBC value [1] - [1]
[DEBUG] 2026-10-10 16:30:37.035 [main] results - Extracted JDBC value [2] - [Sol Ring]
[DEBUG] 2026-10-10 16:30:37.035 [main] results - Extracted JDBC value [3] - [20]
[DEBUG] 2026-10-10 16:30:37.035 [main] results - Extracted JDBC value [4] - [Artifact]
[DEBUG] 2026-10-10 16:30:37.035 [main] entity - (EntityResultInitializer) Done materializing entityInstance : com.magMan.entity.Card(7309215186113)#2
[DEBUG] 2026-10-10 16:30:37.036 [main] loading - Calling top-level assembler (0 / 1) : org.hibernate.sql.results.graph.entity.internal.EntityAssembler@6c27e700
[DEBUG] 2026-10-10 16:30:37.036 [main] results - Extracted JDBC value [0] - [5]
[DEBUG] 2026-10-10 16:30:37.036 [main] entity - (EntityResultInitializer) Hydrated EntityKey (com.magMan.entity.Card(7309215186113)): 5
[DEBUG] 2026-10-10 16:30:37.036 [main] collection - (SelectEagerCollectionInitializer) Current row collection key : com.magMan.entity.Card(7309215186113).rulings#5
[DEBUG] 2026-10-10 16:30:37.036 [main] entity - (EntityResultInitializer) Created new entity instance [com.magMan.entity.Card(7309215186113)#5] : 1455019071
[DEBUG] 2026-10-10 16:30:37.036 [main] results - Extracted JDBC value [1] - [3]
[DEBUG] 2026-10-10 16:30:37.036 [main] results - Extracted JDBC value [2] - [Tinker]
[DEBUG] 2026-10-10 16:30:37.036 [main] results - Extracted JDBC value [3] - [10]
[DEBUG] 2026-10-10 16:30:37.036 [main] results - Extracted JDBC value [4] - [Sorcery]
[DEBUG] 2026-10-10 16:30:37.036 [main] entity - (EntityResultInitializer) Done materializing entityInstance : com.magMan.entity.Card(7309215186113)#5
[DEBUG] 2026-10-10 16:30:37.036 [main] loading - Calling top-level assembler (0 / 1) : org.hibernate.sql.results.graph.entity.internal.EntityAssembler@6c27e700
[DEBUG] 2026-10-10 16:30:37.036 [main] results - Extracted JDBC value [0] - [8]
[DEBUG] 2026-10-10 16:30:37.036 [main] entity - (EntityResultInitializer) Hydrated EntityKey (com.magMan.entity.Card(7309215186113)): 8
[DEBUG] 2026-10-10 16:30:37.036 [main] collection - (SelectEagerCollectionInitializer) Current row collection key : com.magMan.entity.Card(7309215186113).rulings#8
[DEBUG] 2026-10-10 16:30:37.036 [main] entity - (EntityResultInitializer) Created new entity instance [com.magMan.entity.Card(7309215186113)#8] : 303354428
[DEBUG] 2026-10-10 16:30:37.037 [main] results - Extracted JDBC value [1] - [0]
[DEBUG] 2026-10-10 16:30:37.037 [main] results - Extracted JDBC value [2] - [Welding Jar]
[DEBUG] 2026-10-10 16:30:37.037 [main] results - Extracted JDBC value [3] - [8]
[DEBUG] 2026-10-10 16:30:37.037 [main] results - Extracted JDBC value [4] - [Artifact]
[DEBUG] 2026-10-10 16:30:37.037 [main] entity - (EntityResultInitializer) Done materializing entityInstance : com.magMan.entity.Card(7309215186113)#8
[DEBUG] 2026-10-10 16:30:37.037 [main] loading - Calling top-level assembler (0 / 1) : org.hibernate.sql.results.graph.entity.internal.EntityAssembler@6c27e700
[DEBUG] 2026-10-10 16:30:37.039 [main] exec - Skipping reading Query result cache data: cache-enabled = false, cache-mode = IGNORE
[DEBUG] 2026-10-10 16:30:37.044 [main] results - Initializer list:
	  com.magMan.entity.Card.rulings.{element}.card -> EntitySelectFetchInitializer(com.magMan.entity.Card.rulings.{element}.card)@493844439 (ToOneAttributeMapping(NavigableRole[com.magMan.entity.Ruling.card])@1709580464)
	  com.magMan.entity.Card.rulings.{element} -> EntityJoinedFetchInitializer(com.magMan.entity.Card.rulings.{element})@1958310934 (EntityCollectionPart(com.magMan.entity.Card.rulings#{element})@920603686)
	  com.magMan.entity.Card.rulings -> BagInitializer(com.magMan.entity.Card.rulings)@1953529336 (PluralAttribute(com.magMan.entity.Card.rulings))

[DEBUG] 2026-10-10 16:30:37.044 [main] SQL - select r1_0.card_id,r1_0.id,r1_0.ruling_date,r1_0.ruling_text from rulings r1_0 where r1_0.card_id=?
[DEBUG] 2026-10-10 16:30:37.046 [main] ResultsHelper - Collection fully initialized: [com.magMan.entity.Card.rulings#8]
[DEBUG] 2026-10-10 16:30:37.046 [main] LogicalConnectionManagedImpl - Initiating JDBC connection release from afterTransaction
[DEBUG] 2026-10-10 16:30:37.047 [main] exec - Skipping reading Query result cache data: cache-enabled = false, cache-mode = IGNORE
[DEBUG] 2026-10-10 16:30:37.048 [main] results - Initializer list:
	  com.magMan.entity.Card.rulings.{element}.card -> EntitySelectFetchInitializer(com.magMan.entity.Card.rulings.{element}.card)@1457005276 (ToOneAttributeMapping(NavigableRole[com.magMan.entity.Ruling.card])@1709580464)
	  com.magMan.entity.Card.rulings.{element} -> EntityJoinedFetchInitializer(com.magMan.entity.Card.rulings.{element})@716724378 (EntityCollectionPart(com.magMan.entity.Card.rulings#{element})@920603686)
	  com.magMan.entity.Card.rulings -> BagInitializer(com.magMan.entity.Card.rulings)@565658860 (PluralAttribute(com.magMan.entity.Card.rulings))

[DEBUG] 2026-10-10 16:30:37.048 [main] SQL - select r1_0.card_id,r1_0.id,r1_0.ruling_date,r1_0.ruling_text from rulings r1_0 where r1_0.card_id=?
[DEBUG] 2026-10-10 16:30:37.049 [main] results - Extracted JDBC value [1] - [2]
[DEBUG] 2026-10-10 16:30:37.049 [main] entity - (EntityJoinedFetchInitializer) Hydrated EntityKey (com.magMan.entity.Card.rulings.{element}): 2
[DEBUG] 2026-10-10 16:30:37.049 [main] results - Extracted JDBC value [0] - [5]
[DEBUG] 2026-10-10 16:30:37.049 [main] collection - (BagInitializer) Current row collection key : com.magMan.entity.Card.rulings#5
[DEBUG] 2026-10-10 16:30:37.049 [main] results - Extracted JDBC value [0] - [5]
[DEBUG] 2026-10-10 16:30:37.050 [main] entity - (EntityJoinedFetchInitializer) Created new entity instance [com.magMan.entity.Card.rulings.{element}#2] : 2137741298
[DEBUG] 2026-10-10 16:30:37.050 [main] results - Extracted JDBC value [0] - [5]
[DEBUG] 2026-10-10 16:30:37.050 [main] entity - (EntitySelectFetchInitializer) Found existing loading entry [com.magMan.entity.Card.rulings.{element}.card#5] - using loading instance
[DEBUG] 2026-10-10 16:30:37.050 [main] collection - (BagInitializer) Responsible for loading collection [com.magMan.entity.Card.rulings#5] : org.hibernate.collection.spi.PersistentBag@764490006
[DEBUG] 2026-10-10 16:30:37.050 [main] results - Extracted JDBC value [2] - [2004-10-04]
[DEBUG] 2026-10-10 16:30:37.050 [main] results - Extracted JDBC value [3] - [Because the "search" requires you to find a card with certain characteristics, you don't have to find the card if you don't want to.]
[DEBUG] 2026-10-10 16:30:37.050 [main] entity - (EntityJoinedFetchInitializer) Done materializing entityInstance : com.magMan.entity.Card.rulings.{element}#2
[DEBUG] 2026-10-10 16:30:37.050 [main] collection - (BagInitializer) Reading element from row for collection [com.magMan.entity.Card.rulings#5] -> org.hibernate.collection.spi.PersistentBag@764490006
[DEBUG] 2026-10-10 16:30:37.050 [main] loading - Calling top-level assembler (0 / 1) : org.hibernate.sql.results.graph.collection.internal.EagerCollectionAssembler@144ee8a7
[DEBUG] 2026-10-10 16:30:37.050 [main] ResultsHelper - Collection fully initialized: [com.magMan.entity.Card.rulings#5]
[DEBUG] 2026-10-10 16:30:37.050 [main] LogicalConnectionManagedImpl - Initiating JDBC connection release from afterTransaction
[DEBUG] 2026-10-10 16:30:37.051 [main] exec - Skipping reading Query result cache data: cache-enabled = false, cache-mode = IGNORE
[DEBUG] 2026-10-10 16:30:37.052 [main] results - Initializer list:
	  com.magMan.entity.Card.rulings.{element}.card -> EntitySelectFetchInitializer(com.magMan.entity.Card.rulings.{element}.card)@1387473776 (ToOneAttributeMapping(NavigableRole[com.magMan.entity.Ruling.card])@1709580464)
	  com.magMan.entity.Card.rulings.{element} -> EntityJoinedFetchInitializer(com.magMan.entity.Card.rulings.{element})@415768786 (EntityCollectionPart(com.magMan.entity.Card.rulings#{element})@920603686)
	  com.magMan.entity.Card.rulings -> BagInitializer(com.magMan.entity.Card.rulings)@1027158270 (PluralAttribute(com.magMan.entity.Card.rulings))

[DEBUG] 2026-10-10 16:30:37.052 [main] SQL - select r1_0.card_id,r1_0.id,r1_0.ruling_date,r1_0.ruling_text from rulings r1_0 where r1_0.card_id=?
[DEBUG] 2026-10-10 16:30:37.053 [main] ResultsHelper - Collection fully initialized: [com.magMan.entity.Card.rulings#2]
[DEBUG] 2026-10-10 16:30:37.053 [main] LogicalConnectionManagedImpl - Initiating JDBC connection release from afterTransaction
[DEBUG] 2026-10-10 16:30:37.054 [main] LogicalConnectionManagedImpl - Initiating JDBC connection release from afterTransaction
[DEBUG] 2026-10-10 16:30:37.054 [main] LogicalConnectionManagedImpl - Initiating JDBC connection release from afterTransaction
